id,source,title,date,relevant,market_impact,overall_score,impacted_sectors,impacted_tickers,reason,analyzed_at
20260704SS001,Sharesansar,"NEPSE Index Dips By 8.30 Points to Close at 2,653.40 Levels; Finance Index Gains the Highest Among Other Indices","Friday, July 3, 2026",true,bearish,-0.3,"Finance (+0.60), Banking (-0.40), Hydropower (+0.00)",UPPER (-0.20),"The market closed lower as the index fell 0.31%, with finance sector strength offset by weakness in banking and volatile hydropower stock.",2026-07-04 15:03:45
20260704SS002,Sharesansar,Citizens Mutual Fund 2 Delisted From NEPSE; Fund to Be Matured From Ashad 21,"Friday, July 3, 2026",true,neutral,-0.1,Mutual Fund (-0.20),,The delisting of Citizens Mutual Fund 2 is a niche event with minimal overall market effect.,2026-07-04 15:03:51
20260704SS003,Sharesansar,Constitutional Council to Meet Today to Discuss Filling Empty Government Posts,"Friday, July 3, 2026",true,neutral,0.0,,,The meeting to fill vacant government posts is unlikely to have an immediate material effect on market sectors or stocks.,2026-07-04 15:03:55
20260704SS004,Sharesansar,Nepal Health Insurance Board Pays Rs 23.44 Billion to Hospitals; Services Set to Resume,"Friday, July 3, 2026",true,bullish,0.2,"Insurance (+0.30), Others (+0.10)","ALICL (+0.20), GILC (+0.20), NLIC (+0.20), SIC (+0.20)",The settlement of large health insurance claims is viewed as a modestly bullish development for the insurance sector.,2026-07-04 15:04:07
20260704SS005,Sharesansar,Nepal Government to Fine Petrol Pumps Up to Rs 10 Lakh for Creating Artificial Fuel Shortages,"Friday, July 3, 2026",true,bearish,-0.3,"Manufacturing and Processing (-0.30), Trading (-0.20), Hotels and Tourism (-0.10)",,"New penalties on petrol pumps may raise fuel costs and cause short‑term supply constraints, exerting bearish pressure on cost‑sensitive sectors.",2026-07-04 15:04:15
20260704SS006,Sharesansar,Nepali Life Expectancy Hits 71.3 Years as Literacy Climbs to 76.2%,"Friday, July 3, 2026",true,bullish,0.2,"Banking (+0.30), Insurance (+0.40), Microfinance (+0.20), Manufacturing and Processing (+0.10), Hotels and Tourism (+0.10)","NABIL (+0.30), KBL (+0.30), NLIC (+0.40), ALICL (+0.40), CBBL (+0.20), BNL (+0.10)","Improving life expectancy and literacy signal a growing consumer base, modestly favouring banks, insurers and related service sectors.",2026-07-04 15:04:27
20260704SS007,Sharesansar,Nepal Bank Joins NEPALPAY Card Network to Strengthen Digital Payment Services,"Friday, July 3, 2026",true,bullish,0.4,"Banking (+0.50), Finance (+0.20)",NABIL (+0.60),"The partnership strengthens Nepal Bank's digital payment capabilities, generating a moderately bullish sentiment for the banking sector.",2026-07-04 15:04:33
20260704SS008,Sharesansar,Muktinath Bikas Bank Expands CSR Support for Students Through Educational Aid Across Nepal,"Friday, July 3, 2026",true,neutral,0.1,Development Bank (+0.20),,The CSR program improves community perception but has limited immediate financial impact on the market.,2026-07-04 15:04:40
20260704SS009,Sharesansar,Garima Bikas Bank Wins Silver Award at ICAN Best Presented Annual Report Award 2025,"Friday, July 3, 2026",true,bullish,0.3,Development Bank (+0.30),GBBL (+0.40),"The award enhances Garima Bikas Bank's reputation and lifts sentiment for development banks, leading to a modest bullish impact.",2026-07-04 15:04:46
20260704SS010,Sharesansar,Sanima Bank Conducts Health Camps and Nutrition Support for Pregnant and Postpartum Women Nationwide,"Friday, July 3, 2026",true,neutral,0.1,Banking (+0.20),SANIMA (+0.30),CSR activity by Sanima Bank yields a mildly positive market sentiment but little immediate financial impact,2026-07-04 15:04:51
20260712SS001,Sharesansar,"Bhanu Literary Park Construction Gains Momentum, Rs. 240 Million Allocated for First Phase","Sunday, July 12, 2026",true,bullish,0.3,"Hotels and Tourism (+0.40), Others (+0.10)","OHL (+0.40), SHL (+0.30), TRH (+0.40), TRHM (+0.40), YETI (+0.30)","The new literary park, funded by the government, is likely to attract visitors and stimulate the tourism and hospitality sector.",2026-07-12 05:08:18
20260712SS002,Sharesansar,100% Right Shares of Buddha Bhumi Nepal Hydropower Company Limited Listed on NEPSE,"Friday, July 10, 2026",true,bearish,-0.3,Hydropower (-0.30),BNHC (-0.30),"The right share listing for BNHC introduces dilution risk, leading to a mildly bearish outlook for the hydropower sector.",2026-07-12 05:08:25
20260712SS003,Sharesansar,Lawmakers Push For Transparent Inquiry Into Ganesh Nepali's Death,"Friday, July 10, 2026",false,neutral,0.0,,,"The news is unrelated to financial markets, so it has no material impact.",2026-07-12 05:08:29
20260712SS004,Sharesansar,NEPSE Index Settles Near 2600 Level On the Last Trading Day of this Week,"Friday, July 10, 2026",true,bearish,-0.2,"Trading (+0.30), Development Bank (-0.30), Hydropower (-0.40)","ANLB (+0.50), BGWT (-0.80), NBLD87 (+0.20)","The market edged lower with the index slipping 0.04%, driven by weak performance in development banks and hydropower despite modest gains in trading.",2026-07-12 05:08:38
20260712SS005,Sharesansar,Sun Securities Conducts Orientation Program on Nepal's Capital Market for IIDS Trainees,"Friday, July 10, 2026",true,neutral,0.0,"Trading (+0.10), Investment (+0.05)",,The orientation program raises market awareness but has minimal immediate effect on prices.,2026-07-12 05:08:42
20260712SS006,Sharesansar,Minister Chaudhary Urges Expansion of Youth Employment and Volunteer Programs,"Friday, July 10, 2026",false,neutral,0.0,,,The announcement has minimal immediate impact on listed sectors and stocks.,2026-07-12 05:08:45
20260712SS007,Sharesansar,Xiaomi Unveils Everest Expedition Video Shot on Xiaomi 17 Ultra Filmed by Gelje Sherpa,"Friday, July 10, 2026",false,neutral,0.0,,,The Xiaomi expedition video has no direct relevance to Nepal's financial markets or listed companies.,2026-07-12 05:08:48
20260712SS008,Sharesansar,"Ganesh Nepali, Man Who Attempted Self Immolation in Kathmandu, Passes Away","Friday, July 10, 2026",false,neutral,0.0,,,"The incident is unrelated to economic or corporate matters, so it has no impact on the Nepal stock market.",2026-07-12 05:08:51
20260712SS009,Sharesansar,MetLife Nepal Earns Great Place To Work Certification for Second Consecutive Year,"Friday, July 10, 2026",true,neutral,0.1,Insurance (+0.20),"NLIC (+0.10), NLG (+0.10), LICN (+0.10)","The certification signals a positive workplace culture in the insurance sector, yielding a mildly bullish but overall neutral market impact.",2026-07-12 05:08:59
20260712SS010,Sharesansar,Nepal Rastra Bank to Collect 60 Billion From Bank and Financial Institution Today,"Friday, July 10, 2026",true,bearish,-0.35,"Banking (-0.50), Development Bank (-0.40), Finance (-0.30), Microfinance (-0.30), Insurance (-0.20)","NABIL (-0.50), KBL (-0.50), EBL (-0.45), SANIMA (-0.40), SCB (-0.40), CORBL (-0.35), BFC (-0.30), CBBL (-0.30), ALICL (-0.20)","NRB's large-scale short‑term deposit collection tightens liquidity, raising funding costs and weighing on financial sector earnings.",2026-07-12 05:09:05
20260712SS001,Sharesansar,Kamana Sewa Bikas Bank Donates Water Purifier and Tank to School Under CSR,"Sunday, July 12, 2026",true,neutral,0.1,Development Bank (+0.10),,The CSR donation by Kamana Sewa Bikas Bank offers positive publicity but is unlikely to affect market direction,2026-07-12 06:46:21
20260712SS002,Sharesansar,Mahalaxmi Bikas Bank Launches Nepal’s First Digital Hub with Coffee Lounge,"Sunday, July 12, 2026",true,bullish,0.3,"Development Bank (+0.50), Banking (+0.20)",,"The launch of Nepal’s first digital hub by Mahalaxmi Bikas Bank signals growing digital banking adoption, giving a modest bullish lift to development banks and the broader banking sector.",2026-07-12 06:46:27
20260712SS003,Sharesansar,"Minting Multi-Millionaire Investors: Nabil Bank Celebrates 42 Years of Turning Rs 6,000 into Over 25 Million","Sunday, July 12, 2026",true,bullish,0.5,"Banking (+0.60), Development Bank (+0.30), Finance (+0.20)","NABIL (+0.90), KBL (+0.30), SANIMA (+0.20), SCB (+0.20)","Nabil Bank's historic dividend performance and growth narrative generate bullish sentiment, especially for the banking sector and its peers.",2026-07-12 06:46:32
20260712SS004,Sharesansar,Rastriya Banijya Bank Warns Customers Against KYC and OTP Fraud Scams,"Sunday, July 12, 2026",true,bearish,-0.3,"Banking (-0.40), Finance (-0.10)","NABIL (-0.20), KBL (-0.20), EBL (-0.15), SCB (-0.15)","The fraud warning could dent confidence in the banking sector, leading to modest bearish pressure.",2026-07-12 06:46:38
20260712SS005,Sharesansar,"Nepal Chamber of Commerce and Bennett University Sign MoU to Boost Entrepreneurship, Innovation, and Skill Development","Sunday, July 12, 2026",true,bullish,0.22,"Investment (+0.30), Manufacturing and Processing (+0.20), Others (+0.15)","NABIL (+0.20), EBL (+0.20), BFC (+0.15)","The entrepreneurship MoU is expected to modestly boost investment and future industrial activity, creating a slightly bullish sentiment.",2026-07-12 06:46:43
20260712SS006,Sharesansar,"SEBON Approved Siddhartha Capital’s Mutual Fund Scheme ; ""Siddhartha Systematic Investment Plan"" To Issue 22 Crore Mutual Fund Units","Sunday, July 12, 2026",true,bullish,0.3,"Investment (+0.50), Banking (+0.20)",,SEBON's approval of Siddhartha Capital's mutual fund scheme is expected to boost the investment sector and benefit Siddhartha Bank modestly.,2026-07-12 06:46:49
20260712SS007,Sharesansar,Ministry of Finance Invites Applications for CEO Position at Deposit and Credit Guarantee Fund,"Sunday, July 12, 2026",true,neutral,0.0,"Finance (+0.00), Banking (+0.00)",,The CEO vacancy announcement for the Deposit and Credit Guarantee Fund is unlikely to move the market.,2026-07-12 06:46:56
20260712SS008,Sharesansar,Gold Sees Upward Movement Today; Check Today's Trading Rate,"Sunday, July 12, 2026",true,neutral,0.0,"Manufacturing and Processing (-0.10), Trading (+0.10)",,Gold price rise offers limited bullish sentiment with minimal overall impact on the Nepali stock market.,2026-07-12 06:47:00
20260712SS009,Sharesansar,"Jetour T2 i-DM Records 1,000+ Bookings in Pakistan Within Days","Sunday, July 12, 2026",false,neutral,0.0,,,"The Jetour bookings news pertains to Pakistan and does not involve Nepal‑listed companies, so it has no impact on the NEPSE market.",2026-07-12 06:47:03
20260713SS001,Sharesansar,Electrical Short Circuit Sparks Fatal Fire at Thailand Pub; 27 Dead and 63 Injured,"Monday, July 13, 2026",false,neutral,0.0,,,The Thailand pub fire has no direct relevance to Nepal's market or listed sectors and tickers.,2026-07-13 07:37:31
20260713SS002,Sharesansar,"Healthy Home Marks 21-Year Journey, Announces Future Growth and Innovation","Monday, July 13, 2026",false,neutral,0.0,,,The announcement concerns a private wellness center and does not affect listed sectors or stocks on NEPSE.,2026-07-13 07:37:36
20260713SS003,Sharesansar,Sanskriti International School Partners with Community School to Offer Free FAB Lab Education,"Monday, July 13, 2026",false,neutral,0.0,,,The school partnership and free FAB Lab education have no direct financial implications for Nepal's listed companies or market sectors.,2026-07-13 07:37:40
20260713SS004,Sharesansar,Muktinath Bikas Bank Supports Health and Community Welfare Through CSR Initiative,"Monday, July 13, 2026",true,neutral,0.1,"Development Bank (+0.20), Banking (+0.05)",MNBBL (+0.30),"CSR effort by MNBBL is seen as a modestly positive signal for the development‑bank sector, with little broader market effect.",2026-07-13 07:37:49
20260713SS005,Sharesansar,"Kajaria Ramesh Tiles Opens Exclusive Showroom in Morang, Expands Retail Network","Monday, July 13, 2026",true,neutral,0.1,Manufacturing and Processing (+0.20),,The showroom opening gives modest optimism to the manufacturing sector but does not materially affect listed stocks.,2026-07-13 07:38:00
20260713SS006,Sharesansar,"Nepal Hearing and Speech Clinic Marks 15 Years of Service, Completes 40,000+ Hearing Tests","Monday, July 13, 2026",false,neutral,0.0,,,The news concerns a hearing clinic and has no direct impact on listed Nepal stock market sectors.,2026-07-13 07:38:06
20260713SS007,Sharesansar,"Janata Agro Moves Closer to IPO, Appoints Siddhartha Capital as Issue Manager","Monday, July 13, 2026",true,neutral,0.15,"Manufacturing and Processing (+0.20), Others (+0.10)",,The upcoming Janata Agro IPO adds modest positive sentiment but has limited immediate effect on listed stocks.,2026-07-13 07:38:17
20260713SS008,Sharesansar,Department of Passport Launches New System After Major Data Migration,"Monday, July 13, 2026",false,neutral,0.0,,,The passport system upgrade does not have a direct impact on the Nepali stock market.,2026-07-13 07:38:20
20260713SS009,Sharesansar,Hyundai Nepal Concludes Inaugural Next Gen Cup to Promote Grassroots Football,"Monday, July 13, 2026",false,neutral,0.0,,,The Hyundai Nepal football event does not affect listed Nepali market sectors or stocks.,2026-07-13 07:38:23
20260713SS010,Sharesansar,Daraz Nepal Launches ‘Fast Delivery’ Service for Faster Nationwide Shipping,"Monday, July 13, 2026",true,bullish,0.3,"Trading (+0.40), Manufacturing and Processing (+0.20)",,The launch of fast delivery is viewed as a bullish development for the e‑commerce and related retail ecosystem.,2026-07-13 07:38:35
20260714SS001,Sharesansar,Rastriya Banijya Bank Signs Banking Agreement with Karnali Provincial Hospital,"Tuesday, July 14, 2026",true,bullish,0.25,Banking (+0.30),,"The hospital partnership is expected to modestly boost banking activity, giving a mild bullish tilt.",2026-07-14 06:24:57
20260714SS002,Sharesansar,MetLife Nepal Partners with Tribhuvan University to Support Actuarial Education,"Tuesday, July 14, 2026",true,bullish,0.2,"Insurance (+0.30), Life Insurance (+0.20), Non-Life Insurance (+0.20)","ALICL (+0.25), GILC (+0.25), HGI (+0.25), LICN (+0.20), NLIC (+0.20)","The partnership strengthens actuarial talent development, offering a modest bullish boost to insurance‑related stocks.",2026-07-14 06:25:07
20260714SS003,Sharesansar,Frustrated Share Investors Protest Outside SEBON Office Demanding Policy Action,"Tuesday, July 14, 2026",true,bearish,-0.6,"Banking (-0.50), Development Bank (-0.50), Finance (-0.50), Microfinance (-0.50), Insurance (-0.40), Hydropower (-0.40), Manufacturing and Processing (-0.50), Hotels and Tourism (-0.50), Trading (-0.60), Investment (-0.60), Mutual Fund (-0.70), Others (-0.40)","NABIL (-0.50), KBL (-0.50), NMB (-0.50), CORBL (-0.50), BFC (-0.50), CBBL (-0.50), ALICL (-0.40), NHPC (-0.40), BNL (-0.50), OHL (-0.50), SCB (-0.60), MUTUAL (-0.70)",Investor protest amid a steep market decline signals worsening sentiment and likely further short‑term bearish pressure.,2026-07-14 06:25:31
20260714SS004,Sharesansar,Gold Price Falls Moderately; Check Today's Updated Rate,"Tuesday, July 14, 2026",true,bullish,0.2,Banking (+0.20),,"Gold price fell moderately, reducing safe‑haven demand and slightly boosting equity sentiment.",2026-07-14 06:25:38
20260714SS005,Sharesansar,Nepal Rasta Bank to Issue Bonds Worth of Rs. 15 Billion with 1 Year Maturity Period,"Tuesday, July 14, 2026",true,neutral,0.2,"Banking (+0.30), Finance (+0.20), Development Bank (+0.10), Microfinance (+0.10)","NABIL (+0.30), EBL (+0.30), KBL (+0.20), NMB (+0.20), BFC (+0.20)","The issuance of NRB bonds provides a new short‑term investment and collateral tool for banks and financial institutions, resulting in a neutral‑to‑slightly bullish outlook.",2026-07-14 06:25:53
20260714SS006,Sharesansar,"eSewa Expands Digital Health Insurance with Coverage Up to Rs 600,000","Tuesday, July 14, 2026",true,bullish,0.2,"Insurance (+0.40), Finance (+0.10)","ALICL (+0.30), GILC (+0.30), HGI (+0.30), LICN (+0.30), NLIC (+0.30), NLG (+0.30), PLI (+0.30), PMLI (+0.30), PRIC (+0.30), RBCL (+0.30), SALICL (+0.30), SGIC (+0.30), SIC (+0.30), SLICL (+0.30)","The eSewa‑Shikhar Insurance digital health policy broadens insurance distribution, giving a modest bullish boost to the insurance sector and related stocks.",2026-07-14 06:26:13
20260714SS007,Sharesansar,Samsung Launches Galaxy A27 5G in Nepal with AI Features and 24-Month EMI,"Tuesday, July 14, 2026",true,bullish,0.1,"Trading (+0.20), Banking (+0.10)",NABIL (+0.10),The new Samsung phone and attractive financing are likely to slightly lift retail sales and related loan activity.,2026-07-14 06:26:22
20260714SS008,Sharesansar,Shangrila Development Bank Supports Free Cataract Surgeries for Nine in Darchula,"Tuesday, July 14, 2026",true,neutral,0.1,Development Bank (+0.10),SADBL (+0.10),CSR activity by SADBL slightly improves sentiment but has limited financial impact,2026-07-14 06:26:27
20260714SS009,Sharesansar,"Macroeconomic Summary of First 11 Months: Inflation at 5.22 %, Remittances Rises by 38.2%, Foreign Currency Enough to Cover 19.1 Months Import","Tuesday, July 14, 2026",true,bullish,0.3,"Banking (+0.40), Development Bank (+0.30), Microfinance (+0.30), Finance (+0.20), Insurance (+0.20), Hydropower (+0.10), Manufacturing and Processing (+0.10), Trading (+0.00)","NABIL (+0.40), EBL (+0.40), CORBL (+0.30), CBBL (+0.30), BFC (+0.20), ALICL (+0.20), NHPC (+0.10), GCIL (+0.10)","Strong remittance growth and ample foreign reserves offset moderate inflation, giving a mildly bullish outlook.",2026-07-14 06:26:49
20260714SS010,Sharesansar,Chitwan Administration Urges Public to Avoid Non-Essential Travel Amid Heavy Rain,"Tuesday, July 14, 2026",true,bearish,-0.2,"Hotels and Tourism (-0.50), Hydropower (+0.10), Manufacturing and Processing (+0.00)","OHL (-0.50), SHL (-0.40), TRH (-0.30), TRHM (-0.30), YETI (-0.30), NHPC (+0.20), GVL (+0.10)","Heavy rains and travel warnings in Chitwan pressure hotels and tourism while slightly aiding hydropower, resulting in a modestly bearish market outlook.",2026-07-14 06:27:01
20260715SS001,Sharesansar,New Motorable Bridge Over Thini Rivulet Boosts Connectivity in Mustang,"Wednesday, July 15, 2026",true,bullish,0.2,Hotels and Tourism (+0.30),"OHL (+0.30), SHL (+0.30), TRH (+0.30), TRHM (+0.30), YETI (+0.30)","Infrastructure upgrade enhances connectivity, positively affecting tourism-related stocks",2026-07-15 06:28:36
20260715SS002,Sharesansar,"SEBON Unveils Capital Market Development Blueprint 2083, Sets Vision for a Modern and Globally Competitive Market","Wednesday, July 15, 2026",true,bullish,0.45,"Hydropower (+0.50), Manufacturing (+0.40), Banking (+0.30), Finance (+0.30), Mutual Fund (+0.30)","NHPC (+0.55), BARUN (+0.50), GVL (+0.50), BNT (+0.45), HDL (+0.45), KDL (+0.40), NABIL (+0.35), KBL (+0.35), BFC (+0.33), ICFC (+0.33)","Regulatory reforms, fee reductions, and new margin trading are expected to boost liquidity and attract investment, especially to hydropower and manufacturing, making the market moderately bullish",2026-07-15 06:28:56
20260715SS003,Sharesansar,Promoter Shares of NIC Asia Bank Limited in Auction From Today,"Wednesday, July 15, 2026",true,bearish,-0.45,Banking (-0.50),NICA (-0.60),"The auction of promoter shares by NIC Asia Bank's owners suggests weaker confidence, leading to modest bearish pressure on the market.",2026-07-15 06:29:03
20260715SS004,Sharesansar,Government Invites Applications for Chairperson of Advertisement Board,"Wednesday, July 15, 2026",false,neutral,0.0,,,Appointment of Advertisement Board chairperson has no direct impact on listed sectors,2026-07-15 06:29:07
20260715SS005,Sharesansar,Arun Kabeli Power Limited Announces Sale of Shares of Ingwa Hydropower Limited,"Wednesday, July 15, 2026",true,bearish,-0.2,Hydropower (-0.30),,The announced divestment by Arun Kabeli Power raises modest bearish sentiment for the hydropower sector.,2026-07-15 06:29:14
20260715SS006,Sharesansar,Nepal Rastra Bank Collecting a Massive Rs. 100 Billion Deposits from BFIs Today,"Wednesday, July 15, 2026",true,bearish,-0.3,"Banking (-0.40), Development Bank (-0.30), Finance (-0.30), Microfinance (-0.20)","NABIL (-0.45), EBL (-0.42), KBL (-0.40), SCB (-0.38), NMB (-0.37), CORBL (-0.32), EDBL (-0.30), BFC (-0.34), CFCL (-0.33), CBBL (-0.28), CYCL (-0.27)","NRB's Rs 100 billion short‑term deposit draw drains bank and finance sector liquidity, creating modest bearish pressure on the market.",2026-07-15 06:29:36
20260715SS007,Sharesansar,"Gold Price Rises by 800 Per Tola, Check Today's Updated Rate","Wednesday, July 15, 2026",true,neutral,-0.1,"Manufacturing and Processing (-0.20), Trading (-0.10)",,"The modest rise in gold prices adds slight cost pressure, leading to a mildly bearish tilt for related sectors.",2026-07-15 06:29:47
20260715SS008,Sharesansar,Promoter Shares of Two Companies in Auction From Today,"Wednesday, July 15, 2026",true,neutral,-0.2,"Development Bank (-0.30), Microfinance (-0.30)","Miteri Development Bank (MDB) (-0.30), Suryodaya Womi Laghubitta Bittiya Sanstha (SWMF) (-0.30)",Promoter share auctions for two financial institutions hint at slight bearish sentiment for those stocks while having minimal effect on the broader market.,2026-07-15 06:29:59
20260715SS009,Sharesansar,Full-Weight LPG Cylinders Return to Market as Supply Normalizes,"Wednesday, July 15, 2026",true,bullish,0.2,"Hotels (+0.30), Manufacturing and Processing (+0.20), Others (+0.10)","OHL (+0.30), SHL (+0.30), TRH (+0.30), BNL (+0.20)","Normalization of LPG supply lifts sentiment for hotels and manufacturers reliant on gas, giving a modest bullish tilt.",2026-07-15 06:30:10
20260715SS010,Sharesansar,Top Bahadur Rayamajhi Sentenced to Four Years in Bhutanese Refugee Scam,"Wednesday, July 15, 2026",true,bearish,-0.4,"Banking (-0.20), Development Bank (-0.20), Finance (-0.20), Microfinance (-0.20), Insurance (-0.20), Life Insurance (-0.20), Non-Life Insurance (-0.20), Hydropower (-0.20), Manufacturing and Processing (-0.20), Hotels and Tourism (-0.20), Trading (-0.20), Investment (-0.20), Mutual Fund (-0.20), Others (-0.20)","NABIL (-0.30), SANIMA (-0.30), EBL (-0.25), NHPC (-0.20), HURJA (-0.20)","The sentencing in a high‑profile political fraud case raises political risk, leading to a modestly bearish sentiment across the market.",2026-07-15 06:30:34
20260716SS001,Sharesansar,US Imposes 25% Tariff on Brazilian Imports Over Alleged Unfair Trade Practices,"Thursday, July 16, 2026",false,neutral,0.0,,,The news concerns US‑Brazil trade policy and has no direct effect on Nepali companies or sectors.,2026-07-16 06:31:23
20260716SS002,Sharesansar,South Korea Raises Interest Rates for First Time in More Than Three Years,"Thursday, July 16, 2026",true,bearish,-0.3,"Banking (-0.20), Development Bank (-0.25), Finance (-0.30), Microfinance (-0.30), Manufacturing and Processing (-0.35)","NABIL (-0.20), KBL (-0.25), SANIMA (-0.20), NFS (-0.30), CBBL (-0.30), BNL (-0.35)","South Korea's rate hike signals tighter global monetary conditions, likely weighing on Nepal's equity market, especially banks, finance firms, and exporters.",2026-07-16 06:31:35
20260716SS003,Sharesansar,Investment in Critical Minerals Declines Despite Western Push for Supply Chain Security,"Thursday, July 16, 2026",true,bearish,-0.3,"Hydropower (-0.40), Manufacturing and Processing (-0.30), Banking (-0.20), Investment (-0.30)","NHPC (-0.40), GVL (-0.30), GCIL (-0.30), NABIL (-0.20), BFC (-0.20)","Global downturn in critical mineral investment and export controls raise costs and uncertainty for key Nepal sectors, leading to a modest bearish outlook.",2026-07-16 06:31:48
20260716SS004,Sharesansar,National Assembly to Meet Again on July 31,"Thursday, July 16, 2026",true,bearish,-0.2,"Banking (-0.10), Insurance (-0.10), Hydropower (-0.05)","NABIL (-0.10), EBL (-0.10), ALICL (-0.10)","Parliamentary focus on inflation control, disaster preparedness, and social spending raises uncertainty, weighing slightly on market sentiment",2026-07-16 06:31:58
20260716SS005,Sharesansar,"Gold Price Reaches Rs. 2 Lakh 85 Thousands Per Tola, Check How Much it Gains Today","Thursday, July 16, 2026",false,neutral,0.0,,,Gold price changes have no direct impact on listed NEPSE sectors or stocks.,2026-07-16 06:32:02
20260716SS006,Sharesansar,Nepal and India Agree to Increase Cross-Border Power Trade,"Thursday, July 16, 2026",true,bullish,0.55,"Hydropower (+0.60), Manufacturing and Processing (+0.10), Banking (+0.05)","NHPC (+0.70), GVL (+0.60), AHPC (+0.60), RADHI (+0.55), KBPL (+0.55)","The power‑trade boost is expected to lift earnings for hydropower companies, creating a bullish outlook for the market.",2026-07-16 06:32:16
20260716SS007,Sharesansar,Finance Minister Wagle Says Laws Hindering Economic Reforms to Be Repealed,"Thursday, July 16, 2026",true,bullish,0.42,"Banking (+0.40), Finance (+0.45), Development Bank (+0.35), Microfinance (+0.30), Insurance (+0.25), Hydropower (+0.20), Manufacturing (+0.20)","NABIL (+0.42), KBL (+0.38), BFC (+0.45), CFCL (+0.40), CBBL (+0.35), ALICL (+0.30), NHPC (+0.25), BNL (+0.25)","Repealing restrictive laws signals a pro‑reform agenda, boosting investor confidence across financial and related sectors.",2026-07-16 06:32:33
20260716SS008,Sharesansar,"Lock-in Period of 34,484 Units of Suryakunda Hydro Electric Limited Shares Held by Mutual Funds to Expire on 4th Bhadra","Thursday, July 16, 2026",true,bearish,-0.2,Hydropower (-0.30),,"Lock‑in expiry of 5% of Suryakunda Hydro’s shares could add selling pressure, slightly weighing on the hydropower sector.",2026-07-16 06:32:42
20260716SS009,Sharesansar,"NRB Unveils Major Policy Tweaks: Margin Lending Relaxed, Contractor Relief Extended, and National ID Rules Eased","Wednesday, July 15, 2026",true,bullish,0.45,"Banking (+0.40), Development Bank (+0.35), Finance (+0.30), Microfinance (+0.25)","NABIL (+0.42), EBL (+0.40), KBL (+0.38), CORBL (+0.35), EDBL (+0.33), BFC (+0.30), CFCL (+0.28), CBBL (+0.27), SKBBL (+0.25)","NRB's relaxation of margin‑lending limits, contractor loan relief, and extension of working‑capital rules boosts credit flow and market sentiment, favoring banks and related financial institutions.",2026-07-16 06:33:02
20260716SS010,Sharesansar,New York to Host Nepali American Business and Investment Summit This September,"Wednesday, July 15, 2026",true,bullish,0.22,"Banking (+0.12), Hydropower (+0.15), Hotels and Tourism (+0.10), Manufacturing and Processing (+0.08), Finance (+0.09)","NABIL (+0.13), KBL (+0.10), NHPC (+0.16), HGI (+0.11), OHL (+0.09)","The summit points to greater US‑Nepal investment and trade links, giving the market a modest bullish edge.",2026-07-16 06:33:13
20260717SS001,Sharesansar,Siddhartha Bank Launches ‘Siddhartha Gold Loan’ Scheme,"Friday, July 17, 2026",true,bullish,0.3,Banking (+0.30),,"The new gold loan product is likely to boost Siddhartha Bank’s loan growth, giving a modest bullish tilt to the banking sector.",2026-07-17 06:27:47
20260717SS002,Sharesansar,Springbase.ai Launches Multilingual Voice-to-Execution AI Capability,"Friday, July 17, 2026",false,neutral,0.0,,,"The AI platform launch has little direct relevance to Nepal's listed companies, resulting in a neutral market impact.",2026-07-17 06:27:50
20260717SS003,Sharesansar,Gold Price Falls Moderately; Check Today's Updated Rate,"Friday, July 17, 2026",false,neutral,0.0,,,The moderate fall in gold and silver prices has negligible effect on listed Nepali stocks and sectors.,2026-07-17 06:27:53
20260717SS004,Sharesansar,Veel Launches AI-Powered Creator Marketing Platform in Nepal and India,"Friday, July 17, 2026",true,neutral,0.1,"Banking (+0.10), Others (+0.20)","NABIL (+0.10), EBL (+0.10)","The new AI creator marketing platform may modestly increase digital payment usage, giving a slight bullish tilt to banks while broadly supporting Nepal's tech ecosystem.",2026-07-17 06:27:58
20260717SS005,Sharesansar,Promoter Shares of Two Companies in Auction From Today,"Friday, July 17, 2026",true,bearish,-0.3,"Finance (-0.40), Microfinance (-0.30)","SIFC (-0.50), SLBBL (-0.40)","Promoter share auctions for SIFC and SLBBL suggest sell‑off pressure, leading to a modest bearish outlook",2026-07-17 06:28:07
20260717SS006,Sharesansar,ICRA Nepal Assigns ‘B+’ Issuer Rating to Sumeru Polymers,"Friday, July 17, 2026",true,bearish,-0.3,Manufacturing (-0.40),,"The B+ issuer rating for Sumeru Polymers heightens default concerns, creating a bearish tone for the manufacturing sector",2026-07-17 06:28:14
20260717SS007,Sharesansar,29 Countries Sign Agreement to Establish World Artificial Intelligence Cooperation Organization,"Friday, July 17, 2026",false,neutral,0.0,,,"The AI cooperation agreement has minimal direct impact on the Nepalese market, resulting in a neutral outlook.",2026-07-17 06:28:19
20260717SS008,Sharesansar,Trump Claims US Election Infrastructure Vulnerable to Foreign Adversaries,"Friday, July 17, 2026",false,neutral,0.0,,,The US election infrastructure story has no direct relevance to Nepal's economy or listed companies.,2026-07-17 06:28:21
20260717SS009,Sharesansar,India’s Power Secretary Inspects Progress of 900MW Arun-III Hydropower Project,"Friday, July 17, 2026",true,bullish,0.35,Hydropower (+0.40),"AHPC (+0.30), API (+0.30), BARUN (+0.30), BPCL (+0.30), CHCL (+0.30), DHPL (+0.30), GVL (+0.30), HURJA (+0.30), KBPL (+0.30), MHNL (+0.30), NHPC (+0.30), NWCL (+0.30), PHPL (+0.30), RADHI (+0.30), RHPL (+0.30), UPPER (+0.30)","The inspection confirms rapid progress on a major 900 MW hydropower project, boosting confidence in Nepal's hydropower sector and its listed companies.",2026-07-17 06:28:35
20260717SS010,Sharesansar,National Hydro Power Company Reschedules It's 29th AGM to be Held on Shrawan  22,"Friday, July 17, 2026",true,neutral,-0.2,Hydropower (-0.20),NHPC (-0.20),"The rescheduled AGM reflects shareholder participation problems, leading to a slightly bearish outlook for NHPC and the hydropower sector.",2026-07-17 06:28:40
20260719SS001,Sharesansar,Department of Industry Approves 58 Billion in Foreign Investment,"Sunday, July 19, 2026",true,bullish,0.6,"Hotels and Tourism (+0.50), Hydropower (+0.40), Manufacturing and Processing (+0.30), Others (+0.20)","OHL (+0.50), SHL (+0.40), YETI (+0.40), NHPC (+0.50), BARUN (+0.40), GCIL (+0.30), HDL (+0.30)","Strong FDI inflows, especially into tourism, energy and manufacturing, are likely to boost related sectors and lift market sentiment.",2026-07-19 06:43:12
20260719SS002,Sharesansar,Ncell Launches ‘Shake and Win’ Campaign with Surprise Rewards on Ncell App,"Sunday, July 19, 2026",false,neutral,0.0,,,"The campaign concerns Ncell, a private telecom firm not listed on NEPSE, so it has no direct impact on the Nepal stock market.",2026-07-19 06:43:15
20260719SS003,Sharesansar,ICT Award 2026 Opens Nominations in 16 Categories,"Sunday, July 19, 2026",false,neutral,0.0,,,The ICT award nomination news has no direct financial or sectoral impact on NEPSE-listed stocks.,2026-07-19 06:43:19
20260719SS004,Sharesansar,Wolf Offices Expands Co-Working Services with New Premium Workspace in Mandikhatar,"Sunday, July 19, 2026",false,neutral,0.0,,,The news pertains to a private co-working provider and has no direct effect on listed sectors or stocks.,2026-07-19 06:43:22
20260719SS005,Sharesansar,"Gold Rises by Rs. 1900 Per Tola, Check Today's Trading Rate","Sunday, July 19, 2026",true,bearish,-0.2,"Manufacturing (-0.20), Trading (-0.10)",,"Gold’s moderate rise reflects risk‑off sentiment, putting slight bearish pressure on the broader market.",2026-07-19 06:43:28
20260719SS006,Sharesansar,Kamana Sewa Bikas Bank Posts 33.51% Jump in Net profit in Q4; EPS Climbs to Rs. 22.34,"Sunday, July 19, 2026",true,bullish,0.4,Development Bank (+0.50),,"Strong Q4 profit growth and lower impairments at KSBBL boost the Development Bank sector, indicating a modest bullish bias.",2026-07-19 06:43:34
20260719SS007,Sharesansar,Peugeot Motorcycles Nepal Hosts French-Themed Fine Dining Event for Customers,"Sunday, July 19, 2026",false,neutral,0.0,,,"The event is a promotional activity unrelated to financial performance, so it has no material impact on the Nepali stock market.",2026-07-19 06:43:39
20260719SS008,Sharesansar,Garima Bikas Bank Launches Three New Digital Banking Services,"Sunday, July 19, 2026",true,bullish,0.35,Development Bank (+0.30),GBBL (+0.50),Garima Bikas Bank's launch of digital services is likely to boost its growth prospects and positively influence the development bank sector.,2026-07-19 06:43:43
20260719SS009,Sharesansar,NEPSE Starts New Fiscal Year with Strong Momentum; Index Skyrockets By 79.74 Points,"Friday, July 17, 2026",true,bullish,0.45,"Manufacturing and Processing (+0.60), Mutual Fund (-0.40)","AKJCL (+0.50), SAIL (+0.60), ANLB (-0.60)","The index surged 3.06% on the first fiscal day, reflecting bullish market sentiment despite mixed sector moves.",2026-07-19 06:43:51
20260719SS010,Sharesansar,Nepal Life Insurance Acquires Land in Birgunj for Rs. 33.77 Crores,"Friday, July 17, 2026",true,neutral,0.2,Life Insurance (+0.30),NLIC (+0.40),"The land purchase by Nepal Life Insurance suggests expansion confidence, giving a modest bullish tilt.",2026-07-19 06:43:57
20260720SS001,Sharesansar,Bajaj Motorcycles Now Available with 5-Year Financing Facility in Nepal,"Monday, July 20, 2026",true,bullish,0.2,"Microfinance (+0.30), Finance (+0.20)",,"The 5‑year financing scheme for Bajaj motorcycles is likely to lift loan demand for micro‑finance and finance firms, giving a modest bullish bias.",2026-07-20 07:29:37
20260720SS002,Sharesansar,Suman Acharya Assumes Office as a New CEO of Lumbini Bikas Bank,"Monday, July 20, 2026",true,bullish,0.2,Development Bank (+0.30),,The new CEO appointment at Lumbini Bikas Bank is viewed as a modestly positive catalyst for the development banking sector.,2026-07-20 07:29:43
20260720SS003,Sharesansar,Honda Nepal Launches Free Safety Recall Campaign for Older Car Models,"Monday, July 20, 2026",true,neutral,-0.15,Trading (-0.20),,"The safety recall leads to modest cost concerns for automotive traders, resulting in a slightly bearish but overall neutral market outlook",2026-07-20 07:29:49
20260720SS004,Sharesansar,thee GO and Gham Power Partner to Develop Solar-Powered Battery Storage System for EV Charging,"Monday, July 20, 2026",true,bullish,0.35,"Hydropower (+0.45), Manufacturing and Processing (+0.20)","NHPC (+0.50), BARUN (+0.40), HURJA (+0.40)","The solar‑powered EV charging initiative boosts outlook for renewable energy firms, giving a modest bullish tilt to the market.",2026-07-20 07:30:01
20260720SS005,Sharesansar,Nepal Life Insurance Company Supports Residential Building for Visually Impaired Children Under CSR Initiative,"Monday, July 20, 2026",true,neutral,0.1,Life Insurance (+0.10),NLIC (+0.10),The CSR support by NLIC slightly uplifts sentiment for the life insurance sector but has limited direct market effect.,2026-07-20 07:30:09
20260720SS006,Sharesansar,PM Balen to Meet Share Market Stakeholders as Stock Market Slump Deepens,"Monday, July 20, 2026",true,bearish,-0.3,"Banking (-0.40), Development Bank (-0.40), Finance (-0.30), Microfinance (-0.30), Insurance (-0.20), Hydropower (-0.10), Manufacturing (-0.20), Hotels and Tourism (-0.20)","NABIL (-0.50), EBL (-0.50), KBL (-0.40), CORBL (-0.40), GBBL (-0.40), BFC (-0.30), CBBL (-0.30), ALICL (-0.20), NHPC (-0.10), BNL (-0.20)","The Prime Minister’s meeting underscores deepening market weakness, likely keeping sentiment bearish in the short term.",2026-07-20 07:30:25
20260720SS007,Sharesansar,Ridge Line Energy to Invest Rs 20 Crores in 440 MW Tila-1 Hydropower Project,"Monday, July 20, 2026",true,bullish,0.25,Hydropower (+0.40),"NHPC (+0.50), AHPC (+0.30), API (+0.30), BARUN (+0.30), BPCL (+0.30), CHCL (+0.30), DHPL (+0.30), GVL (+0.30), HURJA (+0.30), KBPL (+0.30), MHNL (+0.30), NWCL (+0.30), PHPL (+0.30), RADHI (+0.30), RHPL (+0.30), UPPER (+0.30)","The investment boosts confidence in the hydropower sector, leading to modest bullish sentiment.",2026-07-20 07:30:50
20260720SS008,Sharesansar,Governor Poudel: Monetary Policy Introduced to Complement Government Budget Objectives,"Monday, July 20, 2026",true,neutral,-0.2,"Banking (-0.30), Development Bank (-0.30), Finance (-0.20), Microfinance (-0.20), Manufacturing and Processing (-0.10), Hydropower (-0.10)","NABIL (-0.30), KBL (-0.30), EBL (-0.20), BFC (-0.20), CBBL (-0.20), BNL (-0.10), NHPC (-0.10)","The new monetary policy aligns with fiscal objectives but offers limited stimulus, keeping the market outlook neutral with mild downside pressure on credit‑dependent sectors.",2026-07-20 07:31:08
20260720SS009,Sharesansar,"NRB Eases Mandatory National ID Requirement for Bank Accounts, Sets Compliance Deadline to Ashwin 2083","Monday, July 20, 2026",true,bullish,0.35,"Banking (+0.40), Development Bank (+0.30), Finance (+0.20), Microfinance (+0.20), Insurance (+0.00)","NABIL (+0.40), EBL (+0.40), KBL (+0.40), MBL (+0.40), CBL (+0.40), HBL (+0.40), NMB (+0.40), PCBL (+0.40), SCB (+0.40), SANIMA (+0.40)","The NRB's relaxed ID requirement eases banking operations, likely increasing transaction volumes and benefiting banks and related financial institutions.",2026-07-20 07:31:33
20260720SS010,Sharesansar,Vision Lumbini Urja Company Limited  to Invest Rs. 15 Crores in Upper Seti-1 Project,"Monday, July 20, 2026",true,bullish,0.4,Hydropower (+0.40),UPPER (+0.50),"The Rs 15 crore investment in Upper Seti-1 boosts the hydropower sector, especially UPPER, indicating a bullish outlook.",2026-07-20 07:31:46
20260721SS001,Sharesansar,Nepal Ausadhi Limited and Ministry of Health Agrees to Expan Domestic Medicine Production,"Tuesday, July 21, 2026",true,bullish,0.3,"Manufacturing (+0.40), Finance (+0.10)",,The agreement to expand domestic medicine production is expected to modestly boost the manufacturing sector and related financial activity.,2026-07-21 06:41:51
20260721SS002,Sharesansar,RSDC Laghubitta Posts 35.76% Profit Growth in Q4 FY 82/83 ; EPS Climbs to Rs. 13.37,"Tuesday, July 21, 2026",true,bullish,0.25,Microfinance (+0.30),,"Profit jump in RSDC Laghubitta boosts microfinance sentiment, yielding a modestly bullish outlook.",2026-07-21 06:42:02
20260721SS003,Sharesansar,Prime Minister Balendra Shah to Hold Discussions with Garment Industry Leaders,"Tuesday, July 21, 2026",true,bullish,0.6,Manufacturing and Processing (+0.60),"BNL (+0.50), BNT (+0.50), GCIL (+0.50), HDL (+0.50), KDL (+0.50), NBBL (+0.50), NBTM (+0.50), SHIVM (+0.50), UALT (+0.50)","Government dialogue with garment industry leaders is expected to improve policies, boosting the manufacturing sector and lifting overall market sentiment.",2026-07-21 06:42:15
20260721SS004,Sharesansar,Gold Price Surges by Rs. 1000 Today; Check Today's Updated Rate,"Tuesday, July 21, 2026",false,neutral,0.0,,,The rise in gold prices has minimal direct effect on listed Nepali sectors and stocks.,2026-07-21 06:42:18
20260721SS005,Sharesansar,"MetLife Foundation Grants $120,000 to WWF Nepal for Climate Resilience and Sustainable Livelihoods in Bardiya","Tuesday, July 21, 2026",true,neutral,0.2,"Hotels and Tourism (+0.40), Microfinance (+0.10)","OHL (+0.30), YETI (+0.40), TRH (+0.30), CBBL (+0.10)","The climate‑resilience grant encourages eco‑tourism and livelihood improvements, offering modest upside to tourism and micro‑finance firms while having limited broader market effect.",2026-07-21 06:42:29
20260721SS006,Sharesansar,"LS Capital Limited To Issue Rs. 3 Arba Worth ""7% Laxmi Sunrise Debenture 2092"" from Shrawan 14","Tuesday, July 21, 2026",true,neutral,0.2,Banking (+0.30),,"Laxmi Sunrise Bank's debenture issue provides additional funding, giving a modest positive cue for the banking sector.",2026-07-21 06:42:38
20260721SS007,Sharesansar,Govt Launches Lottery Scheme: Win NPR 1 Lakh to NPR 10 Lakh for Demanding Bills,"Tuesday, July 21, 2026",true,bullish,0.22,"Trading (+0.30), Manufacturing and Processing (+0.20), Hotels and Tourism (+0.20), Banking (+0.10), Microfinance (+0.10)","NABIL (+0.10), BNT (+0.20), KDL (+0.20), OHL (+0.20), CBBL (+0.10)","The lottery scheme promotes receipt demand, improving transaction transparency and supporting sectors reliant on formal sales, yielding a modest bullish outlook.",2026-07-21 06:42:55
20260721SS008,Sharesansar,Laxmi Commercial Vehicles Launches HIROI BS6 School Bus in Surkhet,"Tuesday, July 21, 2026",false,neutral,0.0,,,"The news concerns a private vehicle distributor not listed on NEPSE, so it has no direct impact on the market.",2026-07-21 06:43:00
20260721SS009,Sharesansar,Machhapuchchhre Bank  Strengthens Leadership with Two Key Executive Promotions,"Tuesday, July 21, 2026",true,bullish,0.2,Banking (+0.30),,"The promotion of senior executives at Machhapuchchhre Bank is seen as a modest positive signal for the banking sector, leading to a slightly bullish outlook.",2026-07-21 06:43:08
20260721SS010,Sharesansar,Kamana Sewa Bikas Bank: A Nine - Year Financial Performance Review (Q4 2074/75 to Q4 2082/83),"Monday, July 20, 2026",true,bullish,0.5,Development Bank (+0.60),,"Strong asset and loan growth of Kamana Sewa Bikas Bank signals a positive outlook for development banks, creating a moderately bullish market sentiment.",2026-07-21 06:43:16
20260722SS001,Sharesansar,Synergy Power Development Halts Power Generation Operations Following Flood Damage,"Wednesday, July 22, 2026",true,bearish,-0.4,Hydropower (-0.50),"AHPC (-0.30), API (-0.30), BARUN (-0.30), BPCL (-0.30), CHCL (-0.30), DHPL (-0.30), GVL (-0.30), HURJA (-0.30), KBPL (-0.30), MHNL (-0.30), NHPC (-0.30), NWCL (-0.30), PHPL (-0.30), RADHI (-0.30), RHPL (-0.30), UPPER (-0.30)","Flood damage halting a hydropower project signals heightened sector risk, leading to a bearish market outlook.",2026-07-22 06:42:46
20260722SS002,Sharesansar,PM Balendra Shah Calls Ministerial Meeting Today; Meeting to Begin at 3 PM,"Wednesday, July 22, 2026",true,neutral,0.0,,,"A ministerial meeting was announced without specific policy details, so the market impact is expected to be neutral.",2026-07-22 06:42:49
20260722SS003,Sharesansar,Jagdamba Motors Expands Proton EV Network with Four New Showrooms Across Nepal,"Wednesday, July 22, 2026",true,neutral,0.1,Manufacturing (+0.20),,"The news signals modest growth in the EV distribution network, offering slight upside to the manufacturing sector but little immediate effect on listed stocks.",2026-07-22 06:42:56
20260722SS004,Sharesansar,Shangrila Development Bank Reports 88.99 Crores Net Profit in Q4;  Net Interest Income Surges By 7.45%,"Wednesday, July 22, 2026",true,bullish,0.45,Development Bank (+0.50),SADBL (+0.60),Strong Q4 earnings and improved asset quality at Shangrila Development Bank boost confidence in the development banking sector.,2026-07-22 06:43:03
20260722SS005,Sharesansar,Gold Price Spikes by Rs. 5100 Per Tola; Check Today's Trading Rate,"Wednesday, July 22, 2026",true,bearish,-0.3,"Manufacturing (-0.40), Trading (+0.30)",,"Sharp rise in gold prices may hurt manufacturing margins while only modestly benefiting gold trade, leading to a slightly bearish market sentiment.",2026-07-22 06:43:10
20260722SS006,Sharesansar,Mechi Customs Office Collects Rs 17.67 Billion Revenue in FY 2082/83,"Wednesday, July 22, 2026",true,neutral,0.2,"Manufacturing and Processing (+0.30), Trading (+0.30)","BNL (+0.30), BNT (+0.30), GCIL (+0.30), HDL (+0.30), KDL (+0.30), NBBL (+0.30), NBTM (+0.30), SHIVM (+0.30), UALT (+0.30)",Higher customs revenue and increased import of industrial materials suggest modest optimism for manufacturing and trading sectors.,2026-07-22 06:43:22
20260722SS007,Sharesansar,Nepal Rastra Bank to Collect Rs 100 Billion from Market to Manage Excess Liquidity,"Wednesday, July 22, 2026",true,bearish,-0.3,"Banking (-0.50), Development Bank (-0.40), Finance (-0.20), Microfinance (-0.20)","NABIL (-0.50), EBL (-0.50), KBL (-0.50), MBL (-0.50), CBL (-0.50), SANIMA (-0.50), SCB (-0.50)","NRB's Rs100 bn deposit collection tightens market liquidity, exerting downward pressure on banking sector profitability.",2026-07-22 06:43:32
20260722SS008,Sharesansar,Buddha Bhumi Nepal Hydro Power to Invest in 64 MW Hydropower Projects,"Wednesday, July 22, 2026",true,bullish,0.3,Hydropower (+0.30),,The new hydropower investments are likely to boost investor sentiment in the hydropower sector.,2026-07-22 06:43:37
20260722SS009,Sharesansar,"Trump Orders 50% Tariffs on Canadian Goods, Raising Fears of Trade Escalation","Tuesday, July 21, 2026",false,neutral,0.0,,,"The US-Canada tariff dispute has no direct relevance to Nepal's economy or listed companies, resulting in no market impact.",2026-07-22 06:43:42
20260722SS010,Sharesansar,Independent Power Producers Association Changes Rules to Elect Top Leaders,"Tuesday, July 21, 2026",true,bullish,0.2,Hydropower (+0.30),"NHPC (+0.35), BARUN (+0.25), UPPER (+0.20)","The rule changes promote better governance and political neutrality in the IPP sector, likely increasing confidence in hydropower companies.",2026-07-22 06:43:55
20260723SS001,Sharesansar,"Sanima, NMB and Siddhartha Bank Employees Receive Two Months’ Salary as Advance Bonus","Thursday, July 23, 2026",true,bullish,0.4,Banking (+0.50),"SANIMA (+0.50), NMB (+0.50), SCB (+0.50)","Profit‑driven employee bonuses signal robust bank earnings, leading to a moderately bullish sentiment for the banking sector.",2026-07-23 06:40:27
20260723SS002,Sharesansar,First Microfinance Laghubitta Bittiya Sanstha Limited (FMDBL): A Fifteen-Year Financial Performance Review (Q4 2069/70 to Q4 2082/83),"Thursday, July 23, 2026",true,neutral,0.0,Microfinance (-0.10),,"The review highlights impressive historical growth for FMDBL yet points to a recent decline in its loan portfolio, leaving the overall microfinance sector largely unchanged.",2026-07-23 06:40:36
20260723SS003,Sharesansar,Nabil Bank Gives Employees Three Months’ Salary as Advance Bonus,"Thursday, July 23, 2026",true,bullish,0.3,Banking (+0.30),NABIL (+0.50),"Nabil Bank's large employee bonus signals strong profitability, providing a modest bullish lift to the banking sector.",2026-07-23 06:40:45
20260723SS004,Sharesansar,Nepal Earns Rs 29.32 Arba from Electricity Exports to India and Bangladesh,"Thursday, July 23, 2026",true,bullish,0.45,Hydropower (+0.70),"NHPC (+0.80), BPCL (+0.60), DHPL (+0.50), HURJA (+0.50)","Record electricity export earnings boost hydropower sector, leading to a moderately bullish market outlook",2026-07-23 06:41:01
20260723SS005,Sharesansar,Prime Minister Shah to Hold Talks with Organic Agriculture Stakeholders,"Thursday, July 23, 2026",true,neutral,0.12,"Manufacturing and Processing (+0.30), Trading (+0.20), Others (+0.00)","BNT (+0.30), NBTM (+0.20)","PM's engagement with organic agriculture stakeholders is expected to modestly boost agro‑processing and trade, giving a slight bullish tilt to related sectors.",2026-07-23 06:41:11
20260723SS006,Sharesansar,Five Commercial Banks to Withhold Advance Employee Bonuses This Year,"Thursday, July 23, 2026",true,bearish,-0.5,Banking (-0.50),"NICA (-0.50), HBL (-0.50), NMB (-0.50), PRVU (-0.50), PCBL (-0.40)","Withholding employee bonuses signals profit pressure and rising NPLs, weighing on the banking sector.",2026-07-23 06:41:20
20260723SS007,Sharesansar,Gold Price Slightly Increases by Rs. 300 Per Tola; Check Today's Trading Rate,"Thursday, July 23, 2026",false,neutral,0.0,,,The modest increase in gold prices has little direct impact on listed Nepali stocks or sectors.,2026-07-23 06:41:23
20260723SS008,Sharesansar,ICRA Nepal Reaffirms Ratings for Three Hydropower Firms,"Thursday, July 23, 2026",true,bearish,-0.3,Hydropower (-0.30),"Gaurishankhar Power Development Limited (-0.40), Bhujung Hydropower Limited (-0.40), Solu Hydropower Limited (-0.20)","Reaffirmed low‑grade ratings and a negative watch for key hydropower firms dampen sector sentiment, leading to a modest bearish impact on the market.",2026-07-23 06:41:34
20260723SS009,Sharesansar,"NIFRA Reports Notable 19.98% Decline in Net Profit for Q4, 2082/83, With EPS at Rs. 4.57","Thursday, July 23, 2026",true,bearish,-0.45,Banking (-0.50),"NABIL (-0.30), EBL (-0.30), KBL (-0.30), SANIMA (-0.30), SCB (-0.30)","NIFRA's sharp profit drop drags sentiment in the banking sector, creating a bearish market impact.",2026-07-23 06:41:43
20260723SS010,Sharesansar,Sixteen Delhi Metro Stations Closed Temporarily Due to Ongoing Protests,"Wednesday, July 22, 2026",false,neutral,0.0,,,The news concerns Delhi Metro protests and does not affect Nepal's market or listed companies.,2026-07-23 06:41:47
20260724SS001,Sharesansar,"Sunwayians’ Innovation Fest 2026 to Showcase AI, Robotics, and Emerging Technologies","Friday, July 24, 2026",false,neutral,0.0,,,"The event is unrelated to listed companies, so no market impact.",2026-07-24 06:39:45
20260724SS002,Sharesansar,Gold Price Plunges By Rs. 5800 Per Tola; Check Today's Trading Rate,"Friday, July 24, 2026",true,bearish,-0.2,"Banking (-0.30), Microfinance (-0.20), Manufacturing and Processing (-0.10), Others (-0.10)","NABIL (-0.30), EBL (-0.30), KBL (-0.30), CBBL (-0.20), BNT (-0.10)","The sharp fall in gold prices is expected to modestly dampen demand for gold-backed loans and jewelry sales, creating slight bearish pressure on banking, microfinance, and related manufacturing stocks.",2026-07-24 06:39:58
20260724SS003,Sharesansar,"Manjushree Finance Limited is Auctioning 8,39,583 Units Promoter Shares From Today","Friday, July 24, 2026",true,bearish,-0.4,Finance (-0.50),MFIL (-0.60),Promoter divestment in Manjushree Finance suggests bearish sentiment for the finance sector and MFIL.,2026-07-24 06:40:03
20260724SS004,Sharesansar,Makalu Wine Industries Limited Calls SGM With Agenda to Discuss IPO,"Friday, July 24, 2026",true,bullish,0.3,Manufacturing (+0.40),,"The IPO announcement for Makalu Wine Industries is likely to lift sentiment in the manufacturing sector, giving a modest bullish tilt to the market.",2026-07-24 06:40:07
20260724SS005,Sharesansar,Finance Minister Wagle Says Government Working to Remove Nepal from FATF Grey List,"Friday, July 24, 2026",true,bullish,0.4,"Banking (+0.50), Finance (+0.50), Microfinance (+0.40), Insurance (+0.30), Development Bank (+0.30)","NABIL (+0.60), KBL (+0.50), EBL (+0.50), NMB (+0.50), BFC (+0.50), CFCL (+0.50), CBBL (+0.40), MGBL (+0.40), ALICL (+0.30), GILC (+0.30)","Government steps to exit the FATF grey list improve the regulatory environment, boosting confidence in financial and related sectors.",2026-07-24 06:40:17
20260724SS006,Sharesansar,Laxmi Sunrise Bank Employees to Receive Advance Bonus After Shrawan 15,"Friday, July 24, 2026",true,neutral,-0.1,Banking (-0.10),"NABIL (-0.10), KBL (-0.10), EBL (-0.10)","The postponed bonus reflects uncertainty in profit finalization for a bank, leading to a slight bearish tilt for the banking sector.",2026-07-24 06:40:26
20260724SS007,Sharesansar,Prime Minister Balen Shah to Hold Talks with Major Export-Oriented Industries,"Friday, July 24, 2026",true,bullish,0.4,"Manufacturing and Processing (+0.50), Trading (+0.30)","BNL (+0.40), BNT (+0.40), GCIL (+0.40), HDL (+0.40), KDL (+0.40), NBBL (+0.40), NBTM (+0.40), SHIVM (+0.40), UALT (+0.40)","Prime Minister’s engagement with export‑oriented industries is expected to spur supportive policies, giving a moderately bullish tilt to manufacturing and trade.",2026-07-24 06:40:39
20260724SS008,Sharesansar,India Poised to Become World’s Fourth-Largest Travel and Tourism Economy by 2036: WTTC,"Thursday, July 23, 2026",true,bullish,0.42,"Hotels and Tourism (+0.55), Trading (+0.20), Manufacturing and Processing (+0.10)","OHL (+0.60), SHL (+0.55), TRH (+0.55), TRHM (+0.50), YETI (+0.45)","India's projected tourism boom will lift inbound tourism to Nepal, strengthening hotel and related stocks.",2026-07-24 06:41:18
20260724SS009,Sharesansar,Two Indian National arrested along with eight kilos of marijuana,"Thursday, July 23, 2026",false,neutral,0.0,,,The drug bust has no material impact on the stock market.,2026-07-24 06:41:22
20260724SS010,Sharesansar,Miteri Development Bank’s Net Profit Rises 8.98% to Rs. 14.12 Crore in Q4,"Thursday, July 23, 2026",true,bullish,0.4,"Development Bank (+0.50), Banking (+0.20)",,Miteri Development Bank’s earnings rise and improved margins signal a moderately bullish outlook for development banks.,2026-07-24 06:41:30
20260726SS001,Sharesansar,NRB Mandates National ID Verification for Digital Wallet Registration and Updates,"Sunday, July 26, 2026",true,neutral,0.15,"Banking (+0.20), Finance (+0.10), Microfinance (+0.10)","NABIL (+0.20), EBL (+0.20), KBL (+0.20), BFC (+0.10), CBBL (+0.10)","NRB’s ID verification mandate for digital wallets modestly encourages formal digital transactions, giving a slight positive tilt to banking and related financial firms.",2026-07-26 06:49:06
20260726SS002,Sharesansar,Gold Sees Upward Movement Today; Check Today's Trading Rate,"Sunday, July 26, 2026",false,neutral,0.0,,,The rise in gold and silver prices has minimal direct impact on NEPSE sectors and stocks.,2026-07-26 06:49:09
20260726SS003,Sharesansar,Finance Minister Wagle Urges Nepali Diaspora to Invest in Nepal,"Sunday, July 26, 2026",true,bullish,0.3,"Banking (+0.20), Development Bank (+0.15), Finance (+0.15), Hydropower (+0.30), Manufacturing and Processing (+0.20), Hotels and Tourism (+0.20), Investment (+0.25)","NABIL (+0.25), KBL (+0.25), NMB (+0.20), NHPC (+0.30), BARUN (+0.25), BNL (+0.20), OHL (+0.20)","The minister's appeal for diaspora investment and introduction of NRN/offshore bonds is likely to draw foreign capital, providing a moderate bullish lift to capital‑intensive sectors such such as banking, hydropower and manufacturing.",2026-07-26 06:49:21
20260726SS004,Sharesansar,Nabil Bank Wins Best Commercial Bank (Nepal) Award At Fourth Emerging Asia Banking Awards,"Sunday, July 26, 2026",true,bullish,0.5,Banking (+0.40),NABIL (+0.60),"The award enhances Nabil Bank's image, driving bullish sentiment for the bank and the broader banking sector.",2026-07-26 06:49:28
20260726SS005,Sharesansar,CYC Nepal Laghubitta Calls 7th AGM With These Agendas? When's the Book Closure?,"Sunday, July 26, 2026",true,bullish,0.3,Microfinance (+0.30),CYCL (+0.30),"The AGM's merger and restructuring agenda is viewed as a moderately bullish catalyst for the microfinance sector, particularly CYCL.",2026-07-26 06:49:37
20260726SS006,Sharesansar,"Samsung Innovation Campus Celebrates Coding Graduates, Launches New AI programme in Nepal","Friday, July 24, 2026",true,bullish,0.2,"Manufacturing (+0.20), Others (+0.10)",,"Samsung's new AI programme signals growing digital capability in Nepal, modestly uplifting market sentiment.",2026-07-26 06:49:41
20260726SS007,Sharesansar,NEPSE Index Edges Up By 7.88 points On Last Trading Day Of this Week,"Friday, July 24, 2026",true,bullish,0.3,"Banking (+0.40), Mutual Fund (-0.40)",SANIMA (-0.50),"The market edged slightly higher driven by banking gains, but weakness in mutual funds and a sharp fall in Sanima Bank debenture limited the upside",2026-07-26 06:49:54
20260726SS008,Sharesansar,NRB Reissues Guidelines on Bringing Foreign Currency Cash Into and Out of Nepal,"Friday, July 24, 2026",true,neutral,0.0,"Banking (+0.10), Finance (+0.08), Development Bank (+0.05), Microfinance (+0.04)","NABIL (+0.07), EBL (+0.07), KBL (+0.05), BFC (+0.05), CFCL (+0.04), CORBL (+0.04), CBBL (+0.03)","The reissued foreign‑exchange guidelines provide regulatory clarity but do not materially change economic conditions, keeping market sentiment neutral.",2026-07-26 06:50:04
20260726SS009,Sharesansar,Adani Enterprises Denies Plans to Enter Airline Business Amid Market Speculation,"Friday, July 24, 2026",false,neutral,0.0,,,The news concerns an Indian conglomerate and has no direct impact on Nepal's market or listed sectors.,2026-07-26 06:50:07
20260726SS010,Sharesansar,Citizens Bank Customers to Receive Up to 15% Discount at Neoteric Nepal,"Friday, July 24, 2026",true,bullish,0.35,Banking (+0.40),,"The discount deal boosts digital banking usage, giving a modest positive sentiment to the banking sector.",2026-07-26 06:50:13
20260727SS001,Sharesansar,"Shinta Mani Mustang Named World’s No. 1 Luxury Hotel, Putting Nepal on the Global Luxury Tourism Map","Monday, July 27, 2026",true,bullish,0.4,Hotels and Tourism (+0.40),"OHL (+0.30), SHL (+0.30), TRH (+0.30), TRHM (+0.30), YETI (+0.30)",International accolades for Nepal’s luxury hotels are expected to lift tourism activity and boost hotel stocks.,2026-07-27 07:51:44
20260727SS002,Sharesansar,South Asian Internet Pioneers Honoured at SANOG 44 in Kathmandu,"Monday, July 27, 2026",false,neutral,0.0,,,The award ceremony highlights internet pioneers but has no direct impact on listed Nepali market sectors or stocks.,2026-07-27 07:51:47
20260727SS003,Sharesansar,"Nepal’s Electricity Demand Reaches 73,629 MWh as NEA Exports Surplus Power","Monday, July 27, 2026",true,bullish,0.35,Hydropower (+0.50),"NHPC (+0.70), AHPC (+0.60), API (+0.50), BARUN (+0.40), BPCL (+0.40), CHCL (+0.30), DHPL (+0.30), GVL (+0.30), HURJA (+0.30), KBPL (+0.20), MHNL (+0.20), NWCL (+0.20), PHPL (+0.20), RADHI (+0.20), RHPL (+0.20), UPPER (+0.20)",Higher electricity demand paired with surplus generation and exports creates a bullish outlook for hydropower companies.,2026-07-27 07:52:10
20260727SS004,Sharesansar,Gold Price Goes Up; Check Today's Trading Rate,"Monday, July 27, 2026",false,neutral,0.0,,,Gold price rise has minimal direct effect on listed Nepal stock sectors and stocks.,2026-07-27 07:52:15
20260727SS005,Sharesansar,"Nagdhunga - Sisnekhola Tunnel Inaugurated, Open Initially to Emergency Vehicles","Monday, July 27, 2026",true,neutral,0.2,"Hotels and Tourism (+0.30), Others (+0.20), Manufacturing and Processing (+0.10)",,The tunnel inauguration is a neutral development with modest positive expectations for tourism and logistics.,2026-07-27 07:52:24
20260727SS006,Sharesansar,"Eroded Capital, Elevated Prices: Where Is the Real Value Hiding in NEPSE?","Monday, July 27, 2026",true,bearish,-0.62,"Hydropower (-0.70), Finance (-0.50), Development Bank (-0.50)","MCHL (-0.80), JFL (-0.70), DHPL (-0.40), NABBC (-0.70), UPPER (-0.30), BHPL (-0.50), SSHL (-0.60), MEL (-0.50)",Widespread capital erosion and high premium pricing across key sectors point to a bearish outlook for the NEPSE market.,2026-07-27 07:52:42
20260727SS007,Sharesansar,Nepal Rastra Bank to Collect 30 Billion from Bank and Financial Institution Today,"Monday, July 27, 2026",true,bearish,-0.45,"Banking (-0.50), Development Bank (-0.40), Finance (-0.40), Microfinance (-0.40)","NABIL (-0.50), EBL (-0.50), KBL (-0.50), MBL (-0.50), BFC (-0.40), CFCL (-0.40), CBBL (-0.40)","NRB’s 30 billion‑rupee deposit collection via bidding tightens short‑term liquidity for banks and financial institutions, leading to a modest bearish outlook.",2026-07-27 07:53:00
20260727SS008,Sharesansar,"Sanima Bank Posts 38.01% Rise in Net Profit in Q4; Distributable Profit Soars, EPS Reaches to Rs. 24.92","Monday, July 27, 2026",true,bullish,0.5,Banking (+0.50),SANIMA (+0.70),Strong Q4 earnings from Sanima Bank lift sentiment in the banking sector and support a bullish outlook.,2026-07-27 07:53:08
20260727SS009,Sharesansar,"Lock-in Period of 71,100 Units of Ridge Line Energy Limited Shares Held by Mutual Funds to Expire on 13th Bhadra","Monday, July 27, 2026",true,bearish,-0.25,"Hydropower (-0.20), Mutual Fund (-0.10)",,"Lock‑in expiry may trigger selling of Ridge Line Energy shares, weighing on the hydropower and mutual‑fund sectors",2026-07-27 07:53:16
20260727SS010,Sharesansar,Curfew Imposed in Parts of Sunsari Until Further Notice,"Monday, July 27, 2026",true,bearish,-0.3,"Hotels and Tourism (-0.40), Trading (-0.30), Manufacturing and Processing (-0.20), Finance (-0.10), Microfinance (-0.10)","OHL (-0.40), SHL (-0.40), TRH (-0.40), YETI (-0.35), BNL (-0.20), BNT (-0.20), GCIL (-0.15), CBBL (-0.10), CYCL (-0.10)","The curfew in Sunsari curtails economic activity, exerting modest bearish pressure on affected sectors.",2026-07-27 07:53:34
20260728SS001,Sharesansar,"Progressive Finance is Auctioning 2,18,692 Units Promoter Shares from Today","Tuesday, July 28, 2026",true,bearish,-0.4,Finance (-0.40),PROFL (-0.50),The auction of promoter shares in Progressive Finance suggests potential selling pressure and modest bearish sentiment for the finance sector.,2026-07-28 06:40:37
20260728SS002,Sharesansar,Inland Revenue Department Clarifies VAT on Electricity Consumption to Apply Only from Shrawan 1,"Tuesday, July 28, 2026",true,bearish,-0.3,"Manufacturing and Processing (-0.40), Hotels and Tourism (-0.30), Trading (-0.20), Hydropower (+0.00)","BNL (-0.40), BNT (-0.40), NHPC (+0.00), OHL (-0.30)","The new VAT on electricity raises operating costs for energy‑intensive sectors, leading to a modest bearish outlook.",2026-07-28 06:40:52
20260728SS003,Sharesansar,Gold Price Falls Today; Check Updated Rate,"Tuesday, July 28, 2026",true,neutral,0.0,Manufacturing (+0.10),"BNL (+0.10), BNT (+0.10)",Gold price fall mildly benefits jewellery manufacturers but has limited overall market effect,2026-07-28 06:41:04
20260728SS004,Sharesansar,"Don't sell, distribute banned goods: Commerce Department","Tuesday, July 28, 2026",true,bearish,-0.4,"Manufacturing (-0.50), Trading (-0.40), Hotels and Tourism (-0.20)","BNL (-0.50), BNT (-0.50), GCIL (-0.40), HDL (-0.40)","The ban on certain imported items is expected to pressure import‑dependent sectors, leading to a modest bearish outlook.",2026-07-28 06:41:16
20260728SS005,Sharesansar,Construction of 28.3 MW Middle Chameliya Hydropower Project Set to Begin in Darchula,"Tuesday, July 28, 2026",true,bullish,0.4,Hydropower (+0.50),"NHPC (+0.40), API (+0.30), BARUN (+0.30), UPPER (+0.30)","The project's approvals and financing signal strong growth for Nepal's hydropower sector, creating a bullish sentiment for related stocks.",2026-07-28 06:41:26
20260728SS006,Sharesansar,NEPSE Opens Applications for Chief Executive Officer; Finance Ministry Invites Qualified Candidates,"Tuesday, July 28, 2026",true,neutral,0.0,"Trading (+0.00), Investment (+0.00), Others (+0.00)",,The announcement of a CEO search for NEPSE is neutral for the market as it does not entail immediate operational changes.,2026-07-28 06:41:33
20260728SS007,Sharesansar,Finance Minister Wagle Directs SEBON to Strengthen Regulatory Quality and Accelerate Capital Market Development,"Monday, July 27, 2026",true,bullish,0.45,"Banking (+0.40), Development Bank (+0.35), Finance (+0.45), Microfinance (+0.30), Insurance (+0.25), Hydropower (+0.20), Manufacturing and Processing (+0.20), Hotels and Tourism (+0.15)","NABIL (+0.45), KBL (+0.40), BFC (+0.50), CBBL (+0.35), ALICL (+0.30), NHPC (+0.25), BNT (+0.25), OHL (+0.20)","The finance minister’s directive to strengthen SEBON’s regulatory framework is viewed as a positive catalyst, raising confidence and encouraging capital raising across most listed sectors.",2026-07-28 06:41:48
20260728SS008,Sharesansar,Mechi Industries Signs MoU with Laxmi EN FAB for Production Capacity Expansion,"Monday, July 27, 2026",true,neutral,0.2,Manufacturing and Processing (+0.30),"BNL (+0.10), BNT (+0.10), GCIL (+0.10), HDL (+0.10), KDL (+0.10), NBBL (+0.10), NBTM (+0.10), SHIVM (+0.10), UALT (+0.10)","Mechi Industries' expansion and certifications signal growth in construction material manufacturing, modestly uplifting the manufacturing sector.",2026-07-28 06:41:58
20260728SS009,Sharesansar,Supreme Court Orders Separate Reserve Fund for Premium Share Proceeds in Himalayan Reinsurance Case,"Monday, July 27, 2026",true,bearish,-0.45,Insurance (-0.50),"ALICL (-0.40), GILC (-0.40), NLIC (-0.40)",Regulatory tightening on premium share proceeds creates downside pressure for insurance companies.,2026-07-28 06:42:08
20260728SS010,Sharesansar,Nepal Rastra Bank Penalizes Three Financial Institutions Over Regulatory Breaches,"Monday, July 27, 2026",true,bearish,-0.5,"Development Bank (-0.60), Finance (-0.50), Banking (-0.20)",,"Regulatory penalties on three financial firms create negative sentiment for development banks and finance companies, leading to a moderately bearish outlook.",2026-07-28 06:42:20
20260729SS001,Sharesansar,Himalayan Bullion’s Revenue Soars to Rs. 9.79 Billion in First Nine Months of FY2026,"Wednesday, July 29, 2026",true,bullish,0.2,Trading (+0.30),,"HBLC's strong earnings boost the outlook for the trading sector, giving the market a modest bullish tilt.",2026-07-29 06:45:31
20260729SS002,Sharesansar,"Nepal’s Wild Tiger Population Reaches 429, Latest National Survey Reveals","Wednesday, July 29, 2026",false,neutral,0.0,,,The wildlife news on tiger population has no direct impact on the Nepal stock market.,2026-07-29 06:45:35
20260729SS003,Sharesansar,Federation Of Truck Transport Entrepreneurs Seeks Separate Relief fund for Accident Victims Uncovered by Insurance,"Wednesday, July 29, 2026",true,bearish,-0.25,"Insurance (-0.40), Trading (-0.30), Manufacturing and Processing (-0.20)","ALICL (-0.40), HGI (-0.40), NLIC (-0.35), SGIC (-0.35)","The call for a separate accident relief fund and ongoing border closure weigh on insurance and trade‑related stocks, leading to a modest bearish outlook.",2026-07-29 06:45:47
20260729SS004,Sharesansar,Gold Price Falls by Rs. 1000; Check Today's Trading Rate,"Wednesday, July 29, 2026",true,bearish,-0.2,"Banking (-0.30), Manufacturing (-0.10), Finance (-0.20)","NABIL (-0.30), KBL (-0.30), EBL (-0.30)","The modest fall in gold prices slightly weakens banks and finance firms reliant on gold loans, leading to a mildly bearish market outlook.",2026-07-29 06:45:55
20260729SS005,Sharesansar,"Lock-in Period of 77,500 Units of Super Khudi Hydropower Limited Shares Held by Mutual Funds to Expire on 16th Bhadra","Wednesday, July 29, 2026",true,bearish,-0.2,Hydropower (-0.30),SKHL (-0.30),The upcoming release of locked-in hydropower shares could weigh on the sector and the overall market.,2026-07-29 06:46:01
20260729SS006,Sharesansar,Central Bank to Collect Rs. 30 Billion Deposits from Bank and Financial Institution,"Wednesday, July 29, 2026",true,bearish,-0.45,"Banking (-0.50), Development Bank (-0.40), Finance (-0.40), Microfinance (-0.30)","NABIL (-0.50), EBL (-0.50), KBL (-0.50), MBL (-0.50), CBL (-0.50), CORBL (-0.40), GBBL (-0.40), BFC (-0.40), CFCL (-0.40), CBBL (-0.30), SMFBS (-0.30)","NRB's large‑scale deposit collection temporarily drains bank liquidity, raising funding costs and pressuring banking‑related stocks.",2026-07-29 06:46:13
20260729SS007,Sharesansar,"Finance Minister Urges Private Sector to Invest Confidently, Pledges Pro-Investment Reforms","Wednesday, July 29, 2026",true,bullish,0.42,"Banking (+0.50), Manufacturing and Processing (+0.40), Investment (+0.50), Finance (+0.30), Microfinance (+0.20), Hotels and Tourism (+0.20), Trading (+0.30)","NABIL (+0.50), KBL (+0.50), EBL (+0.40), NMB (+0.40), BNL (+0.40), BNT (+0.40), SANIMA (+0.30)","Pro‑investment reforms and government commitment to ease business conditions lift market sentiment, especially for banking, manufacturing, and investment‑related stocks.",2026-07-29 06:46:28
20260729SS008,Sharesansar,"All-Party Meeting Underway at Singha Durbar to Discuss Sunsari Incident, Current Political Issues","Wednesday, July 29, 2026",true,bearish,-0.2,"Banking (-0.20), Insurance (-0.20), Hydropower (-0.10), Manufacturing and Processing (-0.10)",,"The political meeting signals ongoing uncertainty, likely weighing on market sentiment.",2026-07-29 06:46:34
20260729SS009,Sharesansar,"Nepal, WFP Launch Two Reports Showcasing Progress in Food Security and School Meals Programme","Tuesday, July 28, 2026",true,neutral,0.1,"Microfinance (+0.30), Development Bank (+0.20), Banking (+0.10), Manufacturing and Processing (+0.10), Others (+0.00)","CBBL (+0.30), CYCL (+0.20), DDBL (+0.20), NABIL (+0.10), CORBL (+0.20), BNL (+0.10)","The school meals programme improves nutrition and creates stable markets for farmers, modestly boosting credit and processing sectors while having limited immediate effect on overall market sentiment.",2026-07-29 06:46:49
20260729SS010,Sharesansar,Right Shares of  NIC Asia Bank & Chandragiri Hills Limited Added in SEBON Pipeline,"Tuesday, July 28, 2026",true,neutral,-0.05,"Banking (-0.30), Hotels and Tourism (+0.20)",NICA (-0.30),"The rights issues introduce modest dilution in banking while providing growth capital to tourism, resulting in a near‑neutral market outlook.",2026-07-29 06:46:57
20260730SS001,Sharesansar,Dr. Subash Pyakurel Appointed as Chairman of Nepal's Health Insurance Board,"Thursday, July 30, 2026",true,neutral,0.2,"Insurance (+0.20), Life Insurance (+0.20), Non-Life Insurance (+0.20)","ALICL (+0.20), GILC (+0.20), HGI (+0.20), LICN (+0.20), NLIC (+0.20), NLG (+0.20), NLICL (+0.20), PLI (+0.20), PMLI (+0.20), PRIC (+0.20), RBCL (+0.20), SALICL (+0.20), SGIC (+0.20), SIC (+0.20), SLICL (+0.20)",Appointment of a health‑insurance expert as board chair is expected to foster reforms that modestly uplift the insurance sector.,2026-07-30 06:41:29
20260730SS002,Sharesansar,Government Forms Talks Committee to Negotiate with Microfinance Victims,"Thursday, July 30, 2026",true,bearish,-0.4,"Microfinance (-0.50), Finance (-0.20)","CBBL (-0.50), CYCL (-0.50), DDBL (-0.50), FOWAD (-0.50), GMFIL (-0.50), HLBSL (-0.50), KLBSL (-0.50), LLBS (-0.50), MERO (-0.50), MGBL (-0.50), NUBL (-0.50), RMDC (-0.50), SKBBL (-0.50), SMFBS (-0.50), WOMI (-0.50)",Government negotiations with microfinance protestors create negative sentiment for microfinance and related finance stocks.,2026-07-30 06:41:41
20260730SS003,Sharesansar,Gold Price Rises by Rs. 800 Per Tola; Check Today's Trading Rate,"Thursday, July 30, 2026",false,neutral,0.0,,,The modest rise in gold prices and slight drop in silver have no direct impact on listed NEPSE sectors or stocks.,2026-07-30 06:41:47
20260730SS004,Sharesansar,Sun Nepal Life Insurance Announces Conclusion of Lock-in Period for Promoters and Employee Shares on Bhadra 14,"Thursday, July 30, 2026",true,bearish,-0.3,"Life Insurance (-0.40), Insurance (-0.20)","SNLI (-0.50), NLIC (-0.10)","Lock‑in expiry of promoter and employee shares may increase supply, creating bearish pressure on Sun Nepal Life and related insurance stocks.",2026-07-30 06:41:57
20260730SS005,Sharesansar,Samsung Posts 19-Fold Jump in Q2 Operating Profit Amid Strong AI Demand,"Thursday, July 30, 2026",false,neutral,0.0,,,Samsung's AI-driven semiconductor surge has minimal direct relevance to the Nepalese market and its listed sectors.,2026-07-30 06:42:01
20260730SS006,Sharesansar,Super Madi Hydropower Reports 277.68% Rise in Net Profit in Q4; EPS Reaches to Rs. 18.40,"Thursday, July 30, 2026",true,bullish,0.5,Hydropower (+0.60),SMHL (+0.60),"Super Madi Hydropower’s profit surge lifts sentiment in the hydropower sector, creating a bullish outlook.",2026-07-30 06:42:10
20260730SS007,Sharesansar,"Laxmi Sunrise Bank Limited Opening the Issue of ""7% Laxmi Sunrise Debenture 2092"" From Today","Thursday, July 30, 2026",true,neutral,0.0,Banking (-0.20),,"The debenture issue raises capital for Laxmi Sunrise Bank but the 7% coupon may constrain profitability, resulting in a neutral overall market impact.",2026-07-30 06:42:15
20260730SS008,Sharesansar,"SEBON, Non-Resident Nepali Representatives Discuss Measures to Facilitate Capital Market Participation","Wednesday, July 29, 2026",true,bullish,0.4,"Hydropower (+0.50), Banking (+0.30), Development Bank (+0.20), Finance (+0.20), Manufacturing and Processing (+0.20), Investment (+0.40)","NHPC (+0.50), AHPC (+0.50), NABIL (+0.30), KBL (+0.30), CORBL (+0.20), BFC (+0.20), BNL (+0.20)","The move to enable NRN participation is expected to bring fresh foreign capital, boosting infrastructure and market liquidity.",2026-07-30 06:42:26
20260730SS009,Sharesansar,"Bhagawati Hydropower Announces Conclusion of Lock-in Period for Promoters, Project-Affected Area Locals, and Employee Shares on Bhadra 17","Wednesday, July 29, 2026",true,bearish,-0.4,Hydropower (-0.40),BGWT (-0.40),"The expiration of lock‑in shares is expected to add supply and modestly depress the stock, creating a mildly bearish impact.",2026-07-30 06:42:41
20260730SS010,Sharesansar,"NEPSE Index Loses For Third Consecutive Day to Close at 2,688.88 Level","Wednesday, July 29, 2026",true,bearish,-0.5,"Microfinance (-0.50), Others (+0.30)","ECL (+0.50), CBLD88 (-0.50), HPPL (+0.00)","The index fell for a third straight day, with microfinance weakness driving a bearish tone despite isolated gains in other sectors.",2026-07-30 06:42:51
20260731SS001,Sharesansar,NRB to Collect 25 Billion from BFI's for 61 Days,"Friday, July 31, 2026",true,bearish,-0.45,"Banking (-0.50), Development Bank (-0.40), Finance (-0.40), Microfinance (-0.30), Insurance (-0.10)","NABIL (-0.50), KBL (-0.50), NMB (-0.50), EBL (-0.50), BFC (-0.40), CFCL (-0.40), CBBL (-0.30), MGBL (-0.30), ALICL (-0.10)","NRB's short‑term 25 billion deposit collection tightens liquidity for banks and financial institutions, likely pressuring their funding costs and weighing on the market.",2026-07-31 07:15:53
20260731SS002,Sharesansar,Prime Minister Balendra Shah Holds Talks with Madhesh Leaders Over Madhesh Tensions,"Friday, July 31, 2026",true,bearish,-0.2,"Hotels and Tourism (-0.40), Manufacturing and Processing (-0.20), Banking (-0.10), Trading (-0.20)","NABIL (-0.15), KBL (-0.12), SCB (-0.10), OHL (-0.35), BNL (-0.18)","The political unrest in Madhesh raises short‑term risk for tourism, manufacturing, and banks, leading to a modestly bearish market outlook.",2026-07-31 07:16:02
20260731SS003,Sharesansar,Rajiv Kumar Sharma Appointed Executive Head of Sopan Pharmaceuticals,"Friday, July 31, 2026",true,neutral,0.1,Manufacturing and Processing (+0.20),,The appointment of an experienced CEO at Sopan Pharmaceuticals is a modestly positive signal but unlikely to move the market significantly,2026-07-31 07:16:10
20260731SS004,Sharesansar,Muktinath Bikas Bank Signs Agreement with Nagarjun Municipality for Concessional Loans,"Friday, July 31, 2026",true,bullish,0.3,Development Bank (+0.30),,"The concessional loan agreement is expected to modestly boost development bank profitability, creating a mildly bullish market sentiment.",2026-07-31 07:16:19
20260731SS005,Sharesansar,"Gold Price Reaches Rs. 285,000 Per Tola; Check How Much it Increases Today","Friday, July 31, 2026",true,neutral,0.0,"Manufacturing and Processing (+0.20), Banking (-0.10), Finance (-0.10), Insurance (+0.00), Others (+0.00)","BNL (+0.20), NABIL (-0.10), EBL (-0.10), ALICL (+0.00), BFC (-0.10)","Gold price rose modestly, producing only a neutral overall market impact with slight sector‑specific adjustments.",2026-07-31 07:16:33
20260731SS006,Sharesansar,Indefinite curfew enforced in some areas in Rajbiraj,"Friday, July 31, 2026",true,bearish,-0.2,"Hotels and Tourism (-0.30), Trading (-0.10), Manufacturing and Processing (-0.10)","OHL (-0.30), SHL (-0.30), TRH (-0.30), TRHM (-0.30), YETI (-0.30)","Indefinite curfew in Rajbiraj dampens local economic activity, mildly weighing on tourism and trade.",2026-07-31 07:16:42
20260731SS007,Sharesansar,Saptakoshi Development Bank Posts 86.18% jump in Net Profit as  Cost of Fund Drops to 3.7,"Friday, July 31, 2026",true,bullish,0.55,"Development Bank (+0.60), Banking (+0.30)",,"Strong profit surge and lower funding costs at Saptakoshi Development Bank boost sentiment for the development‑bank sector, indicating a bullish outlook",2026-07-31 07:16:53
20260731SS008,Sharesansar,"Ten Climbers, Including Five Nepalis, Feared Missing After Avalanche on Pakistan’s Broad Peak","Friday, July 31, 2026",false,neutral,0.0,,,The avalanche incident involving Nepali climbers does not have a direct effect on financial markets or listed sectors.,2026-07-31 07:16:56
20260731SS009,Sharesansar,Sanima Bank Ltd.: A Fourteen - Year Financial Performance Review (Q4 2069/70 - Q4 2082/83),"Friday, July 31, 2026",true,bullish,0.45,Banking (+0.40),"SANIMA (+0.60), NABIL (+0.20), EBL (+0.20), KBL (+0.20)","Sanima's strong asset and loan growth boosts confidence in Nepali banks, though high cash holdings temper enthusiasm.",2026-07-31 07:17:05
20260731SS010,Sharesansar,Former President Bidya Devi Bhandari Calls for Peace and Harmony Following Violent Clashes in Sunsari,"Thursday, July 30, 2026",true,bearish,-0.45,"Hotels and Tourism (-0.50), Manufacturing and Processing (-0.40), Trading (-0.30), Hydropower (-0.30), Banking (-0.20)","OHL (-0.50), SHL (-0.50), BNL (-0.40), NABIL (-0.20), NHPC (-0.30)","Political unrest and calls for peace indicate heightened uncertainty, likely dampening investor confidence and affecting sectors reliant on stability.",2026-07-31 07:17:19
20260802SS001,Sharesansar,Nepal Rastra Bank Takes Action Against Three Commercial Banks,"Sunday, August 2, 2026",true,bearish,-0.5,Banking (-0.60),,Regulatory action against key commercial banks dampens confidence in the banking sector,2026-08-02 06:45:26
20260802SS002,Sharesansar,"Sahas Urja Posts 51.84% Profit Growth, EPS Climbs to Rs. 29.72","Sunday, August 2, 2026",true,bullish,0.55,Hydropower (+0.50),SAHAS (+0.60),Strong profit growth and EPS rise for Sahas Urja lift sentiment for hydropower stocks.,2026-08-02 06:45:31
20260802SS003,Sharesansar,Gold Price Falls by Rs. 1800 Per Tola; Check Today's Updated Rate,"Sunday, August 2, 2026",true,bearish,-0.2,"Manufacturing and Processing (-0.30), Trading (-0.20), Others (-0.10)",,"Falling gold prices pressure jewelry manufacturers and traders, leading to slight bearish sentiment.",2026-08-02 06:45:36
20260802SS004,Sharesansar,Kakarvitta imports petroleum products worth over Rs 24.5 billion in year,"Sunday, August 2, 2026",true,bearish,-0.4,"Manufacturing and Processing (-0.50), Banking (-0.30), Hotels and Tourism (-0.30), Insurance (-0.20)","GCIL (-0.50), NABIL (-0.30), OHL (-0.30), ALICL (-0.20)","Higher petroleum imports signal rising fuel costs and inflationary pressure, leading to a moderately bearish outlook.",2026-08-02 06:45:47
20260802SS005,Sharesansar,Mountaineering Legend Nirmal Purja Dies in Broad Peak Avalanche; Elite Exped Confirms Tragic Loss,"Saturday, August 1, 2026",false,neutral,0.0,,,The news about a mountaineer's death has no direct financial implications for Nepal's market.,2026-08-02 06:45:51
20260802SS006,Sharesansar,Miteri Development Bank Ltd. (MDB): A Fourteen - Year Financial Performance Review (Q4 2069/70 - Q4 2082/83),"Friday, July 31, 2026",true,bullish,0.5,Development Bank (+0.50),,Miteri Development Bank's strong asset and loan expansion signals a bullish outlook for the development banking sector.,2026-08-02 06:45:58
20260802SS007,Sharesansar,NEPSE Index Rebounds By 0.48% After Yesterday's 16.29 Points Slide,"Friday, July 31, 2026",true,bearish,-0.35,"Others (-0.60), Non-Life Insurance (-0.10)","ECL (+0.70), BNT (-0.60), RIDI (+0.00)","The index slipped modestly, indicating overall bearish sentiment despite isolated stock gains.",2026-08-02 06:46:05
20260802SS008,Sharesansar,Chhurpi Export up by 27 Percent; Transaction Reaches Rs 1.79 Billion in a year,"Friday, July 31, 2026",true,bullish,0.2,"Manufacturing and Processing (+0.30), Trading (+0.20), Others (+0.10)",,"Rising chhurpi exports raise optimism for manufacturing and trade-related firms, providing a mildly bullish outlook.",2026-08-02 06:46:12
20260802SS009,Sharesansar,Sana Kisan Bikas Laghubitta's Net Profit Declined By 25.36% in Q4; Distributable Profit Hits Rs. 1.64 Arba,"Friday, July 31, 2026",true,bearish,-0.5,Microfinance (-0.50),SKBBL (-0.60),The earnings decline of Sana Kisan Bikas Laghubitta signals a moderately bearish outlook for the microfinance sector.,2026-08-02 06:46:20
20260802SS010,Sharesansar,Kumari Bank Limited Provides Rs. 10 Lakhs Insurance Claim to Deceased Customer's Family,"Friday, July 31, 2026",true,neutral,0.0,Banking (+0.10),,"The routine insurance payout by Kumari Bank is unlikely to affect the broader market, resulting in a neutral outlook.",2026-08-02 06:46:32
20260803SS001,Sharesansar,Tea exports to India decline through Kakarvitta point,"Monday, August 3, 2026",true,bearish,-0.5,"Manufacturing and Processing (-0.50), Trading (-0.40), Others (-0.30)",,"The drop in tea exports to India weakens manufacturing and trade sectors, leading to a bearish market outlook.",2026-08-03 07:46:33
20260803SS002,Sharesansar,Ridi Power Shuts Down 9.9 MW Iwa Khola Hydropower Project After Flood Damage to Pipeline Infrastructure,"Monday, August 3, 2026",true,bearish,-0.4,Hydropower (-0.50),"AHPC (-0.30), API (-0.30), BARUN (-0.30), BPCL (-0.30), CHCL (-0.30), DHPL (-0.30), GVL (-0.30), HURJA (-0.30), KBPL (-0.30), MHNL (-0.30), NHPC (-0.30), NWCL (-0.30), PHPL (-0.30), RADHI (-0.30), RHPL (-0.30), UPPER (-0.30)","Flood damage forcing a hydropower plant shutdown strains the sector, leading to a bearish outlook.",2026-08-03 07:46:53
20260803SS003,Sharesansar,Samudayik and Sanjeevani Microfinance Initiate Merger Process,"Monday, August 3, 2026",true,bullish,0.4,Microfinance (+0.50),"SMFBS (+0.50), SANJ (+0.50)","The announced merger consolidates two microfinance institutions, signaling a positive outlook for the microfinance sector.",2026-08-03 07:47:03
20260803SS004,Sharesansar,ICFC Finance's Net Profit Declined By 20.67% in Q4; EPS Jumps to Rs.22.23,"Monday, August 3, 2026",true,bearish,-0.4,Finance (-0.50),ICFC (-0.60),"The profit slump at ICFC Finance drags the finance sector sentiment, leading to a moderately bearish outlook.",2026-08-03 07:47:13
20260803SS005,Sharesansar,"Himalayan Laghubitta's Q4 Profit Jumps 49%, EPS Climbs to Rs. 31.26","Monday, August 3, 2026",true,bullish,0.2,Microfinance (+0.30),HLBSL (+0.50),"Himalayan Laghubitta's strong earnings lift microfinance outlook, though deteriorating asset quality tempers enthusiasm.",2026-08-03 07:47:22
20260803SS006,Sharesansar,Five House of Representatives Thematic Committees to Hold Separate Meetings Today,"Monday, August 3, 2026",true,neutral,0.0,Finance (+0.00),,"Parliamentary committee meetings are procedural with no immediate policy changes, leading to a neutral market outlook",2026-08-03 07:47:26
20260803SS007,Sharesansar,Gold Price Rises by Rs. 800 Per Tola; Check Today's Trading Rate,"Monday, August 3, 2026",true,neutral,0.0,"Trading (+0.20), Manufacturing (-0.10)",,"Gold price rise marginally benefits trading firms while slightly pressuring manufacturers, resulting in overall neutral market impact.",2026-08-03 07:47:35
20260803SS008,Sharesansar,Nepal Oil Corporation Raises Fuel Prices; Petrol Hits Rs. 200 Per Liter in Kathmandu,"Monday, August 3, 2026",true,bearish,-0.35,"Manufacturing and Processing (-0.50), Hotels and Tourism (-0.40), Trading (-0.30)","BNT (-0.50), NBBL (-0.40), HDL (-0.40), SANIMA (-0.10)","Fuel price hikes raise costs for manufacturing, transport and tourism, weighing on market sentiment.",2026-08-03 07:47:50
20260803SS009,Sharesansar,IPPAN Urges Hydropower Developers to Issue Local Shares at Face Value of Rs. 100,"Monday, August 3, 2026",true,bullish,0.2,Hydropower (+0.20),"AHPC (+0.20), NHPC (+0.20), GVL (+0.20), KBPL (+0.20), DHPL (+0.20), RADHI (+0.20), UPPER (+0.20)",The call for face‑value share issuance is seen as a modestly bullish signal for hydropower firms by lowering social conflict risk.,2026-08-03 07:48:02
20260803SS010,Sharesansar,"Mahuli Laghubitta Delivers Exceptional Q4, Net Profit Skyrockets 1,036% to Rs. 19.32 Crore","Monday, August 3, 2026",true,bullish,0.5,Microfinance (+0.50),"CBBL (+0.30), DDBL (+0.30), MGBL (+0.30)","Mahuli Laghubitta's stellar Q4 results boost confidence in the micro‑finance sector, prompting a bullish outlook.",2026-08-03 07:48:16
20260804SS001,Sharesansar,Central Bank Digital Currency (CBDC) Set to Become Legal Money in Nepal,"Tuesday, August 4, 2026",true,bullish,0.3,"Banking (+0.40), Finance (+0.20), Insurance (+0.10)","NABIL (+0.40), KBL (+0.30), SCB (+0.30), BFC (+0.20)","Legalizing CBDC is seen as a positive step for the banking and finance sector, nudging the market bullish.",2026-08-04 06:41:12
20260804SS002,Sharesansar,Shine Resunga Reports 82.97% Rise in Net Profit for Q4; Operating Profit Reaches Rs. 1.73 Arba,"Tuesday, August 4, 2026",true,bullish,0.4,"Development Bank (+0.50), Banking (+0.20)",,"Strong profit surge at Shine Resunga Development Bank lifts sentiment for development banks, yielding a bullish outlook",2026-08-04 06:41:22
20260804SS003,Sharesansar,"""Siddhartha Equity Fund 2"" Mutual Fund Scheme Listed on NEPSE","Tuesday, August 4, 2026",true,neutral,0.2,"Investment (+0.50), Trading (+0.10)",,"The listing of Siddhartha Equity Fund 2 adds a new closed‑end mutual fund to NEPSE, giving a modest bullish lift to the Investment sector.",2026-08-04 06:41:29
20260804SS004,Sharesansar,Finance Minister Dr. Swarnim Wagle to Meet Top Commercial Bank CEOs to Discuss Economic Reforms Today,"Tuesday, August 4, 2026",true,bullish,0.4,"Banking (+0.50), Finance (+0.30), Development Bank (+0.20)","NABIL (+0.50), EBL (+0.50), NICA (+0.50), SBI (+0.50), KBL (+0.50), MBL (+0.50), CBL (+0.50), GBIME (+0.50), HBL (+0.50), NMB (+0.50), PCBL (+0.50), PRVU (+0.50), SANIMA (+0.50), SCB (+0.50), SRBL (+0.50)",The ministerial meeting signals forthcoming economic reforms that are expected to boost the outlook for Nepal's banking sector.,2026-08-04 06:41:44
20260804SS005,Sharesansar,"Deadline Extended for ""7% Laxmi Sunrise Debenture 2092""; Issue to Close on Shrawan 28","Tuesday, August 4, 2026",true,neutral,0.2,Banking (+0.30),,"Extension of Laxmi Sunrise Bank's debenture issue indicates modest investor interest, yielding a neutral to slightly bullish market view.",2026-08-04 06:41:52
20260804SS006,Sharesansar,Abhijit K.C. Appointed Acting CEO of Crest Micro Life Insurance,"Tuesday, August 4, 2026",true,neutral,-0.2,Insurance (-0.20),,Management change following a regulator's suspension may cause short‑term uncertainty but no immediate major market shift.,2026-08-04 06:42:01
20260804SS007,Sharesansar,Gold Price Falls Slightly by Rs. 200; Check Today's Trading Rate,"Tuesday, August 4, 2026",false,neutral,0.0,,,The slight drop in gold price and rise in silver price have no direct impact on listed sectors or stocks.,2026-08-04 06:42:05
20260804SS008,Sharesansar,"Siddhartha Bank Reports 4.54% Growth in Annual Profit, Deposits Cross Rs. 3.27 Kharba","Tuesday, August 4, 2026",true,bullish,0.4,Banking (+0.40),,Siddhartha Bank's modest profit and deposit growth signals a moderately bullish outlook for the banking sector.,2026-08-04 06:42:15
20260804SS009,Sharesansar,"NMB Bank Q4 Profit Jumps 40.6% to Rs. 4.01 Arba, EPS Climbs to Rs. 19.53","Tuesday, August 4, 2026",true,bullish,0.45,Banking (+0.50),NMB (+0.60),NMB Bank's strong Q4 profit surge and improved fundamentals boost sentiment for the banking sector.,2026-08-04 06:42:23
20260804SS010,Sharesansar,Former Finance Minister Khanal Calls for Major Policy Reforms to Revive Nepal's MSMEs,"Monday, August 3, 2026",true,bullish,0.35,"Insurance (+0.60), Microfinance (+0.40), Banking (+0.30), Development Bank (+0.30), Finance (+0.20)","ALICL (+0.60), GILC (+0.60), HGI (+0.60), NLIC (+0.60), CBBL (+0.40), SMFBS (+0.40), NABIL (+0.30), KBL (+0.30)","Proposed insurance and financing reforms for MSMEs are seen as moderately bullish for insurance, micro‑finance and banking sectors.",2026-08-04 06:42:49
20260805SS001,Sharesansar,National Agriculture Policy 2083  Launched,"Wednesday, August 5, 2026",true,bullish,0.3,"Finance (+0.40), Microfinance (+0.40), Insurance (+0.30), Manufacturing and Processing (+0.20), Trading (+0.20)","NABIL (+0.40), NMB (+0.40), KBL (+0.30), CBBL (+0.40), SKBBL (+0.40), ALICL (+0.30), HGI (+0.30)","The new agriculture policy is expected to boost loan, insurance and processing demand, giving a modest bullish lift to finance‑related stocks.",2026-08-05 06:42:06
20260805SS002,Sharesansar,PM Balendra Shah Calls Ministerial Meeting Today; Meeting to Begin at 11:30  Am,"Wednesday, August 5, 2026",false,neutral,0.0,,,The announcement of a routine ministerial meeting without disclosed agenda has no immediate bearing on market sentiment.,2026-08-05 06:42:09
20260805SS003,Sharesansar,Nepal Rasta Bank to Collect 85 Billion from BFI's for 3 Month Period,"Wednesday, August 5, 2026",true,bearish,-0.5,"Banking (-0.60), Development Bank (-0.50), Finance (-0.40), Microfinance (-0.30)","NABIL (-0.60), EBL (-0.60), KBL (-0.60), SCB (-0.60), BFC (-0.40), CFCL (-0.40), CBBL (-0.30), DDBL (-0.30)","NRB's 85 billion rupee short‑term deposit call drains liquidity from banks and financial institutions, pressuring funding costs and creating a bearish market outlook.",2026-08-05 06:42:20
20260805SS004,Sharesansar,Gold Price Rises by Rs. 4200 Per Tola; Check Today's Trading Rate,"Wednesday, August 5, 2026",true,neutral,0.0,"Manufacturing and Processing (-0.20), Trading (+0.10)",,"Gold price rise is modest and has limited direct effect on listed companies, resulting in an overall neutral market outlook",2026-08-05 06:42:27
20260805SS005,Sharesansar,Dr. Kadir Alam Appointed Chairman of Nepal Pharmacy Council,"Wednesday, August 5, 2026",false,neutral,0.0,,,The appointment of the Nepal Pharmacy Council chairman does not directly affect any listed NEPSE sectors or stocks.,2026-08-05 06:42:30
20260805SS006,Sharesansar,"Laxmi Sunrise Bank Limited Closing the Issue of ""7% Laxmi Sunrise Debenture 2092"" From Today","Wednesday, August 5, 2026",true,bullish,0.2,Banking (+0.20),LSL (+0.20),The debenture offering by Laxmi Sunrise Bank is a modestly positive development for the banking sector.,2026-08-05 06:42:37
20260805SS007,Sharesansar,NRN Infrastructure and Development to Invest in 21 MW Hydropower Project,"Wednesday, August 5, 2026",true,bullish,0.2,Hydropower (+0.40),"NHPC (+0.30), AHPC (+0.30), GVL (+0.20), RHPL (+0.20)","The announcement of a new hydropower investment boosts sector sentiment, offering a modest bullish tilt to related stocks.",2026-08-05 06:42:49
20260805SS008,Sharesansar,Nabil Bank's Q4 Profit Surges 33.50%; Distributable Profit Climbs to Rs. 5.16 Arba,"Wednesday, August 5, 2026",true,bullish,0.55,"Banking (+0.70), Finance (+0.30), Microfinance (+0.10), Insurance (+0.00)","NABIL (+0.90), EBL (+0.20), KBL (+0.20), SBI (+0.20), MBL (+0.15)",Nabil Bank's robust profit surge and improved asset quality signal a bullish outlook for the banking sector.,2026-08-05 06:42:59
20260805SS009,Sharesansar,"Global IME Bank Reports Strong Q4 with 22.67% Profit Growth, EPS at Rs. 16.34","Wednesday, August 5, 2026",true,bullish,0.45,Banking (+0.50),GBIME (+0.60),Robust Q4 results from Global IME Bank signal a bullish tone for the banking sector.,2026-08-05 06:43:05
20260805SS010,Sharesansar,Everest Bank's Q4 Net Profit Rises 4.75% to Rs. 5.06 Arba; Distributable Profit Reaches Rs. 3.80 Arba,"Wednesday, August 5, 2026",true,neutral,0.2,"Banking (+0.15), Finance (+0.00)",EBL (+0.30),"Everest Bank’s modest earnings improvement lifts banking sentiment, but higher loan impairments and a weaker capital ratio keep the overall market impact neutral.",2026-08-05 06:43:18
20260806SS001,Sharesansar,Jyoti Bikas Bank's FY 2082/83 Net Profit Soars Over 9-Fold to Rs. 1 Arba,"Thursday, August 6, 2026",true,bullish,0.6,"Development Bank (+0.70), Banking (+0.20)","JBBL (+0.90), CORBL (+0.30)","JBBL's nine‑fold profit increase and improved ratios boost sentiment for development banks, leading to a bullish market impact.",2026-08-06 06:46:02
20260806SS002,Sharesansar,Lumbini Bikas Bank Posts Strong FY 2082/83 Results with 252.96% Surge in Net Profit,"Thursday, August 6, 2026",true,bullish,0.5,Development Bank (+0.60),LBBL (+0.80),Lumbini Bikas Bank's strong earnings and improved funding costs lift development‑bank sentiment despite a higher NPL ratio.,2026-08-06 06:46:07
20260806SS003,Sharesansar,Nepal Bank Customers and Employees to Receive Up to 20% Discount at Peoples Dental College & Hospital,"Thursday, August 6, 2026",true,bullish,0.2,Banking (+0.20),NABIL (+0.30),"The discount partnership boosts Nepal Bank’s appeal, giving a modest bullish tilt to the banking sector",2026-08-06 06:46:12
20260806SS004,Sharesansar,"Gold Price Soars by Rs 8,000 Per Tola, Silver Also Gains","Thursday, August 6, 2026",true,bearish,-0.3,Others (-0.30),,"Rising precious metal prices raise inflation concerns, putting modest bearish pressure on the market",2026-08-06 06:46:16
20260806SS005,Sharesansar,No Dividends to The Shareholders of Multipurpose Finance Company Limited,"Thursday, August 6, 2026",true,bearish,-0.5,Finance (-0.50),MPFL (-0.60),The announcement of no dividend by MPFL creates bearish pressure on the finance sector and its stock.,2026-08-06 06:46:21
20260806SS006,Sharesansar,Garima Bikas Bank's FY 2082/83 Net Profit Jumps 35.34% to Rs. 1.68 Arba; EPS Climbs to Rs. 28.04,"Thursday, August 6, 2026",true,bullish,0.35,Development Bank (+0.50),GBBL (+0.70),"Garima Bikas Bank's strong earnings and loan expansion lift development bank outlook, giving a modest bullish tilt to the market",2026-08-06 06:46:27
20260806SS007,Sharesansar,Ncell Launches Monsoon Offer with Up to 20% Cashback on Pack Purchases,"Thursday, August 6, 2026",false,neutral,0.0,,,"The Ncell promotion does not affect listed stocks, resulting in a neutral market impact.",2026-08-06 06:46:30
20260806SS008,Sharesansar,Rising Impairment Charges and Higher NPLs Drag ADBL's Q4 Net Profit Down 29.52%,"Thursday, August 6, 2026",true,bearish,-0.5,"Development Bank (-0.60), Banking (-0.20)",ADBL (-0.70),ADBL's sharp profit decline and rising NPLs create bearish pressure on the development banking sector and broader market.,2026-08-06 06:46:35
20260806SS009,Sharesansar,Finance Minister Urges Nepal Rastra Bank to Become Partner in Economic Transformation,"Wednesday, August 5, 2026",true,bullish,0.45,"Banking (+0.50), Finance (+0.40), Microfinance (+0.30), Hydropower (+0.20), Manufacturing and Processing (+0.20)","NABIL (+0.55), KBL (+0.50), EBL (+0.45), SCB (+0.45), SANIMA (+0.40), BFC (+0.40), CFCL (+0.35), CBBL (+0.35), DHPL (+0.25), BNL (+0.25)","The finance minister’s call for the central bank to actively support credit flow and fintech is seen as a bullish catalyst for banks, finance firms and credit‑dependent sectors.",2026-08-06 06:46:48
20260806SS010,Sharesansar,NEPSE Index Edges Up By 4.79  Points; SOHL Tops the Turnover,"Wednesday, August 5, 2026",true,bullish,0.2,"Hydropower (+0.50), Trading (-0.50), Development Bank (-0.20)","SOHL (+0.70), ECL (-0.70)","A modest index rise driven by a strong performance in Solu Hydropower offsets sectoral weakness in Trading, indicating a slightly bullish market mood.",2026-08-06 06:46:57
20260807SS001,Sharesansar,Upakar Laghubitta Swings to Rs. 5.61 Crore Profit in Q4; EPS Rises to Rs. 52.93,"Friday, August 7, 2026",true,bullish,0.3,Microfinance (+0.30),,"Upakar Laghubitta's profit swing signals improving microfinance earnings, giving a modest bullish cue to the market",2026-08-07 05:50:47
20260807SS002,Sharesansar,Ingwa Hydropower Resumes Partial Power Generation After Flood Damage,"Friday, August 7, 2026",true,neutral,0.1,Hydropower (+0.20),,The partial resumption of power generation is a modestly positive signal for the hydropower sector but unlikely to shift the broader market direction.,2026-08-07 05:50:52
20260807SS003,Sharesansar,FMDBL vs. RSDC vs. SKBBL: A Fourteen-Year Comparative Financial Performance Review (Q4 2069/70–Q4 2082/83),"Friday, August 7, 2026",true,bullish,0.2,Microfinance (+0.20),SKBBL (+0.30),"The comparative review shows expanding balances and lending for leading microfinance firms, giving the sector a mildly bullish tone.",2026-08-07 05:50:58
20260807SS004,Sharesansar,"Cash Dividend Declarations for Kumari Equity Fund, Kumari Dhanabriddhi Yojana and Kumari Sabal Yojana ; When's the Book Closure?","Friday, August 7, 2026",true,bullish,0.3,Mutual Fund (+0.50),,Dividend announcements for Kumari mutual funds raise investor confidence in the mutual fund sector.,2026-08-07 05:51:03
20260807SS005,Sharesansar,"IRD Unveils First Taxpayer Incentive Draw, Awards Rs. 10 Lakhs Bumper Prize","Friday, August 7, 2026",true,neutral,0.15,"Banking (+0.20), Finance (+0.10), Microfinance (+0.20), Trading (+0.15), Manufacturing and Processing (+0.00)","NABIL (+0.20), KBL (+0.20), BFCL (+0.10), CBBL (+0.20), RMDC (+0.15)","The taxpayer incentive draw promotes formal invoicing and digital payments, providing a modest boost to financial and retail‑related stocks.",2026-08-07 05:51:09
20260807SS006,Sharesansar,Mandu Hydropower Limted  Announces Conclusion of Lock-in Period for Promoters Local Residents of the Project Affected Area And Employees Shares on Bhadra 23,"Friday, August 7, 2026",true,bearish,-0.4,Hydropower (-0.40),,"Promoter lock‑in expiry in Mandu Hydropower may increase share supply, creating bearish sentiment.",2026-08-07 05:51:14
20260807SS007,Sharesansar,"Support Laghubitta's Q4 Net Profit Soars 181% to Rs. 7.61 Crores, EPS Reaches Rs. 56.82","Friday, August 7, 2026",true,bullish,0.6,Microfinance (+0.60),SMB (+0.60),The outstanding earnings and risk metric improvements for Support Laghubitta signal a bullish outlook for the microfinance sector.,2026-08-07 05:51:20
20260807SS008,Sharesansar,Speaker Introduces Ban on Share Trading During Parliamentary Sessions,"Thursday, August 6, 2026",true,bearish,-0.2,"Banking (-0.10), Insurance (-0.05), Hydropower (-0.05), Manufacturing (-0.05)","NABIL (-0.10), KBL (-0.08), NHPC (-0.05), ALICL (-0.05)","The new rule restricting MPs from trading shares is expected to slightly dampen market activity and sentiment, leading to a mildly bearish outlook.",2026-08-07 05:51:28
20260807SS009,Sharesansar,Sher Bahadur Deuba Returning to Nepal on Shrawan 26,"Thursday, August 6, 2026",true,neutral,0.0,,,"The former Prime Minister's return is a political event with no immediate direct effect on corporate earnings or sector performance, leading to a neutral market outlook.",2026-08-07 05:51:31
20260807SS010,Sharesansar,Nepal Bank Signs Loan Agreement for Chitwan Energy's Lower Thulokhola Hydropower Project,"Thursday, August 6, 2026",true,bullish,0.3,"Hydropower (+0.40), Banking (+0.20)","NABIL (+0.20), NHPC (+0.30), BARUN (+0.20)","The loan agreement boosts confidence in hydropower development and adds earnings potential for Nepal Bank, leading to a modest bullish outlook.",2026-08-07 05:51:38
20260809SS001,Sharesansar,"Kumari Bank is Auctioning 3,20,948 Units Promoter Shares from Today","Sunday, August 9, 2026",true,bearish,-0.45,Banking (-0.50),"KBL (-0.60), NABIL (-0.10), EBL (-0.10)","The promoter share auction at Kumari Bank increases share supply, creating bearish pressure on KBL and the broader banking sector.",2026-08-09 05:18:26
20260809SS002,Sharesansar,Gumukhola Bhyakure Hydropower Appoints RBB Merchant Banking as IPO Issue and Sales Manager,"Sunday, August 9, 2026",true,bullish,0.25,"Hydropower (+0.40), Investment (+0.10)","NHPC (+0.30), API (+0.20), BARUN (+0.20), UPPER (+0.20)",The announcement of a new hydropower IPO boosts bullish sentiment for the hydropower sector and related stocks.,2026-08-09 05:18:38
20260809SS003,Sharesansar,Mahalaxmi Bikas Bank Launches Nursing Care and Day Care Facility for Women Employees,"Sunday, August 9, 2026",true,neutral,0.1,Development Bank (+0.20),,The nursing and day‑care facility shows positive employee‑focused CSR but has little immediate financial effect on the market.,2026-08-09 05:18:49
20260809SS004,Sharesansar,"Reliable Samriddhi Yojana-2 Units Listed on NEPSE, Trading to Begin Shrawan 25","Sunday, August 9, 2026",true,neutral,0.2,Mutual Fund (+0.20),,The new mutual fund listing provides a modest positive nuance to the mutual fund sector but has limited effect on the broader market.,2026-08-09 05:18:54
20260809SS005,Sharesansar,"YADEA Launches GS70, GT70 and GT80 Electric Scooters in Nepal","Sunday, August 9, 2026",false,neutral,0.0,,,The launch of electric scooters has no direct impact on listed Nepali companies or sectors.,2026-08-09 05:19:01
20260809SS006,Sharesansar,Hulas Finserv Reports 84.45% Surge in Net Profit to Rs. 398.72 Million,"Sunday, August 9, 2026",true,bullish,0.55,Finance (+0.60),,"Hulas Finserv's strong earnings and loan portfolio expansion positively influence the finance sector, leading to a moderately bullish outlook.",2026-08-09 05:19:06
20260809SS007,Sharesansar,Greenply Nepal to Issue 16.40 Lakhs Shares in Upcoming IPO,"Sunday, August 9, 2026",true,bullish,0.3,"Manufacturing (+0.40), Investment (+0.20)",,"The upcoming IPO of Greenply Nepal is bullish for the manufacturing sector, adding growth potential and investor interest.",2026-08-09 05:19:13
20260809SS008,Sharesansar,"BYD Opens Authorized Service Centre in Pokhara, Strengthening EV Support Network","Sunday, August 9, 2026",true,bullish,0.2,Others (+0.20),,"The new BYD authorized service centre strengthens EV infrastructure, providing modest positive sentiment for the market",2026-08-09 05:19:19
20260809SS009,Sharesansar,"Kamana Sewa Bikas Bank Proposes First Dividend of FY 2082/83, Announces 15% Cash Dividend","Friday, August 7, 2026",true,bullish,0.4,Development Bank (+0.50),KSBBL (+0.50),"The dividend payout is viewed as a positive earnings signal, lifting sentiment for development banks.",2026-08-09 05:19:29
20260809SS010,Sharesansar,Vision Securities Launches Margin Trading Services for Investors,"Friday, August 7, 2026",true,bullish,0.3,"Trading (+0.30), Investment (+0.10)","NABIL (+0.20), EBL (+0.20)","Launch of margin trading is expected to enhance market liquidity and buying power, giving a modest bullish tilt.",2026-08-09 05:19:36
20260810SS001,Sharesansar,"Gold Price Falls Slightly, Silver Rises to Rs. 4670","Monday, August 10, 2026",true,bullish,0.1,"Manufacturing and Processing (+0.20), Trading (+0.10), Others (+0.00)","BNT (+0.20), HDL (+0.15), KDL (+0.10)","Slight drop in gold and rise in silver are expected to marginally boost manufacturing and trading activities, leading to a modest bullish tilt.",2026-08-10 05:44:28
20260810SS002,Sharesansar,Nerude Mirmire Laghubitta Swings to Rs. 23.59 Crore Profit in Q4 FY 2082/83,"Monday, August 10, 2026",true,bullish,0.4,Microfinance (+0.50),NMLBBL (+0.50),The profit reversal and strengthened balance sheet of Nerude Mirmire Laghubitta signal a moderately bullish shift for the micro‑finance sector.,2026-08-10 05:44:39
20260810SS003,Sharesansar,Prime Minister Balen Shah to Hold Separate Meetings with Indian and Chinese Ambassadors,"Monday, August 10, 2026",true,neutral,0.2,"Hydropower (+0.30), Trading (+0.20), Investment (+0.20), Manufacturing and Processing (+0.10)","NHPC (+0.30), BARUN (+0.20), BFC (+0.10), BNT (+0.10)","Diplomatic meetings with India and China suggest potential uplift in foreign investment and trade, leading to modestly positive market tone.",2026-08-10 05:44:48
20260810SS004,Sharesansar,Upper Solu Hydro’s Net Profit Surges 84.41% to Rs. 20.87 Crore in Q4,"Monday, August 10, 2026",true,bullish,0.55,Hydropower (+0.50),UPPER (+0.60),Upper Solu Hydro's robust earnings lift sentiment for the hydropower sector and its ticker.,2026-08-10 05:44:53
20260810SS005,Sharesansar,House of Representatives to Meet Today at 1 PM to Discuss Four Key Bills,"Monday, August 10, 2026",true,bullish,0.35,"Banking (+0.40), Finance (+0.30), Insurance (+0.20), Microfinance (+0.10)","NABIL (+0.40), KBL (+0.40), EBL (+0.40), BFC (+0.30), CFCL (+0.30), ALICL (+0.20)","The proposed EPF amendment and related bills are expected to raise deposits and fund inflows, giving a modestly bullish outlook for financial sector stocks.",2026-08-10 05:45:05
20260810SS006,Sharesansar,Machhapuchchhre Bank Launches 'Bill Jitau' Feature on Mobile App To Support Govt Tax Reward Scheme,"Sunday, August 9, 2026",true,bullish,0.45,Banking (+0.40),MBL (+0.60),"The new 'Bill Jitau' feature encourages digital payments, boosting transaction volumes and customer engagement for Machhapuchchhre Bank and the broader banking sector.",2026-08-10 05:45:14
20260810SS007,Sharesansar,Gold Price Crosses Rs. 3 Lakh Again as Prices Rebound Strongly; Silver Follows Uptrend,"Sunday, August 9, 2026",true,bearish,-0.3,"Manufacturing and Processing (-0.20), Trading (-0.20)",,"Rising gold and silver prices may attract investors to precious metals, putting slight downward pressure on equity markets",2026-08-10 05:45:20
20260810SS008,Sharesansar,NADA Auto Show 2026 to Open in Kathmandu With 50pc Early-Bird Ticket Discount,"Sunday, August 9, 2026",true,neutral,0.05,"Manufacturing and Processing (+0.10), Finance (+0.08), Insurance (+0.07)","NABIL (+0.08), NMB (+0.07), ALICL (+0.06)","The auto show is expected to have a neutral overall effect with modest positive influence on manufacturing, finance and insurance sectors.",2026-08-10 05:45:35
20260810SS009,Sharesansar,"NEPSE Concludes The Week With 1.32% Loss and Turnover of Rs. 21.44 Arba; Weekly Summary with Sector Comparison, Major Highlights, and More","Sunday, August 9, 2026",true,bearish,-0.5,"Banking (-0.50), Hydropower (-0.40), Manufacturing (-0.20)",KBL (-0.50),"The index fell 1.32% with bearish technical indicators, pointing to a moderately bearish market outlook.",2026-08-10 05:45:46
20260811SS001,Sharesansar,"Gold Surges to Rs. 307,900 Per Tola; Silver Climbs to Rs. 4,780","Tuesday, August 11, 2026",true,bearish,-0.3,"Manufacturing and Processing (-0.20), Others (-0.10)",,"The surge in gold and silver prices raises inflation concerns, weighing mildly on market sentiment.",2026-08-11 05:29:20
20260811SS002,Sharesansar,Jhapa Energy Restores Full 10 MW Power Generation After Inverter Fire,"Tuesday, August 11, 2026",true,neutral,0.2,Hydropower (+0.20),,Restoration of Jhapa Energy's solar output provides a modest bullish signal for the hydropower sector.,2026-08-11 05:29:26
20260811SS003,Sharesansar,SEBON Chief Promises Direct Action and Law Updates to Fix Nepal Stock Market,"Tuesday, August 11, 2026",true,bullish,0.3,"Banking (+0.35), Trading (+0.40), Finance (+0.20), Manufacturing and Processing (+0.10), Hydropower (+0.05)","NABIL (+0.40), SANIMA (+0.35), KBL (+0.30), EBL (+0.25), AHPC (+0.10)","SEBON's pledge for regulatory reforms and introduction of short‑selling is expected to improve market confidence and liquidity, giving a modest bullish tilt to the overall market.",2026-08-11 05:29:34
20260811SS004,Sharesansar,Colombia EarthQuake Toll Hits 111 as Rescuers Dig Through Rubble,"Tuesday, August 11, 2026",false,neutral,0.0,,,The Colombian earthquake has no direct impact on Nepal's financial markets.,2026-08-11 05:29:41
20260811SS005,Sharesansar,Sanigad Hydro’s Net Profit Soars 390% in Q4; EPS Rises to Rs. 9.33,"Tuesday, August 11, 2026",true,bullish,0.5,Hydropower (+0.60),"NHPC (+0.20), AHPC (+0.20), HURJA (+0.20), RADHI (+0.20), UPPER (+0.20)","Strong quarterly profit growth at Sanigad Hydro lifts hydro‑sector sentiment, creating a moderately bullish market outlook",2026-08-11 05:29:50
20260811SS006,Sharesansar,MoU Signed for Merger Between Two Microfinance Institutions,"Tuesday, August 11, 2026",true,bullish,0.2,Microfinance (+0.30),"MLBSL (+0.40), FMDBL (+0.40)","The merger of two microfinance firms is likely to modestly boost the microfinance sector, yielding a slightly bullish market tone.",2026-08-11 05:30:01
20260811SS007,Sharesansar,Rauniyar Proposes 15-Point Reform Agenda to Modernize Nepal’s Capital Market,"Monday, August 10, 2026",true,bullish,0.5,"Banking (+0.50), Development Bank (+0.40), Finance (+0.30), Microfinance (+0.20), Insurance (+0.20), Manufacturing and Processing (+0.20)","NABIL (+0.50), EBL (+0.50), SANIMA (+0.40), NMB (+0.40), KBL (+0.30), NHPC (+0.20), TRH (+0.20)","Proposed tax cuts, removal of trading limits and new instruments are expected to boost market liquidity and attract investors, creating a bullish outlook.",2026-08-11 05:30:14
20260811SS008,Sharesansar,Indonesian President Nominates Acting Head to Lead Central Bank,"Monday, August 10, 2026",false,neutral,0.0,,,Indonesia central bank leadership change has limited direct impact on Nepal market.,2026-08-11 05:30:17
20260811SS009,Sharesansar,National Life Insurance Holds Branch Manager's Conference in Gorkha,"Monday, August 10, 2026",true,bullish,0.25,"Life Insurance (+0.30), Insurance (+0.20)",NLIC (+0.40),"The conference highlights growth initiatives and digital transformation at National Life Insurance, giving a modest bullish tone to the life insurance segment.",2026-08-11 05:30:27
20260811SS010,Sharesansar,"Sitaram Gokul Milks Launches New Website, Mobile App Coming Soon","Monday, August 10, 2026",false,neutral,0.0,Manufacturing and Processing (+0.20),,"The news is about a private dairy firm and has limited direct effect on listed stocks, yielding a neutral market outlook.",2026-08-11 05:30:32
20260812SS001,Sharesansar,Gold Price Falls by Rs. 1200 Per Tola; Check Today's Trading Rate,"Wednesday, August 12, 2026",false,neutral,0.0,,,Gold price decline has no direct impact on listed sectors or stocks.,2026-08-12 05:46:46
20260812SS002,Sharesansar,Kumari Bank’s Net Profit Surges 305.96% to Rs. 7.38 Arba in Q4 FY 2082/83; EPS at Rs. 28.17,"Wednesday, August 12, 2026",true,bullish,0.68,Banking (+0.50),KBL (+0.90),Kumari Bank's extraordinary profit growth and improved fundamentals are likely to boost investor sentiment toward banking stocks.,2026-08-12 05:46:51
20260812SS003,Sharesansar,NRB to Collect 30 Billion from BFI's; Interest and Deposits Returns after 1 Month,"Wednesday, August 12, 2026",true,bearish,-0.45,"Banking (-0.50), Development Bank (-0.40), Finance (-0.30), Microfinance (-0.30), Insurance (-0.20)","NABIL (-0.50), EBL (-0.50), KBL (-0.50), NMB (-0.50), CORBL (-0.40), EDBL (-0.40), BFC (-0.30), ICFC (-0.30), CBBL (-0.30), DDBL (-0.30), ALICL (-0.20), GILC (-0.20)","NRB's Rs 30 billion deposit sweep tightens liquidity across banks and financial institutions, creating bearish pressure on their earnings and funding costs.",2026-08-12 05:47:03
20260812SS004,Sharesansar,Seven Parliamentary Committees Meet Today to Discuss Bills and Public Issues,"Wednesday, August 12, 2026",true,neutral,0.0,"Finance (+0.10), Others (+0.05)",,"Parliamentary committee meetings are policy‑focused with no immediate corporate impact, leading to a neutral market outlook",2026-08-12 05:47:09
20260812SS005,Sharesansar,Sanima Bank Signs Deal with Truck Operators for QR-based Toll Payment at Naagdhunga Tunnel,"Wednesday, August 12, 2026",true,bullish,0.3,"Banking (+0.35), Others (+0.10)",SANIMA (+0.45),"The QR‑based toll payment agreement adds a digital revenue stream for Sanima Bank, creating a modestly bullish effect on the banking sector.",2026-08-12 05:47:16
20260812SS006,Sharesansar,"Garima Mutual Fund Launches Online Sale, Redemption System for Garima Subarna Yojana","Wednesday, August 12, 2026",true,bullish,0.3,"Mutual Fund (+0.40), Development Bank (+0.10)",,"The new digital platform is likely to increase mutual fund participation, providing a modest bullish lift to the market.",2026-08-12 05:47:21
20260812SS007,Sharesansar,Citizen Life Insurance Company Limited Announces Conclusion of Lock-in Period for Promoters and Employee Shares on Bhadra 27,"Wednesday, August 12, 2026",true,bearish,-0.4,Life Insurance (-0.40),,"Lock‑in expiry may increase supply of promoter/employee shares, putting downward pressure on Citizen Life Insurance stock",2026-08-12 05:47:27
20260812SS008,Sharesansar,Government Approves IPO of NRN Nepal Development Fund; Rs. 10 Arba Investment Projects to Move Ahead,"Wednesday, August 12, 2026",true,bullish,0.45,"Hydropower (+0.40), Manufacturing and Processing (+0.30), Investment (+0.50), Trading (+0.20)","NHPC (+0.40), BNT (+0.30), KBL (+0.20), NABIL (+0.20)","Approval of the NRN Nepal Development Fund IPO is expected to attract substantial diaspora capital, boosting investment, infrastructure, and overall market sentiment.",2026-08-12 05:47:34
20260812SS009,Sharesansar,"Fonepay Credit Card Crosses 50,000 Users with Support from Nine Partner Banks","Wednesday, August 12, 2026",true,bullish,0.4,"Banking (+0.50), Finance (+0.20), Microfinance (+0.10)","NABIL (+0.50), EBL (+0.50), KBL (+0.50), MBL (+0.50), SANIMA (+0.40), SCB (+0.40), SRBL (+0.40), PCBL (+0.30), HBL (+0.30)","The rapid uptake of Fonepay's virtual credit card signals growing digital credit demand, boosting fee income and transaction volumes for partner banks.",2026-08-12 05:47:42
20260812SS010,Sharesansar,"Xiaomi Launches Redmi Watch 6 Series in Nepal Starting at Rs. 10,999","Wednesday, August 12, 2026",false,neutral,0.0,,,Xiaomi's smartwatch launch does not affect any listed Nepali companies or sectors.,2026-08-12 05:47:47
20260813SS001,Sharesansar,Reliable Samriddhi Yojana Proposes 8.42% Cash Dividend For the FY 82/83; When's the Book Closure?,"Thursday, August 13, 2026",true,bullish,0.4,"Life Insurance (+0.40), Mutual Fund (+0.30)",,"The announced dividend boosts sentiment for the life‑insurance and mutual‑fund sectors, implying a moderately bullish outlook.",2026-08-13 05:49:12
20260813SS002,Sharesansar,Garima Samriddi Yojana Decides Not To Distribute Dividend For FY 2081/82,"Thursday, August 13, 2026",true,bearish,-0.4,Mutual Fund (-0.50),,"The decision to skip dividend distribution by Garima Samriddi Yojana dents investor returns, causing a mildly bearish sentiment for the mutual fund sector.",2026-08-13 05:49:19
20260813SS003,Sharesansar,Shivam Cement’s Profit Falls 1.72% as Sales Revenue Drops,"Thursday, August 13, 2026",true,bearish,-0.35,Manufacturing (-0.40),SHIVM (-0.50),"Shivam Cement reported lower profit and revenue, indicating a modest bearish pressure on its shares and the manufacturing sector.",2026-08-13 05:49:26
20260813SS004,Sharesansar,Solu Hydropower’s Profit Surges 33.83% to Rs. 1.11 Arba as Revenue Rises 24.46%,"Thursday, August 13, 2026",true,bullish,0.4,Hydropower (+0.60),,"Solu Hydropower’s strong profit and revenue growth lifts the hydropower sector, prompting a moderate bullish sentiment.",2026-08-13 05:49:34
20260813SS005,Sharesansar,Mandu Hydropower Proposes 12% Cash Dividend for FY 2082/83,"Thursday, August 13, 2026",true,bullish,0.2,Hydropower (+0.20),,"Mandu Hydropower's dividend proposal signals profitability, giving a modest bullish boost to the hydropower sector.",2026-08-13 05:49:39
20260813SS006,Sharesansar,LS Capital Reports Rs. 7.63 Crores Net Profit in Q4 FY 2082/83; EPS at Rs. 15.61,"Thursday, August 13, 2026",true,bullish,0.3,Mutual Fund (+0.30),,LS Capital’s earnings and dividend capacity give a modest bullish outlook for the mutual fund sector.,2026-08-13 05:49:46
20260813SS007,Sharesansar,SEBON Unveils Primary Capital Market Reform Policy 2083 to Boost Transparency and Investment,"Thursday, August 13, 2026",true,bullish,0.45,"Banking (+0.30), Finance (+0.20), Hydropower (+0.40), Manufacturing and Processing (+0.35), Hotels and Tourism (+0.25), Trading (+0.20)","NABIL (+0.35), EBL (+0.30), KBL (+0.30), NHPC (+0.45), BARUN (+0.40), BNL (+0.35), OHL (+0.30)","The primary market reform enhances transparency, investor protection and capital access, fostering a moderately bullish outlook for the Nepali market.",2026-08-13 05:50:03
20260813SS008,Sharesansar,Sarbottam Cement’s Q4 Profit Rises 7.70% to Rs. 1.10 Arba,"Thursday, August 13, 2026",true,bullish,0.4,Manufacturing (+0.40),SARBTM (+0.50),Higher earnings and revenue from Sarbottam Cement lift sentiment in the manufacturing space,2026-08-13 05:50:12
20260813SS009,Sharesansar,Tata Motors Unveils New Punch.ev and Tiago.ev at NAIMA Nepal Mobility Expo 2026,"Wednesday, August 12, 2026",true,bullish,0.2,"Trading (+0.30), Manufacturing and Processing (+0.10), Hydropower (+0.05)",,The EV rollout is likely to modestly lift trading‑related stocks while having limited broader market effect.,2026-08-13 05:50:19
20260813SS010,Sharesansar,Reliable Nepal Life Insurance Honors Top Agents at Three Day Event,"Wednesday, August 12, 2026",true,bullish,0.25,Life Insurance (+0.30),,"The celebration of top agents signals improved motivation in the life insurance sector, providing a modest bullish cue.",2026-08-13 05:50:28
20260814SS001,Sharesansar,Gold Price Falls by Rs. 4600 Per Tola; Silver by Rs. 90,"Friday, August 14, 2026",true,neutral,0.0,"Trading (-0.20), Manufacturing and Processing (-0.10)",,"Falling gold and silver prices slightly dampen sentiment for trading and related sectors, but overall market impact remains neutral.",2026-08-14 05:46:17
20260814SS002,Sharesansar,Samsung Unveils Galaxy Z Fold8 Series and Watch Lineup in Nepal,"Friday, August 14, 2026",false,neutral,0.0,,,The Samsung product launch does not directly affect any listed Nepalese sectors or stocks.,2026-08-14 05:46:21
20260814SS003,Sharesansar,"Himalayan Bank’s Net Profit Surges 1,041.16% to Rs. 1.48 Arba in Q4 FY 2082/83; EPS Jumps 994.42% to Rs. 6.56","Friday, August 14, 2026",true,bullish,0.5,Banking (+0.50),HBL (+0.70),"Himalayan Bank’s extraordinary profit jump signals strong earnings growth, boosting sentiment for the banking sector",2026-08-14 05:46:26
20260814SS004,Sharesansar,"Citizens Bank’s Net Profit Surges 63.05% to Rs. 2.09 Arba, EPS Jumps 55.29% to Rs. 13.53","Friday, August 14, 2026",true,bullish,0.42,Banking (+0.50),,"Citizens Bank's strong earnings uplift banking sector sentiment, creating a moderately bullish market view.",2026-08-14 05:46:31
20260814SS005,Sharesansar,Excel Development Bank Calls 20th AGM on Bhadra 24; When's the Book Closure?,"Friday, August 14, 2026",true,neutral,0.0,Development Bank (-0.10),EDBL (-0.10),The lack of dividend and tentative M&A agenda leads to a neutral overall market impact.,2026-08-14 05:46:36
20260814SS006,Sharesansar,ERC Moves to Facilitate Bonus Share Approval Process for Electricity Companies,"Friday, August 14, 2026",true,bullish,0.3,Hydropower (+0.40),"AHPC (+0.30), API (+0.30), BARUN (+0.30), BPCL (+0.30), CHCL (+0.30), DHPL (+0.30), GVL (+0.30), HURJA (+0.30), KBPL (+0.30), MHNL (+0.30), NHPC (+0.30), NWCL (+0.30), PHPL (+0.30), RADHI (+0.30), RHPL (+0.30), UPPER (+0.30)","Streamlining bonus‑share approvals is likely to encourage capital expansions in the hydropower sector, generating modest bullish pressure on related stocks",2026-08-14 05:46:45
20260814SS007,Sharesansar,Prime Commercial Bank Reports 28.49% Rise in Net Profit to Rs. 4.11 Arba in Q4 FY 2082/83; Impairment Charges Down 36.06%,"Friday, August 14, 2026",true,bullish,0.55,Banking (+0.60),PCBL (+0.70),"Strong profit growth and improved capital metrics at Prime Commercial Bank lift banking sentiment, outweighing a modest rise in NPLs.",2026-08-14 05:46:51
20260814SS008,Sharesansar,Nepal Investment Mega Bank Assures Legal Proceedings Against Top Officials Will Not Affect Banking Operations,"Friday, August 14, 2026",true,bearish,-0.3,Banking (-0.30),,Governance issues at NIMB create modest bearish pressure on the banking sector.,2026-08-14 05:46:56
20260814SS009,Sharesansar,Chilime Hydropower Company Limited (CHCL): An Eleven-Year Financial Performance Review (Q4 2072/73 - Q4 2082/83),"Friday, August 14, 2026",true,bullish,0.6,Hydropower (+0.60),CHCL (+0.70),"The review highlights robust financial growth and liquidity for Chilime Hydropower, boosting the hydropower sector outlook.",2026-08-14 05:47:02
20260814SS010,Sharesansar,Housing Federation Demands Land Act Revisions to Unblock Stalled Property Transactions,"Thursday, August 13, 2026",true,bearish,-0.42,"Banking (-0.50), Development Bank (-0.40), Finance (-0.30), Microfinance (-0.20)","NABIL (-0.50), KBL (-0.45), NMB (-0.40), CORBL (-0.40), EDBL (-0.35), BFC (-0.30), CBBL (-0.20)","Legal restrictions on land transfers increase credit risk for banks and finance firms, leading to a moderately bearish market outlook.",2026-08-14 05:47:13
20260816SS001,Sharesansar,Himalayan Distillery Reports 28.14% Profit Growth to Rs. 1.21 Arba; EPS Climbs 6.78% to Rs. 32.71,"Friday, August 14, 2026",true,bullish,0.35,Manufacturing (+0.40),HDL (+0.60),Himalayan Distillery's strong earnings uplift the manufacturing sector and its own stock.,2026-08-16 04:50:28
20260816SS002,Sharesansar,Kamana Sewa Bikas Bank Integrates Mobile App with Government's Taxpayer Incentive Scheme,"Friday, August 14, 2026",true,bullish,0.35,Development Bank (+0.40),KBBL (+0.50),"The bank's integration with the taxpayer incentive scheme should modestly enhance digital payments, providing a bullish lift to the development banking sector.",2026-08-16 04:50:33
20260816SS003,Sharesansar,NEPSE Falls 7.37 Points Today as Turnover Reaches NPR 4.27 Arba,"Friday, August 14, 2026",true,bearish,-0.2,"Trading (-0.40), Hydropower (-0.20), Others (+0.20)",,"The index slipped modestly due to weakness in the Trading sector and a sharp drop in Super Khudi Hydropower, outweighing limited sectoral gains.",2026-08-16 04:50:42
20260816SS004,Sharesansar,"Dhanusha Distillery to Offer Shares to Public, Appoints Muktinath Capital","Friday, August 14, 2026",true,neutral,0.2,Manufacturing and Processing (+0.30),,The public share offering by Dhanusha Distillery may modestly boost manufacturing sector sentiment but has minimal effect on the overall market.,2026-08-16 04:50:47
20260816SS005,Sharesansar,Palpa Cement’s Net Profit Plunges 59% to Rs. 4 Crore in Q4 FY 2082/83 Despite 15.90% Revenue Growth,"Friday, August 14, 2026",true,bearish,-0.4,Manufacturing (-0.50),,"The sharp profit decline at Palpa Cement weighs on the manufacturing sector, leading to a mildly bearish outlook",2026-08-16 04:50:52
20260816SS006,Sharesansar,SY Panel Nepal’s Net Profit Rises 1.08% to Rs. 6.75 Crore; Investment Surges 917.65%,"Friday, August 14, 2026",true,bearish,-0.2,Trading (-0.20),,Mixed results with profit up but EPS down and heavy share dilution suggest slight bearish pressure,2026-08-16 04:50:58
20260816SS007,Sharesansar,Muktinath Bikas Bank Partners with Lemon Tree Premier and Tesla Diagnostic to Offer Customer Discounts,"Friday, August 14, 2026",true,bullish,0.3,"Development Bank (+0.30), Hotels and Tourism (+0.20)",,"The deal enhances Muktinath Bikas Bank’s appeal and supports hotel traffic, giving a mildly bullish signal.",2026-08-16 04:51:04
20260816SS008,Sharesansar,Khaga Raj Bhatta appointed Sudurpaschim Province CM,"Friday, August 14, 2026",true,neutral,0.0,,,The appointment of a new Chief Minister in Sudurpaschim Province has limited direct effect on listed companies and overall market sentiment.,2026-08-16 04:51:07
20260816SS009,Sharesansar,NEPSE Launches After Market Orders on TMS,"Friday, August 14, 2026",true,bullish,0.3,"Banking (+0.20), Development Bank (+0.15), Finance (+0.15), Manufacturing and Processing (+0.20), Trading (+0.25)","NABIL (+0.25), KBL (+0.22), NMB (+0.20), GHCL (+0.18), CHCL (+0.18)","The AMO feature enhances trading flexibility, likely boosting participation and liquidity across most sectors, resulting in a modest bullish outlook.",2026-08-16 04:51:15
20260816SS010,Sharesansar,Nepal Rastra Bank to Raise Rs. 20 Billion Through 35-Day Deposit Collection Instrument,"Friday, August 14, 2026",true,bearish,-0.4,"Banking (-0.50), Development Bank (-0.40), Finance (-0.30), Microfinance (-0.30)","NABIL (-0.50), EBL (-0.50), KBL (-0.50), SCB (-0.50), SANIMA (-0.40), CBBL (-0.30), CYCL (-0.30), BFC (-0.30)","NRB's 35‑day deposit auction tightens short‑term liquidity, raising funding costs for banks and related lenders.",2026-08-16 04:51:25
20260817SS001,Sharesansar,Machhapuchchhre Capital Limited Proposes 7% Cash Dividend; AGM To Be Convened on Bhadra 24,"Monday, August 17, 2026",false,neutral,0.0,,,"The announcement concerns a non‑listed company, so it has negligible effect on NEPSE market sentiment.",2026-08-17 04:58:17
20260817SS002,Sharesansar,Reminder! Last Trading Day to Secure Dividend of MBL Equity Fund,"Monday, August 17, 2026",true,bullish,0.4,"Banking (+0.40), Mutual Fund (+0.50)",MBL (+0.40),The dividend announcement generates moderate bullish sentiment for Machhapuchchhre Bank and its equity fund,2026-08-17 04:58:26
20260817SS003,Sharesansar,Himalayan Distillery Limited (HDL): A Nine - Year Financial Performance Review (Q4 2074/75 - Q4 2082/83),"Sunday, August 16, 2026",true,bullish,0.55,Manufacturing (+0.50),HDL (+0.70),Robust financial growth of Himalayan Distillery suggests a bullish impact on its stock and the manufacturing sector.,2026-08-17 04:58:32
20260817SS004,Sharesansar,Agri Care Nepal Appoints Nepal Life Capital as Corporate Advisor for Future IPO,"Sunday, August 16, 2026",true,bullish,0.2,Manufacturing and Processing (+0.30),,The announcement of IPO advisory for Agri Care Nepal is moderately bullish for the manufacturing sector,2026-08-17 04:58:38
20260817SS005,Sharesansar,"Hetauda Campus Welcomes New Students, Highlights Vision for Quality Higher Education","Sunday, August 16, 2026",false,neutral,0.0,,,"The news is unrelated to the stock market, so no impact.",2026-08-17 04:58:44
20260817SS006,Sharesansar,Hathway Investment Nepal Limited Announces Conclusion of Lock-in Period for Promoters and Employee Shares on Ashwin 02,"Sunday, August 16, 2026",true,bearish,-0.3,Investment (-0.30),HATHY (-0.30),"Expiration of the lock‑in period could trigger share selling, causing a modestly bearish impact.",2026-08-17 04:58:51
20260817SS007,Sharesansar,"Vianet Expands Presence in Imadol with New, Larger Customer Service Branch","Sunday, August 16, 2026",true,neutral,0.1,Others (+0.20),VNT (+0.30),Vianet's branch expansion may modestly lift its stock but has limited effect on the overall market.,2026-08-17 04:58:58
20260817SS008,Sharesansar,Tata Punch.ev Launched Across Nepal at Special Expo Price of Rs. 32.99 Lakh,"Sunday, August 16, 2026",false,neutral,0.0,,,"The EV launch does not involve any listed Nepali companies or sectors, so it has neutral impact on the NEPSE market.",2026-08-17 04:59:01
20260817SS009,Sharesansar,Nepal Auto Mechanics Delegation Visits China’s SRM Factory for EV Technology Exposure,"Sunday, August 16, 2026",true,neutral,0.2,"Manufacturing (+0.30), Trading (+0.20)",,The EV training visit signals modest optimism for manufacturing and trading firms linked to electric vehicle growth.,2026-08-17 04:59:07
20260817SS010,Sharesansar,#SafaGarau Concludes Shrawan Campaign at Pashupatinath with 500+ Volunteers,"Sunday, August 16, 2026",false,neutral,0.0,,,The campaign concerns waste management at a heritage site and has no direct impact on listed companies or market sectors.,2026-08-17 04:59:12
20260818SS001,Sharesansar,HIDCL Profitable by Rs. 67.93 Crore in Q4; Equity Investment Rises to Rs. 4.46 Arba,"Tuesday, August 18, 2026",true,bearish,-0.45,Hydropower (-0.50),,"HIDCL posted a 27% profit decline, denting sentiment in the hydropower sector.",2026-08-18 04:52:27
20260818SS002,Sharesansar,Shangrila Development Bank Proposes 10.5263% Dividend for FY 2081/82; How much in Bonus shares and Cash?,"Tuesday, August 18, 2026",true,bullish,0.3,Development Bank (+0.40),SADBL (+0.60),SADBL's dividend proposal lifts its share appeal and provides a modest bullish boost to the development bank sector.,2026-08-18 04:52:31
20260818SS003,Sharesansar,"Cherry Wanda Draws Strong Customer Interest, Secures Hundreds of Bookings at NAIMA Nepal Mobility Expo 2026","Monday, August 17, 2026",true,bullish,0.2,"Manufacturing and Processing (+0.40), Hydropower (+0.20), Hotels and Tourism (+0.20), Trading (+0.10)","BNL (+0.10), BNT (+0.10), GCIL (+0.10), HDL (+0.10), KDL (+0.10), NBBL (+0.10)","Strong bookings for Cherry Wanda’s electric commercial vehicles provide a modest upside to manufacturing, power and tourism‑related sectors.",2026-08-18 04:52:39
20260818SS004,Sharesansar,Everest Bank Opens New Extension Counter at Lumbini Medical College in Palpa,"Monday, August 17, 2026",true,bullish,0.2,Banking (+0.30),EBL (+0.40),Everest Bank's network expansion is a modestly positive catalyst for the banking sector.,2026-08-18 04:52:43
20260818SS005,Sharesansar,Rs 350 Purchase Wins Rs 10 Lakh Bumper Prize in Government Tax Incentive Prize Program,"Monday, August 17, 2026",true,neutral,0.2,"Trading (+0.30), Manufacturing (+0.20)",,"The tax incentive prize program boosted consumer cash transactions, giving a modestly positive outlook for retail‑related stocks.",2026-08-18 04:52:48
20260818SS006,Sharesansar,Sun Nepal Life Insurance Honors Top Agents and Managers from Gandaki and Narayani Regions,"Monday, August 17, 2026",true,neutral,0.1,Life Insurance (+0.20),,"The ceremony boosts agent motivation, modestly supporting the life‑insurance sector.",2026-08-18 04:52:54
20260818SS007,Sharesansar,NEPSE Slips 2 .01 Points as Trading Sector Drags Market Down; RSML Leads Turnover at Rs 1.38 Arba,"Monday, August 17, 2026",true,bearish,-0.2,"Trading (-0.50), Others (+0.20), Microfinance (-0.30)","RSML (+0.00), SAPIL (+0.50), MEPDL (+0.50), FMDBL (-0.50)","The market slipped modestly as the Trading sector weighed down the index, despite gains in Others and a few individual stocks.",2026-08-18 04:52:59
20260818SS008,Sharesansar,Bagmati Province Chief Minister Indra Bahadur Baniya Resigns,"Monday, August 17, 2026",true,neutral,0.0,Manufacturing and Processing (-0.10),,"The resignation creates political uncertainty, likely keeping market sentiment neutral.",2026-08-18 04:53:03
20260818SS009,Sharesansar,"Government, Foreign Employment Agencies Agree to Address 15 Demands Within 45 Days","Monday, August 17, 2026",true,bullish,0.5,"Banking (+0.40), Development Bank (+0.30), Finance (+0.20), Microfinance (+0.20)","NABIL (+0.40), EBL (+0.40), KBL (+0.30), SCB (+0.30), NMB (+0.20), CORBL (+0.30), EDBL (+0.30), GBBL (+0.20)","The agreement enables foreign employment agencies to resume operations, likely increasing remittance inflows and supporting banking‑related stocks.",2026-08-18 04:53:12
20260818SS010,Sharesansar,"NAIMA Nepal Mobility Expo 2026 Concludes with Over 180,000 Visitors and 53 New Product Launches","Monday, August 17, 2026",true,bullish,0.3,"Manufacturing and Processing (+0.50), Finance (+0.30), Insurance (+0.20)","BNT (+0.50), KDL (+0.50), NBTM (+0.50), SHIVM (+0.40), BFC (+0.30), CFCL (+0.30), ALICL (+0.20), GILC (+0.20)","Strong consumer interest and product launches at the mobility expo boost automotive‑related manufacturing, finance and insurance stocks, leading to a modest bullish outlook.",2026-08-18 04:53:19
20260819SS001,Sharesansar,Muktinath Bikas Bank Customers to Get Up to 20% Discount at Bar Peepal Resort,"Wednesday, August 19, 2026",true,neutral,0.1,"Hotels and Tourism (+0.30), Development Bank (+0.10)",,"The announcement provides modest benefits to the hospitality sector and a slight loan growth opportunity for development banks, leading to a neutral overall market impact.",2026-08-19 04:51:54
20260819SS002,Sharesansar,NIC Asia Bank’s “NIC Asia Debenture 2083/84” to Mature on Bhadra 10,"Wednesday, August 19, 2026",true,neutral,0.0,Banking (-0.10),NICA (-0.10),"The debenture maturity is a routine cash outflow for NIC Asia Bank, leading to a neutral overall market impact.",2026-08-19 04:51:57
20260819SS003,Sharesansar,"Mahalaxmi Bikas Bank Customers to Get Up to 20% Discount on Health, Hospitality Services","Wednesday, August 19, 2026",true,bullish,0.35,"Banking (+0.40), Hotels and Tourism (+0.20), Trading (+0.10)","NABIL (+0.35), EBL (+0.35), KBL (+0.35), OHL (+0.25), SHL (+0.25)","The discount scheme boosts card usage for Mahalaxmi Bikas Bank and drives traffic to health, hospitality and retail partners, providing a modestly bullish outlook.",2026-08-19 04:52:05
20260819SS004,Sharesansar,"Reminder! Last Trading Day to Secure Dividend of Kumari Equity Fund, Kumari Dhanabriddhi Yojana, and Kumari Sabal Yojana","Wednesday, August 19, 2026",true,bullish,0.2,"Mutual Fund (+0.30), Banking (+0.10)",,The announced mutual fund dividends provide a modest positive signal for fund and related banking sectors.,2026-08-19 04:52:08
20260819SS005,Sharesansar,Mid Solu Hydropower Announces Conclusion of Lock-in Period for Promoters Local Residents of the Project Affected Area And Employees Shares on Ashwin 10,"Tuesday, August 18, 2026",true,bearish,-0.4,Hydropower (-0.40),,"Expiration of the lock‑in period may boost share supply, putting downward pressure on Mid Solu Hydropower and the broader hydropower sector.",2026-08-19 04:52:12
20260819SS006,Sharesansar,NADA Auto Show 2026 to Feature 200+ Stalls and 50th Anniversary Special Attractions,"Tuesday, August 18, 2026",true,bullish,0.15,"Manufacturing (+0.30), Insurance (+0.20), Finance (+0.10)","BNT (+0.30), HDL (+0.20), ALICL (+0.20), NLIC (+0.20)","The exhibition is expected to lift demand for automotive parts and vehicle insurance, giving a modest bullish effect on related sectors and stocks.",2026-08-19 04:52:15
20260819SS007,Sharesansar,Unveiling Q4 2082/83: A Comprehensive Analysis of Leading Commercial Banks and Key Financial Insights,"Tuesday, August 18, 2026",true,bullish,0.4,Banking (+0.50),"NABIL (+0.60), KBL (+0.50), GBIME (+0.40), HBL (+0.70), PRVU (-0.60), NICA (-0.50), CZBIL (+0.30), RBBL (+0.40), NIMB (+0.30), NBL (+0.30), MBL (-0.20), SCB (+0.00), SBI (+0.00), EBL (+0.00)",Strong quarterly earnings and capital buildup in major banks boost market confidence despite isolated losses.,2026-08-19 04:52:19
20260819SS008,Sharesansar,Gemini Recycle to Issue 10 Lakhs IPO Shares at NPR 190 (NPR 90 Premium),"Tuesday, August 18, 2026",true,neutral,0.1,"Manufacturing and Processing (+0.20), Others (+0.10)",,"The Gemini Recycle IPO introduces a new recycling player, offering modest bullish sentiment while having limited direct impact on current listed stocks",2026-08-19 04:52:22
20260819SS009,Sharesansar,"Xiaomi Launches Redmi 17 Series in Nepal with 7,500mAh Battery and 120Hz Display","Tuesday, August 18, 2026",true,neutral,0.1,Trading (+0.20),,"Xiaomi's Redmi 17 launch may modestly lift consumer spending, giving a slight positive tone to the trading sector.",2026-08-19 04:52:24
20260819SS010,Sharesansar,Indian Army Chief Meets Nepal’s Prime Minister Balendra Shah at Singha Durbar,"Tuesday, August 18, 2026",false,neutral,0.0,,,"The diplomatic visit and military equipment handover have no direct financial implications for listed sectors or stocks, resulting in a neutral market impact.",2026-08-19 04:52:26
20260820SS001,Sharesansar,Nine Parliamentary Committees to Meet Today on Key Legislative and Governance Issues,"Thursday, August 20, 2026",true,neutral,0.0,"Finance (+0.10), Hotels and Tourism (+0.10)",,"Committee meetings discuss upcoming legislation but no immediate decisions, leading to a neutral market outlook.",2026-08-20 04:53:25
20260820SS002,Sharesansar,Reminder! Last Trading Day to Secure Dividend of Mandu Hydropower Limited,"Thursday, August 20, 2026",true,bullish,0.3,Hydropower (+0.50),MHNL (+0.70),"Mandu Hydropower's dividend and bonus share announcement raises investor optimism, creating a modest bullish effect on the market.",2026-08-20 04:53:28
20260820SS003,Sharesansar,Dirgha Rawal Appointed Deputy Governor of Nepal Rastra Bank,"Wednesday, August 19, 2026",true,bullish,0.2,"Banking (+0.30), Development Bank (+0.20), Finance (+0.20), Microfinance (+0.20), Insurance (+0.10)","NABIL (+0.30), KBL (+0.25), NMB (+0.20), SANIMA (+0.15), EBL (+0.20)","The new deputy governor bolsters NRB’s supervisory capacity, fostering confidence in Nepal's financial sector",2026-08-20 04:53:31
20260820SS004,Sharesansar,Machhapuchchhre Bank Appoints Kalyan Bikram Pandey as Deputy CEO,"Wednesday, August 19, 2026",true,neutral,0.12,Banking (+0.20),MBL (+0.30),"The appointment of an experienced deputy CEO at MBL is seen as a modestly positive development for the bank, yielding a neutral overall market impact.",2026-08-20 04:53:34
20260820SS005,Sharesansar,CIB Freezes Bank Accounts of Stock Trader Deependra Agrawal and Associates,"Wednesday, August 19, 2026",true,bearish,-0.5,"Banking (-0.20), Finance (-0.40), Others (-0.30)",,"The fraud investigation and account freezes create bearish sentiment, lowering market confidence.",2026-08-20 04:53:38
20260820SS006,Sharesansar,10% Himalayan Bank Limited Debenture 2083  Delisted From NEPSE,"Wednesday, August 19, 2026",true,bearish,-0.2,Banking (-0.20),HBL (-0.20),"Delisting of Himalayan Bank's 10% debenture may raise liquidity concerns, modestly dampening market sentiment",2026-08-20 04:53:41
20260820SS007,Sharesansar,Mayor Chiribabu Maharjan Opens New Public Park Built by Embark College in Lalitpur,"Wednesday, August 19, 2026",false,neutral,0.0,,,"The park inauguration is unrelated to the stock market, resulting in no impact on sectors or stocks.",2026-08-20 04:53:42
20260820SS008,Sharesansar,Sanima Reliance Life Honors Top Insurance Advisors at Club Achievers Event 2083,"Wednesday, August 19, 2026",true,neutral,0.1,Life Insurance (+0.20),SLICL (+0.20),The event boosts confidence in the life insurance segment but does not imply immediate market movement.,2026-08-20 04:53:45
20260820SS009,Sharesansar,Shrawan Brings Rs 62.5 Crore in Capital Gains Tax to Government,"Wednesday, August 19, 2026",true,bearish,-0.6,"Banking (-0.50), Development Bank (-0.40), Finance (-0.50), Microfinance (-0.40), Insurance (-0.30), Trading (-0.60), Investment (-0.50), Mutual Fund (-0.50)","NABIL (-0.50), EBL (-0.50), KBL (-0.50), NMB (-0.50), SANIMA (-0.50), SCB (-0.50), BFC (-0.50), CBBL (-0.40)","Higher capital gains tax and falling turnover have weakened investor confidence, leading to a bearish outlook.",2026-08-20 04:53:48
20260820SS010,Sharesansar,Rupakot Resort Appoints NIC Asia Capital as Issue Manager for Proposed IPO,"Wednesday, August 19, 2026",true,bullish,0.2,Hotels and Tourism (+0.30),,"The announced IPO preparation signals growing investor interest in the hospitality sector, giving a modest bullish lift.",2026-08-20 04:53:51
20260821SS001,Sharesansar,NADA Marks 50 Years with Grand 18th NADA Auto Show 2026,"Friday, August 21, 2026",true,bullish,0.45,"Manufacturing (+0.50), Trading (+0.40), Finance (+0.30), Insurance (+0.30)","NABIL (+0.50), KBL (+0.40), SANIMA (+0.50), ALICL (+0.30), NLIC (+0.30)","The auto show underscores robust growth in Nepal's automobile and EV sectors, lifting manufacturers, traders, and financial firms.",2026-08-21 04:54:30
20260821SS002,Sharesansar,Proton e.MAS 5 Redefines Everyday Life with New TVC Campaign in Nepal,"Friday, August 21, 2026",true,neutral,0.1,"Manufacturing and Processing (+0.10), Trading (+0.05)",,The EV launch and marketing campaign provide a modest positive outlook for manufacturing and trading sectors without significant impact on listed stocks.,2026-08-21 04:54:33
20260821SS003,Sharesansar,"Ambassadors’ Club Nepal Celebrates Young Innovators, Champions Innovation and Youth Leadership","Friday, August 21, 2026",false,neutral,0.0,,,The innovation and youth leadership event does not directly affect any listed sector or stock on NEPSE.,2026-08-21 04:54:36
20260821SS004,Sharesansar,Nepal Distilleries Wins Four Honours at FLAME Awards Asia 2026,"Friday, August 21, 2026",false,neutral,0.0,,,"The news concerns Nepal Distilleries, which is not a listed NEPSE entity, so it has no direct market impact.",2026-08-21 04:54:38
20260821SS005,Sharesansar,Dirgha Bahadur Rawal Takes Oath as Nepal Rastra Bank Deputy Governor,"Friday, August 21, 2026",true,neutral,0.0,"Banking (+0.10), Finance (+0.05)","NABIL (+0.10), EBL (+0.10), BFC (+0.05)","The appointment signals continuity in monetary policy, leading to a neutral overall market impact.",2026-08-21 04:54:40
20260821SS006,Sharesansar,"eSewa Earns Global PCI DSS v4.0.1 Certification, Strengthening Payment Data Security","Friday, August 21, 2026",true,bullish,0.3,"Banking (+0.30), Finance (+0.20)","NABIL (+0.25), EBL (+0.25), KBL (+0.20)","eSewa's PCI DSS certification strengthens digital payment security, giving a modest bullish outlook for banking and finance sectors",2026-08-21 04:54:45
20260821SS007,Sharesansar,Embark College Joins NSJF Pulsar Sports Award as Higher Education Partner,"Friday, August 21, 2026",false,neutral,0.0,,,The news concerns a college–sports partnership and has no direct impact on listed sectors or stocks.,2026-08-21 04:54:47
20260821SS008,Sharesansar,"Reminder! Last Trading Day to Secure Dividend of NMB 50, NMB Hybrid Fund L-II and NMB Sulav Investment Fund - II","Friday, August 21, 2026",true,bullish,0.4,"Banking (+0.40), Mutual Fund (+0.40)",NMB (+0.40),"The dividend payouts from NMB funds suggest solid profitability, providing a modest bullish lift to banking and mutual fund sectors.",2026-08-21 04:54:50
20260821SS009,Sharesansar,"NRB Governor, Deputy Governors and Directors’ Tenure Proposed to Be Limited to Three Years","Thursday, August 20, 2026",true,neutral,-0.2,"Banking (-0.20), Development Bank (-0.15), Finance (-0.10)","NABIL (-0.20), EBL (-0.20), KBL (-0.20), CBL (-0.15), BFC (-0.10)","Proposed reduction of NRB governors' tenure may create policy uncertainty, modestly weighing on financial‑related stocks.",2026-08-21 04:54:57
20260821SS010,Sharesansar,Government Prepares Legal Framework to Legalize P2P Lending,"Thursday, August 20, 2026",true,bullish,0.3,"Finance (+0.40), Microfinance (+0.30), Banking (-0.10)","BFC (+0.40), CFCL (+0.35), ICFC (+0.30), CBBL (+0.30), CYCL (+0.25), MGBL (+0.25)","The legalization of P2P lending is viewed as a moderately bullish development, enhancing financing options and supporting fintech growth while posing slight competitive pressure on banks.",2026-08-21 04:55:01
20260823SS001,Sharesansar,Vianet Joins PMNC Nepal 2026 to Power Nepal’s Growing Esports Community,"Sunday, August 23, 2026",false,neutral,0.0,,,"The announcement concerns Vianet, a non‑listed internet provider, so it has no direct impact on NEPSE‑listed sectors or stocks.",2026-08-23 04:52:29
20260823SS002,Sharesansar,Ncell Introduces New 60-Second Pulse Rate for International Calls to 198 Countries,"Sunday, August 23, 2026",true,neutral,0.0,Others (+0.20),,"The new international pulse rate may slightly boost telecom revenue but has limited effect on listed companies, resulting in a neutral market outlook",2026-08-23 04:52:32
20260823SS003,Sharesansar,Commercial Bank CEOs Can Become Central Bank Governor After Two Year Waiting Period,"Friday, August 21, 2026",true,neutral,0.0,Banking (-0.10),"NABIL (-0.10), EBL (-0.10), KBL (-0.10), NMB (-0.10), SCB (-0.10)","The amendment introduces possible regulatory uncertainty for banks, leading to a neutral market outlook.",2026-08-23 04:52:34
20260823SS004,Sharesansar,Top 10 Most Bought Companies of the Week: See Which Stocks Investors Bought the Most,"Friday, August 21, 2026",true,bullish,0.5,"Hydropower (+0.60), Manufacturing (+0.30)",,"Heavy buying in hydropower stocks lifts market sentiment, making the outlook bullish for the sector.",2026-08-23 04:52:37
20260823SS005,Sharesansar,NEPSE Index Loses 10.67 Points on the Last Trading Day of This Week; Only One Sector Close at Green,"Friday, August 21, 2026",true,bearish,-0.4,"Others (-0.60), Mutual Fund (+0.10)","SAPIL (+0.70), DLBS (-0.50), RSML (+0.00)","The index slipped 0.40% amid broad market weakness, though select stocks like SAPIL showed strong gains.",2026-08-23 04:52:40
20260823SS006,Sharesansar,DDC Begins Exporting Butter (Ghee) to Middle East with Initial Shipment to Dubai,"Friday, August 21, 2026",true,bullish,0.2,"Manufacturing and Processing (+0.30), Trading (+0.10)",,DDC's export launch is expected to positively influence manufacturing and trade segments.,2026-08-23 04:52:42
20260823SS007,Sharesansar,Jagdish Kharel Nominated as RSP Spokesperson,"Friday, August 21, 2026",false,neutral,0.0,,,The political appointment has no immediate effect on listed sectors or stocks.,2026-08-23 04:52:44
20260823SS008,Sharesansar,SEBON Invites Public Feedback on New Draft Rules for Corporate Bonds and Debentures,"Friday, August 21, 2026",true,bullish,0.42,"Finance (+0.55), Banking (+0.45), Development Bank (+0.30), Insurance (+0.20), Hydropower (+0.18), Manufacturing and Processing (+0.12)","BFC (+0.55), NABIL (+0.45), EBL (+0.43), KBL (+0.42), CORBL (+0.30), ALICL (+0.20), NHPC (+0.18)","The draft bond regulations are expected to broaden Nepal's capital market, providing new financing avenues and boosting activity across finance‑related sectors.",2026-08-23 04:52:48
20260823SS009,Sharesansar,Parbat Kumar Karki Reappointed as Citizen Investment Trust Executive Director,"Friday, August 21, 2026",true,bullish,0.2,"Investment (+0.20), Finance (+0.10)",,The reappointment of a seasoned executive to CIT is viewed as a modestly positive signal for the investment and finance sectors.,2026-08-23 04:52:51
20260823SS010,Sharesansar,Out of 16 Kharba Targeted Revenue only 5.92% Collected Till Bhadra 1; Capital Spending at just 0.34%,"Friday, August 21, 2026",true,bearish,-0.5,"Hydropower (-0.60), Manufacturing and Processing (-0.50), Banking (-0.40), Development Bank (-0.30), Finance (-0.30), Insurance (-0.20)","NABIL (-0.40), KBL (-0.40), CORBL (-0.30), BFC (-0.30), AHPC (-0.60), BNT (-0.50)","Weak government revenue collection and minimal capital spending signal a fiscal slowdown, weighing on economic activity and market sentiment",2026-08-23 04:52:55
20260824SS001,Sharesansar,Prabhu Select and Smart Funds Propose 12% Cash Dividend for FY 2082/83,"Monday, August 24, 2026",true,bullish,0.35,"Mutual Fund (+0.50), Banking (+0.20)",,The announced 12% cash dividend from Prabhu Select and Smart Funds boosts investor confidence in mutual funds and reflects positively on Prabhu Bank.,2026-08-24 05:01:20
20260824SS002,Sharesansar,Sunrise Focused Equity Fund Declares 4.50% Cash Dividend for FY 2082/83,"Monday, August 24, 2026",true,bullish,0.4,Mutual Fund (+0.50),,"The dividend declaration is a positive signal for the mutual fund sector, giving a modest bullish tilt to the market.",2026-08-24 05:01:24
20260824SS003,Sharesansar,Sun Nepal Life Honors ADM and Emerging Sun Club Agents in Madhesh Province,"Sunday, August 23, 2026",true,bullish,0.45,"Insurance (+0.40), Life Insurance (+0.40)","SUNL (+0.50), ALICL (+0.20), NLIC (+0.20), NLG (+0.20), SLICL (+0.20)",Sun Nepal Life’s agent recognition and expansion plans are likely to lift sentiment for the insurance sector.,2026-08-24 05:01:35
20260824SS004,Sharesansar,Nepal Bank Limited Offers Auto Loans Ahead of NADA Auto Show 2026,"Sunday, August 23, 2026",true,bullish,0.35,Banking (+0.40),NBL (+0.40),"The auto loan promotion is expected to raise loan growth and fee income for the banking sector, especially Nepal Bank Limited.",2026-08-24 05:01:40
20260824SS005,Sharesansar,Kumari Bank Partners with HELVETAS Nepal to Expand Green Finance,"Sunday, August 23, 2026",true,bullish,0.4,Banking (+0.40),,"The partnership signals increased green financing activity, favouring the banking sector.",2026-08-24 05:01:45
20260824SS006,Sharesansar,Promoter Shares of Two Companies in Auction From Today,"Sunday, August 23, 2026",true,bearish,-0.35,"Life Insurance (-0.40), Development Bank (-0.30)","PMLI (-0.45), MDB (-0.35)","Promoter share auctions in PMLI and MDB suggest potential dilution, leading to a modest bearish outlook.",2026-08-24 05:01:51
20260824SS007,Sharesansar,"Pathao Backs Fair Rider Earnings, Calls for Common Fare Rules","Sunday, August 23, 2026",false,neutral,0.0,,,The news concerns a non‑listed ride‑hailing company and regulatory discussion that has minimal immediate effect on listed sectors or stocks.,2026-08-24 05:01:54
20260824SS008,Sharesansar,Nepal’s Foreign Trade Surges to Rs 226.14 Billion in Shrawan,"Sunday, August 23, 2026",true,bullish,0.2,"Manufacturing and Processing (+0.40), Trading (+0.30), Finance (+0.20)","BNT (+0.40), GCIL (+0.40), HDL (+0.30), NABIL (+0.20), EBL (+0.20)","The sharp rise in both imports and exports signals expanding economic activity, favoring manufacturing, trading, and finance sectors.",2026-08-24 05:02:03
20260824SS009,Sharesansar,"NEPSE Concludes The Week With 0.95% Loss and Turnover of Rs. 22.46 Arba; Weekly Summary with Sector Comparison, Major Highlights, and More","Sunday, August 23, 2026",true,bearish,-0.5,"Hydropower (-0.50), Microfinance (-0.50), Manufacturing (-0.30)",,"Weekly loss, low RSI and negative MACD point to a moderately bearish market sentiment.",2026-08-24 05:02:12
20260824SS010,Sharesansar,Kabeli Hydropower Company Proposes 16.3158% Cash Dividend for FY 2082/83; Calls AGM On Bhadra 27,"Sunday, August 23, 2026",true,bullish,0.5,Hydropower (+0.50),KHCL (+0.50),"The announced 16.3% cash dividend from Kabeli Hydropower boosts investor sentiment, giving a moderately bullish impact to the hydropower sector.",2026-08-24 05:02:16
20260825SS001,Sharesansar,Super Madi Hydropower Limited Proposes 15.78947% Dividend for Fiscal Year 2082/83; How Much in Bonus Shares and Cash?,"Tuesday, August 25, 2026",true,bullish,0.45,Hydropower (+0.50),,"The sizable dividend and bonus issue from Super Madi Hydropower boost confidence in hydropower earnings, indicating a moderately bullish outlook.",2026-08-25 04:53:50
20260825SS002,Sharesansar,"IPO for General Public: Beni Hydropower Project Limited to Issue 8,63,200 Units IPO Shares from Bhadra 22","Tuesday, August 25, 2026",true,bullish,0.35,"Hydropower (+0.60), Mutual Fund (+0.20)",,"The IPO and rating upgrade of Beni Hydropower positively influence the hydropower sector, providing modest bullish sentiment for the market.",2026-08-25 04:53:53
20260825SS003,Sharesansar,Federal Parliament to Discuss Key Bills and International Agreement Today,"Tuesday, August 25, 2026",false,neutral,0.0,,,The parliamentary agenda on legal reforms and international agreements has no immediate effect on market sectors or stock prices.,2026-08-25 04:53:55
20260825SS004,Sharesansar,Subash Koirala Appointed Acting CEO of Rastriya Beema Company,"Monday, August 24, 2026",true,neutral,0.1,Non-Life Insurance (+0.10),,The appointment of an acting CEO at Rastriya Beema Company is seen as a neutral event with slight positive sentiment for the non‑life insurance sector.,2026-08-25 04:53:58
20260825SS005,Sharesansar,Lawmakers call for stricter legal measures for ending Violence Against Women,"Monday, August 24, 2026",false,neutral,0.0,,,"The news pertains to social and legal matters unrelated to corporate earnings or policies, thus having negligible effect on the Nepali stock market.",2026-08-25 04:54:00
20260825SS006,Sharesansar,Finance Minister Wagle Urges Law Alignment to Fix Banking Conflict,"Monday, August 24, 2026",true,bullish,0.3,"Banking (+0.40), Development Bank (+0.30), Finance (+0.20)","NABIL (+0.40), KBL (+0.40), EBL (+0.30), SANIMA (+0.30), BFC (+0.20)","Amending banking law to harmonise director disqualification rules reduces regulatory uncertainty, giving a modest bullish boost to banks and related finance entities.",2026-08-25 04:54:03
20260825SS007,Sharesansar,Government Prepares Law to Fix Monetary Policy Announcement Date to Shrawan 1,"Monday, August 24, 2026",true,bullish,0.3,"Banking (+0.40), Development Bank (+0.30), Finance (+0.35), Microfinance (+0.35), Insurance (+0.10)","NABIL (+0.45), EBL (+0.44), KBL (+0.40), NMB (+0.38), SCB (+0.37), CORBL (+0.32), GBBL (+0.31), BFC (+0.33), CFCL (+0.30), CBBL (+0.34)","The move to fix monetary policy announcement dates brings greater certainty, moderately boosting financial sector sentiment.",2026-08-25 04:54:07
20260825SS008,Sharesansar,"NEPSE Drops Below 2,600 After a Year, Revisiting July 2025 Levels","Monday, August 24, 2026",true,bearish,-0.45,"Hydropower (-0.60), Hotels and Tourism (+0.00)","PMHPL (-0.70), SAPIL (+0.60), RSML (+0.10)","NEPSE slipped below 2,600 points with a double‑digit loss, indicating overall bearish market sentiment.",2026-08-25 04:54:10
20260825SS009,Sharesansar,Samsung Nepal launches Monsoon Offer with up to 23% cashback on TVs and Appliances,"Monday, August 24, 2026",false,neutral,0.0,,,The Samsung cashback offer affects consumer electronics retail and does not directly involve listed Nepali companies.,2026-08-25 04:54:12
20260825SS010,Sharesansar,Nagdhunga Tunnel Opens to Small Private Vehicles in Trial Operation,"Monday, August 24, 2026",true,bullish,0.25,"Hotels and Tourism (+0.30), Manufacturing and Processing (+0.20), Insurance (+0.10)","OHL (+0.40), SHL (+0.30), YETI (+0.30), TRH (+0.20), BNT (+0.30), GCIL (+0.20)","The tunnel opening eases travel to western Nepal, boosting tourism and construction activity, providing modest market optimism.",2026-08-25 04:54:16
20260826SS001,Sharesansar,Super Madi Hydropower Limited Unveils Book Closure Date for its 15.78947% Dividend; Calls AGM on Ashwin 01,"Wednesday, August 26, 2026",true,bullish,0.4,Hydropower (+0.50),,"Super Madi Hydropower's generous dividend and bonus share plan signals strong profitability, giving a modest bullish tilt to the hydropower sector.",2026-08-26 04:55:55
20260826SS002,Sharesansar,"Flash Flood Hits Bhote Koshi River in Rasuwa, Major Damage Reported","Wednesday, August 26, 2026",true,bearish,-0.3,"Hydropower (-0.50), Hotels and Tourism (-0.40), Insurance (-0.30)","NHPC (-0.50), AHPC (-0.40), API (-0.40), DHPL (-0.40), OHL (-0.40), TRH (-0.40), ALICL (-0.30), LICN (-0.30)","The flash flood poses immediate risks to hydropower infrastructure, tourism activity, and insurance claims, creating a bearish short‑term market outlook.",2026-08-26 04:56:00
20260826SS003,Sharesansar,"Six months of war: 20 dead in 68 incidents near Hormuz, IMO says","Tuesday, August 25, 2026",true,bearish,-0.45,"Hydropower (+0.20), Manufacturing and Processing (-0.40), Banking (-0.30), Trading (-0.30)","NHPC (+0.20), BNL (-0.40), GCIL (-0.40), NABIL (-0.30), KBL (-0.30)","Escalating conflict in the Strait of Hormuz raises oil prices, increasing input costs and inflation risk, which is broadly bearish for Nepal’s economy.",2026-08-26 04:56:03
20260826SS004,Sharesansar,NEPSE Extends Losing Streak For Straight Third Session;Turnover Dips Below Rs 4.10 Arba,"Tuesday, August 25, 2026",true,bearish,-0.45,"Finance (-0.50), Non Life Insurance (+0.20)","SAPIL (+0.80), DLBS (-0.80), MAKAR (+0.00)","The market extended its losing streak with a modest index drop and lower turnover, pushing overall sentiment bearish.",2026-08-26 04:56:06
20260826SS005,Sharesansar,"Technically Right, Market Wrong: Why Dr. Wagle’s Economic Logic Clashes with NEPSE Reality","Tuesday, August 25, 2026",true,bearish,-0.4,"Banking (-0.30), Development Bank (-0.30), Finance (-0.30), Microfinance (-0.30), Insurance (-0.20)","NABIL (-0.35), EBL (-0.35), CORBL (-0.30), CBBL (-0.30), ALICL (-0.25)","Although reforms aim for long‑term stability, the clash with weak liquidity and investor confidence creates a bearish outlook for NEPSE.",2026-08-26 04:56:10
20260826SS006,Sharesansar,LRR Motors Launches Skywell EV in Nepal at NADA Auto Show 2026,"Tuesday, August 25, 2026",true,neutral,0.15,Manufacturing and Processing (+0.20),,The EV launch is positive for the automotive manufacturing segment but has limited immediate effect on listed stocks.,2026-08-26 04:56:12
20260826SS007,Sharesansar,Government Declares Public Holiday for Nepali Muslims on Mohammad Jayanti,"Tuesday, August 25, 2026",false,neutral,0.0,,,The announcement concerns a community holiday and has no material effect on the market.,2026-08-26 04:56:14
20260826SS008,Sharesansar,PM Balen Shah Submits Medical Report to Wear Dark Glasses in Parliament,"Tuesday, August 25, 2026",false,neutral,0.0,,,The news concerns procedural political matters and does not have a material impact on Nepal's financial markets.,2026-08-26 04:56:17
20260826SS009,Sharesansar,Mahalaxmi Bikas Bank Participates in NADA Auto Show 2026,"Tuesday, August 25, 2026",true,bullish,0.3,Development Bank (+0.30),,"The bank's auto loan promotion at the auto show is likely to boost its loan portfolio, giving a modest bullish tilt to the development banking sector.",2026-08-26 04:56:23
20260826SS010,Sharesansar,"Muktinath Bikas Bank Limited Signs Agreement With Sipradi Trading or Tata Pickup, Commercial Vehicle Loans","Tuesday, August 25, 2026",true,neutral,0.2,Development Bank (+0.30),,The loan agreement is positive for the development bank sector but too localized to shift the broader market,2026-08-26 04:56:27
20260827SS001,Sharesansar,Nepal Launches ‘SetuRapid’ Digital Portal to Speed Up Disaster Rescue and Relief,"Thursday, August 27, 2026",true,neutral,0.0,"Insurance (+0.20), Banking (+0.10), Hydropower (-0.20)","ALICL (+0.20), NABIL (+0.10), NHPC (-0.20)","The new disaster‑response portal is seen as a neutral development, offering modest benefits to insurance and banking while leaving hydropower exposure unchanged.",2026-08-27 15:15:32
20260827SS002,Sharesansar,Nepal Rastra Bank Removes Transaction Limits for Disaster Relief Fund Payments,"Thursday, August 27, 2026",true,bullish,0.2,"Banking (+0.30), Microfinance (+0.10), Finance (+0.00)","NABIL (+0.30), KBL (+0.30), SCB (+0.20), EBL (+0.20), MBL (+0.20), CBBL (+0.10)","NRB's removal of transaction limits for disaster relief funds facilitates easier electronic payments, modestly boosting transaction activity for banks and microfinance institutions.",2026-08-27 15:15:45
20260827SS003,Sharesansar,Api Power Provides Rs. 3.5 Million to Prime Minister’s Disaster Relief Fund,"Thursday, August 27, 2026",true,neutral,-0.1,Hydropower (-0.30),"API (+0.20), NHPC (-0.20)","The flood damage to hydropower assets creates modest downside risk, partially offset by Api Power's charitable contribution.",2026-08-27 15:15:58
20260827SS004,Sharesansar,Everest Bank Limited Proposes 15% Dividend for FY  2082/83; How much in Bonus shares and Cash?,"Thursday, August 27, 2026",true,bullish,0.45,Banking (+0.40),EBL (+0.60),"Everest Bank's 15% dividend proposal boosts confidence in the banking sector, leading to a bullish outlook.",2026-08-27 15:16:07
20260827SS005,Sharesansar,NEPSE Declines for Fifth Consecutive Day; Manufacturing Sector Sees the Highest Gain Among All Indices,"Thursday, August 27, 2026",true,bearish,-0.3,"Manufacturing (+0.50), Mutual Fund (-0.50), Hydropower (-0.30), Banking (+0.00)","SHIVM (+0.40), UPPER (-0.60)","The index slipped slightly, making the overall outlook bearish despite strong manufacturing and a few stock spikes.",2026-08-27 15:16:28
20260827SS006,Sharesansar,AI Holds Strong Potential to Transform Stock Market Forecasting in Nepal,"Thursday, August 27, 2026",true,bullish,0.25,"Trading (+0.20), Investment (+0.20), Mutual Fund (+0.10)","NABIL (+0.10), EBL (+0.10), KBL (+0.10), CORBL (+0.05), BFC (+0.05), CBBL (+0.05), ALICL (+0.05), NHPC (+0.05), OHL (+0.05), BNL (+0.05)","The news highlights AI's promise for more accurate NEPSE forecasting, fostering optimistic sentiment that could modestly boost trading and investment activity.",2026-08-27 15:16:50
20260827SS007,Sharesansar,Bonus Shares of Two Companies Listed on NEPSE,"Thursday, August 27, 2026",true,bullish,0.45,"Hydropower (+0.40), Insurance (+0.30)","CHCL (+0.50), PRIN (+0.40)",The listing of bonus shares and dividends for Chilime Hydropower and Prabhu Insurance provides a moderately bullish signal for the hydropower and insurance sectors.,2026-08-27 15:16:59
20260827SS008,Sharesansar,Sanjen Hydropower Projects Remain Undamaged Despite Flood-Induced Power Evacuation Disruption,"Thursday, August 27, 2026",true,bearish,-0.3,Hydropower (-0.40),"UPPER (-0.50), NHPC (-0.20)","Flood‑induced transmission line damage forces Sanjen hydro plants offline, weighing on the hydropower sector.",2026-08-27 15:17:13
20260827SS009,Sharesansar,Vivo Unveils the Budget Smartphone Y05e in Nepal,"Thursday, August 27, 2026",false,neutral,0.0,,,"The launch of a budget smartphone has minimal effect on listed sectors, resulting in neutral market impact.",2026-08-27 15:17:19
20260827SS010,Sharesansar,Global IME Bank Pledges Rs. 5 Crore for Flood Relief,"Thursday, August 27, 2026",true,bullish,0.2,Banking (+0.20),,"Global IME Bank's flood relief pledge enhances its public image, creating modestly positive sentiment for the banking sector.",2026-08-27 15:17:25
20260828SS001,Sharesansar,Sanima Bank Limited Proposes 10% Cash Dividend for FY 2082/83,"Friday, August 28, 2026",true,bullish,0.5,Banking (+0.50),SANIMA (+0.70),"Sanima Bank's proposed 10% cash dividend signals strong earnings, boosting sentiment in the banking sector.",2026-08-28 16:39:19
20260828SS002,Sharesansar,NEPSE to Remain Closed Today for Janai Purnima Holiday,"Friday, August 28, 2026",true,neutral,0.0,,,"NEPSE is closed for Janai Purnima holiday, causing a temporary pause in trading with no directional impact.",2026-08-28 16:39:21
20260830SS001,Sharesansar,Padma Jyoti Group's Syakar Trading contributes Rs 1 crore for flood relief,"Sunday, August 30, 2026",true,neutral,0.1,Trading (+0.20),,CSR donation by a trading firm provides a slight positive feel but has minimal overall market impact,2026-08-30 09:56:52
20260830SS002,Sharesansar,Nepal Telecom Extends Free Services to Flood Affected Area Until Further Notice,"Sunday, August 30, 2026",true,neutral,-0.1,Others (-0.10),,The news is neutral to slightly bearish as free telecom services raise costs without clear revenue benefit.,2026-08-30 09:56:58
20260830SS003,Sharesansar,Nepal Life Insurance Contributes Rs 2.51 Crore to PM Disaster Relief Fund,"Sunday, August 30, 2026",true,bullish,0.2,Life Insurance (+0.30),NLIC (+0.40),"The disaster relief donation by Nepal Life Insurance is viewed as a positive corporate gesture, giving a modest uplift to sentiment for the life insurance sector.",2026-08-30 09:57:03
20260830SS004,Sharesansar,NIC Asia Bank contributes Rs 2.21 crore to PM Disaster Relief Fund,"Sunday, August 30, 2026",true,neutral,0.1,Banking (+0.10),NICA (+0.20),The flood relief donation by NIC Asia Bank offers modest goodwill benefits with little direct market impact,2026-08-30 09:57:09
20260830SS005,Sharesansar,Shivshakti Group and Reliance Sugar Contribute Over Rs 61 lakh for Bhotekoshi Flood Relief,"Sunday, August 30, 2026",false,neutral,0.0,,,The flood relief donations by Shivshakti Group and Reliance Sugar have no direct material impact on listed sectors or NEPSE stocks.,2026-08-30 09:57:12
20260830SS006,Sharesansar,MetLife Nepal Contributes Rs. 30 Lakh to PM Disaster Relief Fund,"Sunday, August 30, 2026",true,bullish,0.1,Insurance (+0.20),,"MetLife Nepal's disaster relief contribution positively reflects on the insurance sector, offering a slight bullish sentiment.",2026-08-30 09:57:21
20260830SS007,Sharesansar,"Nepali Army, Technical Team Mobilised for Rescue Operation at Trishuli-3 ‘B’ Project","Sunday, August 30, 2026",true,bearish,-0.5,"Hydropower (-0.60), Manufacturing and Processing (-0.20)","NHPC (-0.70), AHPC (-0.50), RADHI (-0.50), KBPL (-0.40), BPCL (-0.40)","Flood damage and rescue efforts at the Trishuli‑3 ‘B’ hydropower project raise cost and delay concerns, weighing on hydropower stocks.",2026-08-30 09:57:31
20260830SS008,Sharesansar,Nepal Investment Mega Bank Contributes Rs 4.01 Crore for Flood Victims,"Sunday, August 30, 2026",true,neutral,0.0,Banking (+0.10),,The bank's flood relief donation is a positive CSR move but unlikely to affect market prices significantly.,2026-08-30 09:57:36
20260830SS009,Sharesansar,Nepal Bank Contributes Rs. 3.01 Crore to PM Disaster Relief Fund,"Sunday, August 30, 2026",true,neutral,0.1,Banking (+0.10),NABIL (+0.10),"The CSR donation by Nepal Bank shows goodwill but has minimal financial effect, resulting in a neutral to mildly bullish outlook",2026-08-30 09:57:42
20260830SS010,Sharesansar,Finance Minister Wagle Assures Full Support for Flood Hit Areas,"Sunday, August 30, 2026",true,bearish,-0.2,"Hydropower (-0.40), Insurance (-0.20), Banking (+0.00), Manufacturing and Processing (-0.10)","NHPC (-0.40), BARUN (-0.30), ALICL (-0.20), NABIL (+0.00)",Government relief eases flood impact but damaged hydropower projects and higher insurance claims create a mildly bearish market outlook.,2026-08-30 09:57:50
20260831SS001,Sharesansar,10 NEPSE Companies with the Lowest Public Float; When Will Promoter Shares Be Unlocked?,"Monday, August 31, 2026",true,bearish,-0.35,"Finance (-0.40), Manufacturing and Processing (-0.30), Hydropower (-0.30)",,"Upcoming promoter share unlocks across several low‑float stocks raise supply concerns, exerting bearish pressure on the market.",2026-08-31 10:52:12
20260831SS002,Sharesansar,PM Balendra Shah Meets RSP Chair Rabi Lamichhane Over Flood Response,"Monday, August 31, 2026",true,bearish,-0.3,"Insurance (-0.60), Hydropower (-0.50), Manufacturing and Processing (-0.20), Banking (-0.10)","ALICL (-0.60), NLIC (-0.50), HGI (-0.50), NHPC (-0.50), GVL (-0.40), BNT (-0.20)","Floods raise insurance claims and threaten hydro projects, weighing on market sentiment.",2026-08-31 10:52:28
20260831SS003,Sharesansar,NEPSE Slides 43.89 Points as Non-Life Insurance Index Saw Sharpest Decline Among Other Indices,"Monday, August 31, 2026",true,bearish,-0.55,"Non-Life Insurance (-0.80), Manufacturing and Processing (+0.20)","MKJC (-0.60), ULBSL (+0.40), SHIVM (+0.30)","The market slipped as the non‑life insurance sector dragged indices down, offset only by modest gains in manufacturing and a few standout stocks.",2026-08-31 10:52:49
20260831SS004,Sharesansar,Nepal Life Concludes Leadership Excellence Awards 2026,"Monday, August 31, 2026",true,bullish,0.35,"Life Insurance (+0.40), Insurance (+0.20)","NLIC (+0.50), NLICL (+0.50)","The award event highlights Nepal Life's record premium collection and fund growth, generating bullish sentiment for life insurance stocks.",2026-08-31 10:53:01
20260831SS005,Sharesansar,Divine Healthcare Appoints Muktinath Capital as Issue Manager for IPO Issuance,"Monday, August 31, 2026",true,bullish,0.2,Manufacturing and Processing (+0.30),,The IPO of Divine Healthcare adds bullish sentiment to the manufacturing sector with minimal impact on current listed stocks.,2026-08-31 10:53:15
20260831SS006,Sharesansar,"Top 10 Low Float Development Banks in NEPSE: Key EPS, P/E, and NPL Insights","Monday, August 31, 2026",true,bullish,0.3,Development Bank (+0.40),"NABBC (+0.20), CORBL (+0.20), LBBL (+0.40), EDBL (+0.50)",Positive valuation and earnings metrics for key low‑float development banks suggest a modest bullish tilt for the sector.,2026-08-31 10:53:29
20260831SS007,Sharesansar,Nepal Chamber Hands Over Relief Supplies to Flood-Affected Communities,"Monday, August 31, 2026",false,neutral,0.0,,,The flood relief news has no immediate impact on market sentiment.,2026-08-31 10:53:33
20260831SS008,Sharesansar,ICRA Nepal Downgrades Myagdi Hydropower's Issuer Rating with Negative Watch,"Monday, August 31, 2026",true,bearish,-0.4,Hydropower (-0.50),,"The downgrade places Myagdi Hydropower under negative watch, indicating higher default risk and weighing on hydropower stocks.",2026-08-31 10:53:46
20260831SS009,Sharesansar,Kamana Sewa Bikas Bank Provides Rs. 25 Lakh for Bhote Koshi Flood Relief,"Monday, August 31, 2026",true,bullish,0.1,Development Bank (+0.10),,The CSR donation by Kamana Sewa Bikas Bank offers a modest positive signal for development banks but is unlikely to affect the broader market significantly,2026-08-31 10:53:57
20260831SS010,Sharesansar,Silver Remain Constant Today; Gold Falls by 2400 Per Tola,"Monday, August 31, 2026",true,neutral,0.0,,,"Gold price fell modestly, but the change has negligible effect on listed sectors and stocks, keeping market outlook neutral.",2026-08-31 10:54:03
20260901SS001,Sharesansar,"Chilime Hydropower Plant Damaged by the Flood, Six Employees Missing","Tuesday, September 1, 2026",true,bearish,-0.6,Hydropower (-0.70),,Flood damage to key hydropower assets creates a bearish outlook for the sector.,2026-09-01 09:24:45
20260901SS002,Sharesansar,Nepal Bank Board Reshuffled; Three Directors Appointed,"Tuesday, September 1, 2026",true,neutral,0.1,Banking (+0.10),NABIL (+0.10),The appointment of government‑linked directors to Nepal Bank Limited’s board is viewed as a modestly positive but overall neutral development for the banking sector and NABIL stock.,2026-09-01 09:24:47
20260901SS003,Sharesansar,Citizen Investment Trust Contributes Rs 1.1 crores to Disaster Relief Fund,"Tuesday, September 1, 2026",true,neutral,0.1,Mutual Fund (+0.20),,CIT's flood relief donation is a positive CSR gesture but unlikely to move the broader market.,2026-09-01 09:24:50
20260901SS004,Sharesansar,National Life Insurance Contributes Rs 15.1 Million to Disaster Relief Fund,"Tuesday, September 1, 2026",true,neutral,0.0,Insurance (+0.20),NLIC (+0.20),The charitable flood relief donation by National Life Insurance is seen as a neutral event with slight positive sentiment for the insurance sector.,2026-09-01 09:24:53
20260901SS005,Sharesansar,Chaudhary Foundation to Help Reopen Flood-Hit Nuwakot School,"Tuesday, September 1, 2026",false,neutral,0.0,,,"The news concerns flood relief and education support, with no direct effect on NEPSE listed sectors or stocks.",2026-09-01 09:24:55
20260901SS006,Sharesansar,Machhapuchchhre Bank Provides Rs 20.1 Million for Flood Relief,"Tuesday, September 1, 2026",true,neutral,0.1,Banking (+0.20),,The bank's charitable donation boosts its image but has limited immediate effect on overall market sentiment.,2026-09-01 09:24:57
20260901SS007,Sharesansar,Himalayan Bank Provides Rs 30.1 Million for Flood Relief,"Tuesday, September 1, 2026",true,neutral,0.1,Banking (+0.10),HBL (+0.10),Himalayan Bank's flood relief donation provides a modest positive sentiment to the banking sector.,2026-09-01 09:25:00
20260901SS008,Sharesansar,Gold Price Falls by Rs. 500 Per Tola; Check Today's Trading Rate,"Tuesday, September 1, 2026",true,neutral,0.0,,,A modest decline in gold prices is unlikely to materially influence the major listed sectors on NEPSE.,2026-09-01 09:25:02
20260901SS009,Sharesansar,ICFC Finance Limited Proposes 10.5263% Cash Dividend for FY 2082/83,"Tuesday, September 1, 2026",true,bullish,0.5,Finance (+0.50),ICFC (+0.70),ICFC's sizable dividend proposal is bullish for the finance sector and its stock.,2026-09-01 09:25:05
20260901SS010,Sharesansar,Nepal Needs Your Support to Combat the Flood in Rasuwa,"Tuesday, September 1, 2026",true,bearish,-0.6,"Hydropower (-0.80), Banking (-0.50), Hotels and Tourism (-0.60), Trading (-0.40), Manufacturing and Processing (-0.20)","NHPC (-0.90), AHPC (-0.80), DHPL (-0.70), UPPER (-0.70), NABIL (-0.50), KBL (-0.50), SANIMA (-0.50), YETI (-0.60), TRH (-0.60)","Severe flood and avalanche damage to hydropower, banking branches, and tourism infrastructure create bearish pressure on the market.",2026-09-01 09:25:10
20260902SS001,Sharesansar,Butwal Power Company Group Contributes Rs 51.42 Lakhs to Bhote Koshi Flood Relief Fund,"Wednesday, September 2, 2026",true,neutral,0.1,Hydropower (+0.20),BPCL (+0.30),"The flood relief donation by BPCL shows goodwill but has limited financial effect, leading to a neutral market outlook",2026-09-02 08:47:32
20260902SS002,Sharesansar,"Know How Did The Mutual Funds Perform in Shrawan, A Complete Analysis of Multiple Factors","Wednesday, September 2, 2026",true,bullish,0.35,"Banking (+0.45), Hydropower (+0.30), Microfinance (+0.20), Development Bank (+0.15), Finance (+0.10), Hotels and Tourism (+0.08)","EBL (+0.55), SANIMA (+0.45), GBBL (+0.40), ICFC (+0.30), MFIL (+0.20), SHL (+0.25), API (+0.20)","Rising mutual fund investments, especially in banking, hydropower and micro‑finance, signal growing confidence and a moderately bullish tone for the market.",2026-09-02 08:47:36
20260902SS003,Sharesansar,"Rs. 7 Arba 88 Lakhs Collected in PM Disaster Relief Fund, Balen Says","Wednesday, September 2, 2026",true,neutral,-0.2,"Hydropower (-0.50), Manufacturing and Processing (+0.00), Insurance (+0.00)","NHPC (-0.50), BPCL (-0.50), UPPER (-0.50), RHPL (-0.50), GVL (-0.50)","Disaster damage to multiple hydropower projects and bridges creates short‑term bearish pressure on the hydropower sector, offset by neutral effects elsewhere.",2026-09-02 08:47:40
20260902SS004,Sharesansar,Everest Bank Provides Rs 3.11 Crores for Flood Relief and Recovery,"Wednesday, September 2, 2026",true,neutral,0.05,Banking (+0.20),EBL (+0.30),"Everest Bank's flood relief donation is a positive CSR move with minimal financial impact, leading to a neutral market outlook.",2026-09-02 08:47:43
20260902SS005,Sharesansar,Nepal Rastra Bank Urges Banks to Facilitate Financial Services for Natural Disaster-Affected Customers,"Wednesday, September 2, 2026",true,neutral,-0.2,"Banking (-0.30), Microfinance (-0.20)","NABIL (-0.30), EBL (-0.30), KBL (-0.30), MBL (-0.30), SANIMA (-0.20), CBBL (-0.20)","The NRB directive to help disaster‑affected customers adds operational pressures and potential credit risk for banks, leading to a mildly bearish market sentiment.",2026-09-02 08:47:47
20260902SS006,Sharesansar,Dev Group and Two Hydropower Companies Contribute Rs. 5 Million to Bhotekoshi Flood Relief Fund,"Wednesday, September 2, 2026",true,neutral,0.0,"Hydropower (+0.20), Others (+0.00)",,The flood relief contribution is a goodwill gesture with negligible effect on stock prices.,2026-09-02 08:47:49
20260902SS007,Sharesansar,"Decoding the Stocks Trading Above Rs. 2,000; Key EPS, P/E, and Floated Share Insights","Wednesday, September 2, 2026",true,bullish,0.3,"Manufacturing (+0.35), Insurance (-0.10)","BNT (+0.40), BNL (+0.30), RBCL (-0.10)","Strong earnings and reasonable valuations boost top manufacturing stocks, while the insurance stock faces a price correction, resulting in a modest bullish outlook.",2026-09-02 08:47:53
20260902SS008,Sharesansar,"Gold Slips Below Rs. 3 Lakh, Silver Under Rs. 5,000","Wednesday, September 2, 2026",true,bearish,-0.2,"Manufacturing and Processing (-0.30), Trading (-0.10)",,"Falling gold and silver prices could pressure jewelry and related trading stocks, causing modest bearish sentiment.",2026-09-02 08:47:56
20260902SS009,Sharesansar,"Arghakhanchi Cement Contributes Rs 675,000 to PM Disaster Relief Fund","Wednesday, September 2, 2026",false,neutral,0.0,,,The modest charitable contribution by Arghakhanchi Cement has negligible influence on market sentiment.,2026-09-02 08:47:58
20260902SS010,Sharesansar,NEPSE Contributes Rs. 1.11 Crores to Prime Minister’s Disaster Relief Fund for Bhotekoshi Flood Victims,"Wednesday, September 2, 2026",true,bullish,0.1,Finance (+0.10),,NEPSE's charitable contribution boosts market sentiment modestly.,2026-09-02 08:48:00
20260903SS001,Sharesansar,Public Holiday Declared in Three Bagmati Districts for Chepang Community's Nwagi Festival,"Thursday, September 3, 2026",false,neutral,0.0,,,The holiday announcement is a cultural event with no direct impact on financial markets or listed companies.,2026-09-03 08:56:42
20260903SS002,Sharesansar,"Ather Opens 13th Experience Center in Dharan, Records 25+ Bookings Before Launch","Thursday, September 3, 2026",false,neutral,0.0,,,"The news concerns Ather's retail expansion, which does not involve any listed NEPSE companies.",2026-09-03 08:56:44
20260903SS003,Sharesansar,Cabinet Meeting Today at Singha Durbar;  Key Decision to Come,"Thursday, September 3, 2026",true,neutral,0.0,"Hydropower (-0.10), Insurance (-0.10), Manufacturing (+0.00)","NHPC (-0.10), GVL (-0.10), KBPL (-0.10), ALICL (-0.10), NLIC (-0.10), BNL (+0.00), BNT (+0.00)","Cabinet meeting agenda remains undisclosed, so the market impact is considered neutral.",2026-09-03 08:56:49
20260903SS004,Sharesansar,Nabil Bank Appoints Global IME Capital as Issue Manager for Rs. 4 Arba Debenture,"Thursday, September 3, 2026",true,neutral,0.2,"Banking (+0.20), Finance (+0.00), Mutual Fund (+0.10)","NABIL (+0.30), EBL (-0.10), KBL (-0.10)",The debenture issuance by Nabil Bank is seen as a modestly positive but overall neutral signal for the market.,2026-09-03 08:56:53
20260903SS005,Sharesansar,Flash Flood Risk Persists in Bhotekoshi and Trishuli River Systems,"Thursday, September 3, 2026",true,bearish,-0.4,"Hydropower (-0.60), Insurance (-0.40), Hotels and Tourism (-0.30), Manufacturing (-0.20), Banking (-0.10)","NHPC (-0.70), BARUN (-0.60), HURJA (-0.50), ALICL (-0.50), NLIC (-0.40), OHL (-0.30), BNL (-0.20)","The heightened flash flood risk threatens hydropower operations and raises insurance claim concerns, weighing on market sentiment.",2026-09-03 08:56:56
20260903SS006,Sharesansar,Himalayan Laghubitta Contributes Rs 5 Lakh for Bhotekoshi Flood Relief,"Thursday, September 3, 2026",true,neutral,0.1,Microfinance (+0.20),,The flood relief contribution shows goodwill but has minimal direct effect on market sentiment.,2026-09-03 08:56:59
20260903SS007,Sharesansar,Chairman of Himalayan Reinsurance Limited Resigns,"Thursday, September 3, 2026",true,bearish,-0.3,Insurance (-0.30),,"The resignation of Himalayan Reinsurance’s chairman raises governance concerns, mildly weighing on the insurance sector.",2026-09-03 08:57:02
20260903SS008,Sharesansar,NRB to Collect 18 Billion from BFI's; Interest and Deposits Returns after 3 Month,"Thursday, September 3, 2026",true,bearish,-0.3,"Banking (-0.40), Development Bank (-0.30), Finance (-0.30), Microfinance (-0.20), Insurance (-0.10)","NABIL (-0.40), EBL (-0.40), NICA (-0.40), SBI (-0.40), KBL (-0.40), MBL (-0.40), CBL (-0.40), GBIME (-0.40), HBL (-0.40), NMB (-0.40), PCBL (-0.40), PRVU (-0.40), SANIMA (-0.40), SCB (-0.40), SRBL (-0.40), CORBL (-0.30), EDBL (-0.30), GBBL (-0.30), JBBL (-0.30), KBBL (-0.30), LBBL (-0.30), MLBL (-0.30), MNBBL (-0.30), MRBL (-0.30), MWBL (-0.30), NABBC (-0.30), NESDO (-0.30), NGBBL (-0.30), ODBL (-0.30), SADBL (-0.30), BFC (-0.30), CFCL (-0.30), GFCL (-0.30), ICFC (-0.30), JFL (-0.30), MFIL (-0.30), MPFL (-0.30), NFS (-0.30), PROFL (-0.30), RLFL (-0.30), SFCL (-0.30), SIFC (-0.30), CBBL (-0.20), CYCL (-0.20), DDBL (-0.20), FOWAD (-0.20), GMFIL (-0.20), HLBSL (-0.20), KLBSL (-0.20), LLBS (-0.20), MERO (-0.20), MGBL (-0.20), NUBL (-0.20), RMDC (-0.20), SKBBL (-0.20), SMFBS (-0.20), WOMI (-0.20), ALICL (-0.10), GILC (-0.10), HGI (-0.10), LICN (-0.10), NLIC (-0.10), NLG (-0.10), NLICL (-0.10), PLI (-0.10), PMLI (-0.10), PRIC (-0.10), RBCL (-0.10), SALICL (-0.10), SGIC (-0.10), SIC (-0.10), SLICL (-0.10)","The NRB's short‑term deposit collection drains liquidity from banks and financial institutions, likely pressuring funding costs and weighing on related sector stocks.",2026-09-03 08:57:10
20260903SS009,Sharesansar,"Gold Price Rises by Rs. 7600 Per Tola, Crosses Three Lakhs Four Thousand","Thursday, September 3, 2026",true,bearish,-0.4,"Manufacturing (-0.50), Trading (-0.30), Banking (-0.20)","BNL (-0.50), BNT (-0.40), NABIL (-0.20)","Rising gold prices draw investment away from equities and raise costs for metal‑related manufacturers, creating a modest bearish tilt.",2026-09-03 08:57:15
20260903SS010,Sharesansar,Sun Securities Contributes Rs 2.11 Lakh for Bhotekoshi Flood Relief,"Thursday, September 3, 2026",false,neutral,0.0,,,The flood relief contribution by Sun Securities has negligible effect on the broader market.,2026-09-03 08:57:17
20260904SS001,Sharesansar,"Nepal’s International Trade: A Decade of First-Month Trends in Imports, Exports and Trade Deficit (F.Y. 2073/74 - 2083/84)","Friday, September 4, 2026",true,bearish,-0.4,"Banking (-0.30), Finance (-0.30), Trading (+0.20), Manufacturing and Processing (+0.10), Insurance (-0.20), Hydropower (+0.00), Hotels and Tourism (+0.00)","NABIL (-0.35), EBL (-0.30), KBL (-0.30), GCIL (+0.15), AHPC (+0.00), ALICL (-0.20)","Rising imports and a widening trade deficit suggest slower economic growth, outweighing benefits for import‑linked traders.",2026-09-04 08:51:17
20260904SS002,Sharesansar,Garuda Aerospace Deploys Drones for Flood Relief in Nepal,"Friday, September 4, 2026",true,bullish,0.2,"Manufacturing and Processing (+0.30), Investment (+0.20)",BNT (+0.30),The drone firm's IPO and relief operations boost sentiment toward tech‑enabled manufacturing and investment opportunities,2026-09-04 08:51:20
20260904SS003,Sharesansar,Garima Bikas Bank Proposes 20% Dividend for FY 2082/83,"Friday, September 4, 2026",true,bullish,0.4,Development Bank (+0.50),GBBL (+0.60),"The dividend proposal signals strong profitability, generating bullish sentiment for GBBL and the development bank sector.",2026-09-04 08:51:23
20260904SS004,Sharesansar,Laxmi Sunrise Bank Contributes Rs. 3.24 Crore to PM Disaster Relief Fund,"Friday, September 4, 2026",true,neutral,0.15,Banking (+0.20),,"The donation showcases corporate responsibility, giving a modest positive sentiment to the banking sector but limited market-wide effect",2026-09-04 08:51:26
20260904SS005,Sharesansar,NVIDIA CEO Jensen Huang Donates US$10 Million to Nepal’s Prime Minister Disaster Relief Fund,"Friday, September 4, 2026",true,bullish,0.3,"Banking (+0.30), Finance (+0.20), Insurance (+0.20), Hydropower (+0.10), Manufacturing (+0.10)","NABIL (+0.30), NMB (+0.30), KBL (+0.20), HBL (+0.20), ALICL (+0.20), NLIC (+0.20)","The large foreign donation boosts relief funds, improving market sentiment and supporting financial and related sectors.",2026-09-04 08:51:30
20260904SS006,Sharesansar,"NEPSE to Remain Closed on Friday, Govt Declares Public Holiday on The Occasion of Krishna Janmashtami","Friday, September 4, 2026",true,neutral,0.0,,,The holiday closure pauses trading but has no material effect on market sentiment.,2026-09-04 08:51:32
20260904SS007,Sharesansar,"Cabinet Unveils 7 Key Decisions, Approves $5 Million ADB Grant for Flood Relief","Thursday, September 3, 2026",true,bullish,0.15,"Manufacturing and Processing (+0.30), Trading (+0.20), Insurance (-0.40), Microfinance (-0.20)","BNL (+0.30), HDL (+0.30), NLIC (-0.40), ALICL (-0.30), CBBL (-0.20)","Government relief measures mitigate flood damage, offering modest support to industry while raising insurance liabilities",2026-09-04 08:51:37
20260904SS008,Sharesansar,Government Declares Public Holiday on Bhadra 23 for Gen Z Martyr's Day,"Thursday, September 3, 2026",true,bullish,0.3,"Trading (+0.40), Manufacturing and Processing (+0.20), Insurance (-0.10), Microfinance (+0.10)","BNT (+0.20), NABIL (+0.10), SANIMA (+0.10)","Tax and customs relief for sugar imports plus flood recovery measures provide modest support to trading and manufacturing, yielding a slightly bullish outlook.",2026-09-04 08:51:41
20260904SS009,Sharesansar,NMB Capital Contributes Rs. 1.5 Million to PM Disaster Relief Fund for Flood Recovery,"Thursday, September 3, 2026",true,neutral,0.1,Banking (+0.20),NMB (+0.20),The donation reflects positively on NMB but has limited direct effect on market prices,2026-09-04 08:51:43
20260904SS010,Sharesansar,NCP leader Barsha Man Pun Meets with PM Shah,"Thursday, September 3, 2026",true,neutral,0.0,"Hydropower (-0.20), Insurance (-0.20)","NHPC (-0.20), BARUN (-0.20), ALICL (-0.20), GILC (-0.20)","The flood relief focus creates modest short‑term concerns for hydropower and insurance sectors, leaving overall market impact neutral",2026-09-04 08:51:46
20260906SS001,Sharesansar,The FDI Illusion: Why Nepal’s Rising Approvals Hide a Falling Investment Story,"Sunday, September 6, 2026",true,bearish,-0.5,"Hydropower (-0.70), Manufacturing (-0.60), Banking (+0.30), Finance (+0.20), Insurance (+0.20), Hotels and Tourism (+0.10)","NHPC (-0.80), BARUN (-0.70), BPCL (-0.60), BNL (-0.60), GCIL (-0.50), NABIL (+0.40), EBL (+0.30), ALICL (+0.30), GILC (+0.20), OHL (+0.10)","Overall foreign direct investment contracted, hurting hydropower and manufacturing, while financial‑services saw modest inflows, leading to a bearish market outlook.",2026-09-06 08:40:32
20260906SS002,Sharesansar,"South Korea’s Exports Hit Record US$709.4 Billion, Eye US$1 Trillion Milestone","Sunday, September 6, 2026",false,neutral,0.0,,,The news on South Korea's export growth has no direct relevance to Nepal's market.,2026-09-06 08:40:34
20260906SS003,Sharesansar,NOC Reroutes Fuel Supplies to Kathmandu via Tribhuvan Highway,"Sunday, September 6, 2026",true,neutral,-0.2,"Hotels and Tourism (-0.30), Manufacturing and Processing (-0.10), Trading (-0.10)",,"The highway blockage triggers short‑term fuel logistics challenges, modestly weighing on tourism and manufacturing but overall market impact remains neutral.",2026-09-06 08:40:38
20260906SS004,Sharesansar,Gold Price Falls by Rs. 3100 Per Tola; Silver by Rs.40 Today,"Sunday, September 6, 2026",false,neutral,0.0,,,Gold and silver price decline has minimal direct impact on listed NEPSE sectors.,2026-09-06 08:40:40
20260906SS005,Sharesansar,Sanima Bank Unveils Book Closure Date for its 10% Dividend; Calls AGM on Ashwin 12,"Sunday, September 6, 2026",true,bullish,0.45,Banking (+0.50),SANIMA (+0.60),"Sanima Bank's 10% dividend announcement is viewed as a positive earnings signal, providing a bullish tilt to the banking sector.",2026-09-06 08:40:42
20260906SS006,Sharesansar,ICFC Finance Unveils Book Closure Date for its 10.5263% Dividend; Calls AGM on Ashwin 13,"Sunday, September 6, 2026",true,bullish,0.4,Finance (+0.50),ICFC (+0.60),The dividend announcement is moderately bullish for the finance sector and ICFC stock,2026-09-06 08:40:45
20260906SS007,Sharesansar,Everest Bank Unveils Book Closure Date for its 15% Dividend; Calls AGM on Ashwin 14,"Sunday, September 6, 2026",true,bullish,0.5,Banking (+0.50),EBL (+0.60),Everest Bank's dividend announcement is moderately bullish for the banking sector.,2026-09-06 08:40:48
20260906SS008,Sharesansar,Nepali Kickboxer Abiral Ghimire Achieves Title of World Champion,"Sunday, September 6, 2026",false,neutral,0.0,,,The sports achievement has no direct impact on Nepal's financial markets.,2026-09-06 08:40:49
20260907SS001,Sharesansar,President Paudel to Address Nation Following Visit to Flood-Affected Areas,"Monday, September 7, 2026",true,bearish,-0.42,"Hydropower (-0.55), Insurance (-0.48), Banking (-0.30), Manufacturing and Processing (-0.25), Hotels and Tourism (-0.20)","NHPC (-0.55), BARUN (-0.50), ALICL (-0.45), GILC (-0.44), NABIL (-0.30), KBL (-0.28), BNT (-0.22)","Severe floods and landslides raise humanitarian and economic concerns, weighing on equities across multiple sectors.",2026-09-07 09:21:12
20260907SS002,Sharesansar,Rabi Lamichhane and US Secretary of State Marco Rubio Hold Phone Talks,"Monday, September 7, 2026",true,bearish,-0.3,"Insurance (-0.40), Hydropower (-0.30), Hotels and Tourism (-0.20), Manufacturing and Processing (-0.20)","ALICL (-0.40), NLIC (-0.40), NHPC (-0.30), BARUN (-0.30), OHL (-0.20), TRH (-0.20), BNL (-0.20), HDL (-0.20)","The flood and ensuing relief efforts raise concerns over higher insurance claims, potential hydropower disruptions, and reduced tourism, leading to a modest bearish sentiment.",2026-09-07 09:21:19
20260907SS003,Sharesansar,"""6.25 % Prime Bank Debenture 2093 (PBD93)"" Listed in NEPSE","Monday, September 7, 2026",true,bullish,0.3,Banking (+0.40),,"The 6.25% ten‑year debenture listing signals fresh capital raising by Prime Commercial Bank, modestly supporting the banking sector.",2026-09-07 09:21:23
20260907SS004,Sharesansar,Global IME Balanced Fund–1 Declares 12% Dividend for FY 2082/83,"Monday, September 7, 2026",true,bullish,0.3,Investment (+0.40),,The 12% dividend declaration for GIBF1 is seen as a bullish signal for the mutual fund/investment sector,2026-09-07 09:21:26
20260907SS005,Sharesansar,Chhimek Laghubitta Contributes Rs. 41.39 Lakh to PM's Disaster Relief Fund,"Monday, September 7, 2026",true,neutral,0.1,Microfinance (+0.10),,"The modest disaster relief contribution is a goodwill gesture with negligible financial impact, resulting in a neutral overall market outlook.",2026-09-07 09:21:29
20260907SS006,Sharesansar,Mahalaxmi Bikas Bank Gives NPR 51 Lakh to PM's Disaster Relief Fund,"Monday, September 7, 2026",true,neutral,0.1,Development Bank (+0.10),,The donation is a positive corporate social responsibility move but unlikely to materially affect market direction.,2026-09-07 09:21:37
20260907SS007,Sharesansar,F1Soft Group Contributes Rs. 1.35 Crore to PM's Disaster Relief Fund,"Monday, September 7, 2026",true,neutral,0.1,Finance (+0.10),,CSR news offers modest positive sentiment for the fintech/finance sector but does not materially affect listed stocks.,2026-09-07 09:21:41
20260907SS008,Sharesansar,Which Mutual Funds Paid Out the Most (and Least) This Fiscal Year so Far?,"Monday, September 7, 2026",true,neutral,0.1,"Mutual Fund (+0.50), Banking (-0.10)",,"Strong dividend distributions from several mutual funds enhance their appeal, modestly supporting the mutual fund sector while having limited effect on the broader market.",2026-09-07 09:21:48
20260907SS009,Sharesansar,Nabil Mutual Funds Declare Cash Dividends: 3.5% for NBF2 and 2.5% for NBF3; When Is the Book Closure Date?,"Monday, September 7, 2026",true,bullish,0.4,"Mutual Fund (+0.50), Banking (+0.30)",NABIL (+0.50),"The dividend payout by Nabil mutual funds boosts confidence in the mutual fund and its sponsoring bank, leading to a moderately bullish outlook.",2026-09-07 09:21:53
20260907SS010,Sharesansar,"NIC Asia Capital Limited Promoted ""NIC ASIA Equity Opportunity Fund"" to Issue 8 Crore Units Mutual Fund Scheme to General Public From Ashoj 07","Monday, September 7, 2026",true,neutral,0.2,"Mutual Fund (+0.30), Banking (+0.10)",,"The issuance of a new equity mutual fund is likely to have a modest, mostly neutral effect on market sentiment.",2026-09-07 09:21:57
20260908SS001,Sharesansar,"NEPSE to Remain Closed Today, Govt Declares Public Holiday on The Occasion of Gen Z Sahid Diwas","Tuesday, September 8, 2026",true,neutral,0.0,,,"The holiday closure temporarily pauses trading but does not affect market fundamentals, resulting in a neutral impact.",2026-09-08 08:52:25
20260908SS002,Sharesansar,Finance Minister Wagle Directs Officials to Propose Legal Measures for Capital Market Reform,"Monday, September 7, 2026",true,bullish,0.4,"Banking (+0.20), Development Bank (+0.20), Finance (+0.20), Microfinance (+0.20), Insurance (+0.20), Hydropower (+0.20), Manufacturing (+0.20), Hotels and Tourism (+0.20), Trading (+0.20), Investment (+0.20), Mutual Fund (+0.20)","NABIL (+0.20), EBL (+0.20), SANIMA (+0.20), NHPC (+0.20), GCIL (+0.20), OHL (+0.20)","Proposed capital market reforms are expected to strengthen regulation and attract investment, yielding a moderately bullish outlook.",2026-09-08 08:52:31
20260908SS003,Sharesansar,NRB Directs Banks to Ensure Essential Banking Services in Flood-Affected Districts,"Monday, September 7, 2026",true,neutral,0.1,Banking (+0.20),"NABIL (+0.10), EBL (+0.10), KBL (+0.10), SANIMA (+0.10), SCB (+0.10)","NRB’s directive to keep banking services running in disaster‑hit areas supports operational stability, giving a modestly positive market tone.",2026-09-08 08:52:36
20260908SS004,Sharesansar,Nepal Rastra Bank Contributes Rs. 1.39 Crore to PM Disaster Relief Fund for Bhotekoshi Flood Victims,"Monday, September 7, 2026",true,bearish,-0.2,"Hydropower (-0.40), Hotels and Tourism (-0.30), Insurance (-0.30), Manufacturing and Processing (-0.20)","NHPC (-0.45), BARUN (-0.35), OHL (-0.30), SHL (-0.30), ALICL (-0.30), BNL (-0.20)","The flood disaster raises concerns for hydro, tourism, insurance and manufacturing sectors, leading to a modest bearish outlook.",2026-09-08 08:52:40
20260908SS005,Sharesansar,PM Balen Shah to Visit New York for UN General Assembly,"Monday, September 7, 2026",true,neutral,0.2,"Hydropower (+0.30), Insurance (+0.00), Manufacturing and Processing (+0.20), Hotels and Tourism (-0.20)","NHPC (+0.35), AHPC (+0.30), ALICL (+0.10), GILC (+0.10), BNL (+0.20), GCIL (+0.15)","The prime minister’s UN address on climate change is expected to draw attention and modest funding to hydro and rebuilding sectors, yielding a neutral‑to‑slightly bullish market outlook.",2026-09-08 08:52:45
20260908SS006,Sharesansar,"SEBON Plans Major Overhaul of Nepal’s Capital Market, Price Discovery Mechanism in Pipeline","Monday, September 7, 2026",true,bullish,0.45,"Banking (-0.20), Development Bank (-0.10), Finance (+0.40), Microfinance (+0.10), Insurance (+0.20), Hydropower (+0.30), Manufacturing and Processing (+0.30), Hotels and Tourism (+0.30), Trading (+0.20), Investment (+0.40), Mutual Fund (+0.50)","NABIL (-0.20), EBL (-0.15), BFC (+0.40), AHPC (+0.30), BNL (+0.30), OHL (+0.30), ALICL (+0.20), SFCL (+0.40), SHIVM (+0.30)","SEBON's planned reforms to introduce a genuine price discovery mechanism and broaden primary market access are expected to modernize Nepal's capital market, creating bullish opportunities especially for finance, investment, and sectoral growth, while slightly pressuring banks.",2026-09-08 08:52:50
20260908SS007,Sharesansar,Kalash Stock Market Concludes 10-Day Free Share Market Training,"Monday, September 7, 2026",true,neutral,0.2,Trading (+0.20),,Investor education program is mildly positive but does not directly affect stock fundamentals,2026-09-08 08:52:52
20260908SS008,Sharesansar,President Paudel Appeals for Unity Amid Rasuwa Crisis,"Monday, September 7, 2026",true,bullish,0.22,"Banking (+0.20), Development Bank (+0.20), Finance (+0.10), Insurance (-0.30), Hydropower (+0.10), Manufacturing and Processing (+0.20), Hotels and Tourism (-0.20)","NABIL (+0.20), SANIMA (+0.20), CORBL (+0.20), BFC (+0.10), ALICL (-0.30), NHPC (+0.10), BNT (+0.20), OHL (-0.20)","President's call for unity and reconstruction indicates increased economic activity, outweighing short‑term disaster impacts, leading to a modestly bullish market outlook.",2026-09-08 08:52:57
20260908SS009,Sharesansar,NEPSE Rises By 18.07 Points Following Government’s Stock Market Reform Plan,"Monday, September 7, 2026",true,bullish,0.45,"Manufacturing and Processing (+0.40), Finance (-0.30)","PURE (+0.60), RSML (+0.00)","Reform-driven optimism lifted the index, benefitting manufacturing while pressuring finance.",2026-09-08 08:53:00
20260908SS010,Sharesansar,Nepali Congress Donates Rs. 10 Million to PM Disaster Relief Fund for Bhotekoshi Flood Victims,"Monday, September 7, 2026",true,bearish,-0.2,"Hydropower (-0.40), Insurance (-0.30), Manufacturing and Processing (+0.10)","NHPC (-0.50), ALICL (-0.30), NABIL (+0.00)","Flood disaster raises concerns for hydropower and insurance sectors, exerting slight bearish pressure on the market.",2026-09-08 08:53:03
20260909SS001,Sharesansar,CARE Ratings Reaffirms 'BBB (Is)' Rating for Bajeko Sekuwa Ahead of IPO,"Wednesday, September 9, 2026",true,bullish,0.2,Others (+0.20),,The reaffirmed BBB rating and upcoming IPO of Bajeko Sekuwa generate modest bullish sentiment for the market.,2026-09-09 08:58:21
20260909SS002,Sharesansar,PM Balendra Shah Holds Talks With Security Chiefs,"Wednesday, September 9, 2026",true,bearish,-0.3,"Hydropower (-0.50), Hotels and Tourism (-0.40), Manufacturing and Processing (-0.20), Insurance (-0.10)","NHPC (-0.50), BARUN (-0.50), GVL (-0.40), UPPER (-0.40), OHL (-0.40), SHL (-0.40), YETI (-0.40), ALICL (-0.10), GILC (-0.10), NLIC (-0.10)","The severe Bhotekoshi flood raises disaster‑related risks, weighing on infrastructure, tourism and insurance sectors.",2026-09-09 08:58:28
20260909SS003,Sharesansar,Vianet Contributes Rs. 20 Lakh to PM Disaster Relief Fund,"Wednesday, September 9, 2026",false,neutral,0.0,,,"The donation by Vianet, a non‑listed firm, has little direct effect on NEPSE listed companies, resulting in a neutral market impact.",2026-09-09 08:58:30
20260909SS004,Sharesansar,BP Koirala’s 113th Birth Anniversary Being Observed Across Nepal,"Wednesday, September 9, 2026",false,neutral,0.0,,,The news is cultural/political with no direct impact on the stock market.,2026-09-09 08:58:32
20260909SS005,Sharesansar,Manakamana Cable Car Employees Contribute Two Day's Salary to Flood Relief,"Wednesday, September 9, 2026",false,neutral,0.0,,,The news concerns a non-listed tourism operator's charitable donation and does not directly affect NEPSE listed sectors or stocks.,2026-09-09 08:58:38
20260909SS006,Sharesansar,"NIMB Ace Capital, NIBL Equity Partners Give Rs. 21 Lakh to PM's Relief Fund","Wednesday, September 9, 2026",true,neutral,0.1,"Banking (+0.20), Microfinance (+0.10)",,Corporate donations improve goodwill but have limited direct market effect,2026-09-09 08:58:44
20260909SS007,Sharesansar,Ingwa Hydropower Resumes Electricity Generation from Unit 2,"Wednesday, September 9, 2026",true,bullish,0.3,Hydropower (+0.40),,"Resumption of Ingwa Hydropower's generation lifts hydropower sector sentiment, leading to a modest bullish outlook.",2026-09-09 08:58:49
20260909SS008,Sharesansar,"PUBG Mobile Nepal Sends Flood Relief to Nuwakot, Rasuwa","Wednesday, September 9, 2026",false,neutral,0.0,,,The flood‑relief effort by PUBG Mobile Nepal does not directly affect listed NEPSE sectors or stocks.,2026-09-09 08:58:51
20260909SS009,Sharesansar,NRB to Collect 55 Billion from BFI's Today; Amount and Interest to be Return After Two Months,"Wednesday, September 9, 2026",true,bearish,-0.4,"Banking (-0.50), Development Bank (-0.40), Finance (-0.40), Microfinance (-0.40)","NABIL (-0.50), EBL (-0.50), KBL (-0.50), SANIMA (-0.50), SCB (-0.50), BFC (-0.40), CFCL (-0.40), CBBL (-0.40), CYCL (-0.40)","NRB's liquidity absorption operation reduces available funds for banks and financial institutions, creating bearish pressure on the sector.",2026-09-09 08:58:57
20260909SS010,Sharesansar,Six Major Shareholders of Emerging Nepal Plan to Sell Shares,"Wednesday, September 9, 2026",true,bearish,-0.2,Others (-0.30),,"Major shareholders planning to sell shares could depress Emerging Nepal's stock, leading to a modest bearish effect.",2026-09-09 08:59:02
20260910SS001,Sharesansar,Rajendra Kumar Poudel Appointed Chairman of Nepal Telecom Board,"Thursday, September 10, 2026",false,neutral,0.0,,,Board appointment at Nepal Telecom does not directly affect NEPSE listed stocks.,2026-09-10 08:57:21
20260910SS002,Sharesansar,"PROTON Donates RM200,000 in Drones for Nepal Flood , Jagdamba Motors Adds Rs 4 Crore","Thursday, September 10, 2026",true,neutral,0.1,"Insurance (+0.10), Others (+0.00)",,Corporate flood relief donations boost sentiment but unlikely to materially affect market indices,2026-09-10 08:57:25
20260910SS003,Sharesansar,Industry Minister Gauri Kumari Yadav Hands Resignation to PM Balen Shah,"Thursday, September 10, 2026",true,bearish,-0.4,"Manufacturing and Processing (-0.50), Trading (-0.20)","BNL (-0.50), BNT (-0.50), GCIL (-0.50), HDL (-0.50), KDL (-0.50), NBBL (-0.50), NBTM (-0.50), SHIVM (-0.50), UALT (-0.50)","The resignation amid backlash over gas‑plant criticism creates regulatory uncertainty, weighing on manufacturing and related trading stocks.",2026-09-10 08:57:30
20260910SS004,Sharesansar,inDrive Contributes Rs. 7.5 Crore to Flood Relief Fund,"Thursday, September 10, 2026",true,neutral,-0.05,"Hydropower (-0.30), Insurance (-0.20), Manufacturing and Processing (+0.00)","NHPC (-0.30), DHPL (-0.30), BARUN (-0.30), ALICL (-0.20), NLIC (-0.20)","Flood damage to infrastructure offsets any positive sentiment from corporate relief contributions, leading to a slightly bearish outlook.",2026-09-10 08:57:36
20260910SS005,Sharesansar,"Yashoda Group Gives Rs 3.51 Crore to Bhotekoshi Flood Relief, Sends Rs 30 Lakh Worth Noodles","Thursday, September 10, 2026",true,neutral,0.05,Manufacturing and Processing (+0.10),,"The flood relief contribution by Yashoda Group has minimal effect on market sentiment, keeping overall outlook neutral.",2026-09-10 08:57:41
20260910SS006,Sharesansar,Chirag Goyal Takes Charge As Director At Excel Development Bank,"Thursday, September 10, 2026",true,bullish,0.25,Development Bank (+0.40),,"The appointment of Chirag Goyal to Excel Development Bank's board is viewed as a positive governance development, modestly boosting sentiment for development banks.",2026-09-10 08:57:45
20260910SS007,Sharesansar,WorldLink Contributes Rs. 1.01 Crore to Flood Relief Fund,"Thursday, September 10, 2026",false,neutral,0.0,,,"WorldLink is not listed on NEPSE, so the flood relief contribution and damage have negligible effect on the market.",2026-09-10 08:57:49
20260910SS008,Sharesansar,Mahalaxmi Bikas Bank Re-Certified Under ISO 9001:2015,"Thursday, September 10, 2026",true,bullish,0.3,Development Bank (+0.40),,The ISO recertification and digital hub launch give a modest bullish boost to the development banking sector.,2026-09-10 08:57:53
20260910SS009,Sharesansar,Sanima GIC Insurance Reappoints Sudyumna Prasad Upadhyaya as CEO for Second Term,"Thursday, September 10, 2026",true,neutral,0.1,Insurance (+0.10),SGIC (+0.10),"The reappointment of Sanima GIC Insurance's CEO provides continuity, leading to a neutral to slightly bullish sentiment.",2026-09-10 08:57:57
20260910SS010,Sharesansar,Citizens Bank Offers Fixed 5.99% Rate on Home and Vehicle Loans,"Thursday, September 10, 2026",true,neutral,-0.2,Banking (-0.20),"NABIL (-0.20), KBL (-0.20), SCB (-0.20), EBL (-0.20)","Fixed low-rate loan schemes could compress bank margins, leading to a neutral to mildly bearish outlook for the banking sector.",2026-09-10 08:58:02
20260911SS001,Sharesansar,Rajesh Upadhyay Appointed Acting President of CBFIN,"Friday, September 11, 2026",true,bullish,0.2,"Banking (+0.30), Development Bank (+0.10)","MBL (+0.30), NABIL (+0.10)","CBFIN’s new acting president is seen as a stabilising factor for Nepali banks, giving a modest bullish outlook",2026-09-11 08:55:32
20260911SS002,Sharesansar,"Xiaomi Brings Redmi Note 17 Series to Nepal, Offers Up to 72 Hours of Use on a Single Charge","Friday, September 11, 2026",false,neutral,0.0,,,The Xiaomi phone launch has minimal direct impact on listed Nepali market sectors and stocks.,2026-09-11 08:55:34
20260911SS003,Sharesansar,Shiva Shree Hydropower Appoints Citizens Capital as Share Registrar,"Friday, September 11, 2026",true,neutral,0.1,Hydropower (+0.10),,The registrar appointment offers a slight positive outlook for Shiva Shree Hydropower but has minimal effect on the broader market,2026-09-11 08:55:38
20260911SS004,Sharesansar,"PM Balendra Shah Holds Talks with Business Leaders; Binod Chaudhary, Pawan Golyan, Chandra Dhakal","Friday, September 11, 2026",true,bullish,0.35,"Manufacturing (+0.20), Hydropower (+0.20), Banking (+0.10), Finance (+0.10), Investment (+0.20)","NABIL (+0.10), KBL (+0.10), NMB (+0.10), NHPC (+0.20), BNT (+0.15)","The prime minister's engagement with business leaders signals a pro‑investment stance, likely lifting sentiment across key sectors.",2026-09-11 08:55:42
20260911SS005,Sharesansar,Finance Minister Wagle Announces 10 to 12 Point Special Reform Package for Capital Market,"Friday, September 11, 2026",true,bullish,0.4,"Banking (+0.30), Development Bank (+0.20), Finance (+0.40), Microfinance (+0.10), Insurance (+0.20), Hydropower (+0.00), Manufacturing (+0.00)","NABIL (+0.30), EBL (+0.30), BFC (+0.40), CFCL (+0.20), CBBL (+0.10), ALICL (+0.20)","The announced capital market reform package is expected to boost investor confidence and stimulate activity, providing a moderately bullish outlook for the market.",2026-09-11 08:55:46
20260911SS006,Sharesansar,Laxmi Sunrise Capital Appointed Issue Manager for Buddha Regency Limited  IPO,"Friday, September 11, 2026",true,bullish,0.2,Hotels and Tourism (+0.40),"OHL (+0.30), SHL (+0.30), TRH (+0.30), TRHM (+0.30), YETI (+0.30)","Buddha Regency's IPO signals growth in the hotel sector, giving a modest bullish tilt to related stocks.",2026-09-11 08:55:50
20260911SS007,Sharesansar,PM Balendra Shah And New Zealand PM Christopher Luxon Discuss Search and Relief Efforts After Bhotekoshi Flood,"Friday, September 11, 2026",true,bearish,-0.4,"Insurance (-0.60), Hotels and Tourism (-0.50), Hydropower (-0.40), Manufacturing and Processing (-0.30), Banking (-0.20)","ALICL (-0.60), NLIC (-0.60), SIC (-0.50), OHL (-0.50), SHL (-0.50), NHPC (-0.40), KBL (-0.20)","The Bhotekoshi flood raises disaster‑related risks for insurance, tourism, and infrastructure, leading to a modestly bearish market outlook despite foreign humanitarian aid.",2026-09-11 08:55:55
20260911SS008,Sharesansar,BRICS Summit to Begin September 12 as Delhi Enforces Massive Security,"Friday, September 11, 2026",true,neutral,0.0,Hotels and Tourism (+0.10),"OHL (+0.10), SHL (+0.10)","The summit's security focus has limited direct effect on Nepal markets, with only a modest positive note for hotel and tourism stocks.",2026-09-11 08:56:00
20260911SS009,Sharesansar,ENL Faces Promoter Share Selling Pressure as 2 More Shareholders Eye Exit Today,"Friday, September 11, 2026",true,bearish,-0.4,Manufacturing and Processing (-0.40),ENL (-0.60),"Promoter exit plans signal weakening confidence in Emerging Nepal Ltd, prompting a bearish outlook for the stock and its sector.",2026-09-11 08:56:04
20260911SS010,Sharesansar,NRB to Collect 70 Billion from BFI's Today; Amount and Interest to be Return After Two Months,"Friday, September 11, 2026",true,bearish,-0.5,"Banking (-0.50), Development Bank (-0.40), Finance (-0.30), Microfinance (-0.30), Insurance (-0.10)","NABIL (-0.50), KBL (-0.50), NMB (-0.50), EBL (-0.50), SCB (-0.40), BFC (-0.30), CBBL (-0.30), ALICL (-0.10)","NRB’s 70 billion deposit collection tightens liquidity, likely pressuring banks and financial institutions and weighing on the market.",2026-09-11 08:56:09
