id,source,title,url,date,scraped_at,content
20260704SS001,Sharesansar,"NEPSE Index Dips By 8.30 Points to Close at 2,653.40 Levels; Finance Index Gains the Highest Among Other Indices",https://www.sharesansar.com/newsdetail/nepse-index-dips-by-830-points-to-close-at-265340-levels-finance-index-gains-the-highest-among-other-indices-2026-07-03,"Friday, July 3, 2026",2026-07-04 15:03:21,"The Nepal Stock Exchange (NEPSE) recorded a fall today, falling by 8.30 points (0.31%) to settle at 2,653.40.This comes after a gain of 8.78 points in the previous trading session.

The benchmark index opened at 2673.15 and fluctuated between an intraday high of 2,673.14 and a low of 2,646.78 before settling at the close. Total turnover for the day amounted to Rs. 4.41 Arba, with 8,584,401 shares traded across 345 companies through 46,234 transactions. The total market capitalization stood at Rs. 45.59 Kharba, with a float market capitalization of Rs. 15.37 Kharba.

4% Agricultural Bond (ADBLB) topped the turnover chart, recording transactions worth Rs. 43 crores. The company’s stock closed at Rs. 1,000.00.

Upper Lohore Khola Hydropower Company Limited (ULHC), Snow Rivers Limited (SNORL) Led the gainer's list with 15.00% positive circuits.

Meanwhile, Upper Lohore Khola Hydropower Company Limited (ULHC) recorded the Highest fall, falling by 13.65%, the last traded price of the company was Rs. 429.00 .

Among sectors, Finance Index registered the highest gain by 1.06%, while Banking SubIndex recorded highest loss, gaining by 0.96%.

Top Buyer Broker's Top 10 Bought Companies

Top Seller Broker's Top 10 Sold Companies"
20260704SS002,Sharesansar,Citizens Mutual Fund 2 Delisted From NEPSE; Fund to Be Matured From Ashad 21,https://www.sharesansar.com/newsdetail/citizens-mutual-fund-2-delisted-from-nepse-fund-to-be-matured-from-ashad-21-2026-07-03,"Friday, July 3, 2026",2026-07-04 15:03:22,"Citizens Mutual Fund 2 (CMF2), a closed-end 7-year mutual fund scheme with a total size of Rs. 56 crores, will mature in 21st of Ashad, 2083.

Managed by Citizens Capital Limited with Citizens Bank International Limited as the fund sponsor, this fund issued its delisting notice on the 19th of Ashad, 2083. Notably, the scheme has consistently provided dividends to investors over the past six fiscal years.

After the end of the maturity period, the transaction of the shares of the mutual fund will be suspended and the investors are to receive their share of investment after the mutual fund sells all its investment. At the end of its maturity period, the fund needs to sell all the shares, debentures, and non-listed shares and proportionally distribute the amount to the unit holders. The latest NAV stands at Rs. 10.17 as of A."
20260704SS003,Sharesansar,Constitutional Council to Meet Today to Discuss Filling Empty Government Posts,https://www.sharesansar.com/newsdetail/constitutional-council-to-meet-today-to-discuss-filling-empty-government-posts-2026-07-03,"Friday, July 3, 2026",2026-07-04 15:03:23,"The Constitutional Council is scheduled to meet today at 5:00 PM at the Prime Minister and Council of Ministers' Office.

According to Bhishma Raj Angdembe, the chief opposition leader and head of the Nepali Congress parliamentary committee, the meeting will focus on recommending names to fill empty positions in various national constitutional bodies. He confirmed that the official agenda shared for the meeting centers around selecting individuals for these vacant posts."
20260704SS004,Sharesansar,Nepal Health Insurance Board Pays Rs 23.44 Billion to Hospitals; Services Set to Resume,https://www.sharesansar.com/newsdetail/nepal-health-insurance-board-pays-rs-2344-billion-to-hospitals-services-set-to-resume-2026-07-03,"Friday, July 3, 2026",2026-07-04 15:03:24,"The Health Insurance Board of Nepal has announced that it paid 23.44 billion NPR (specifically Rs 23,44,02,98,016) to participating hospitals and healthcare institutions during the current fiscal year. Following this massive release of funds, hospitals that had previously halted or suspended their services under the government's health insurance program have started restarting them.

According to a public notice issued by the Board, this payment completely clears all outstanding insurance claims made by healthcare providers up to the mid-December 2025 (end of Mangsir 2082). The Board acknowledged that limited resources, structural hurdles, and the lack of a fully secured, permanent funding system had previously delayed payments. This delay had caused significant challenges for both medical institutions and the citizens relying on the insurance scheme.

To address claims made after mid-December 2025, the Board stated it is actively working and coordinating with higher authorities to secure the necessary budget and long-term financial sources.

Finally, the Board has urged all partner hospitals to continue providing high-quality medical services to insured patients without any interruptions or difficulties. At the same time, it has appealed to the public to use their health insurance responsibly. Citizens are requested not to demand unnecessary medical tests or pressure doctors into providing unneeded treatments, helping to ensure the insurance program remains sustainable for everyone."
20260704SS005,Sharesansar,Nepal Government to Fine Petrol Pumps Up to Rs 10 Lakh for Creating Artificial Fuel Shortages,https://www.sharesansar.com/newsdetail/nepal-government-to-fine-petrol-pumps-up-to-rs-10-lakh-for-creating-artificial-fuel-shortages-2026-07-03,"Friday, July 3, 2026",2026-07-04 15:03:26,"The government has introduced strict penalties for petrol pumps that create an artificial shortage of fuel, with fines reaching up to Rs 10 lakh (1 million rupees).

To crack down on these unfair practices, the Ministry of Industry, Commerce and Supplies has officially amended the rules under the Nepal Oil Corporation's 'Petroleum Products Sellers Bylaws'. The new rules outline a three-tier penalty system depending on how many times a gas station repeats the offense.

According to the updated regulations, a petrol pump caught creating an artificial fuel shortage for the first time will face a fine of Rs 3 lakh. Additionally, the government will stop its fuel supply for 5 days.

If the gas station is caught committing the same offense a second time, the penalty escalates to a fine of Rs 6 lakh, along with a 10-day ban on its fuel supply.

For a third offense, the punishment becomes even more severe. The station will be hit with a maximum fine of Rs 10 lakh, and its fuel supply will be completely cut off for 15 days."
20260704SS006,Sharesansar,Nepali Life Expectancy Hits 71.3 Years as Literacy Climbs to 76.2%,https://www.sharesansar.com/newsdetail/nepali-life-expectancy-hits-713-years-as-literacy-climbs-to-762-2026-07-03,"Friday, July 3, 2026",2026-07-04 15:03:27,"The National Statistics Office (NSO) has released a comprehensive infographics report detailing Nepal’s latest economic and social indicators. Drawing from the National Census 2021 (2078 BS), the Nepal Living Standards Survey 2023/24 (2079/80 BS), and the National Agricultural Census 2021, the report shows strong progress in social sectors alongside persistent economic challenges.

Population and Social Changes

Nepal's total population stands at 29,164,578, with a slowing annual growth rate of 0.92%. Life expectancy has risen remarkably to 71.3 years (68.2 years for men and 73.8 years for women). The working age population (15 to 59 years) accounts for 61.96% of the total, though job shortages continue to drive migration; over 2.19 million individuals from more than 1.55 million families currently live abroad. Additionally, 60% of Nepali households now live as nuclear families, and the average age for first marriage has reached 20 years.

Poverty and Economy

According to the latest Living Standards Survey, 20.27% of Nepal’s population lives below the poverty line. Poverty is higher in rural areas (24.66%) compared to urban areas (18.34%). Sudurpashchim Province records the highest poverty rate at 34.16%, while Bagmati Province records the lowest at 12.59%. Under the new threshold, individuals spending less than Rs 72,908 per year are classified as poor. Under the Multidimensional Poverty Index (MPI), 17.4% of Nepalis are poor.

For the fiscal year 2080/81, the economy is estimated to reach Rs 5.704 trillion, with a preliminary growth rate of 3.87%. Per Capita Gross National Income (GNI) rose to $1,456 from $1,405 the previous year. The service sector dominates the economy at 62.9%, followed by agriculture at 24.6% and industry at 12.5%.

Labor and Agriculture Challenges

The unemployment rate stands at 11.4%, and a worrying 84.6% of employed individuals work in informal sectors, which lack job security. Agriculture is facing fragmentation; land used for farming shrank from 2.525 million hectares in 2011 to 2.218 million hectares in 2021, even though the number of farming families grew to 4.13 million. On the commercial side, Nepal operates 60,185 industrial establishments employing over 491,000 people, and 498,058 trade establishments engaging around 4 million individuals."
20260704SS007,Sharesansar,Nepal Bank Joins NEPALPAY Card Network to Strengthen Digital Payment Services,https://www.sharesansar.com/newsdetail/nepal-bank-joins-nepalpay-card-network-to-strengthen-digital-payment-services-2026-07-03,"Friday, July 3, 2026",2026-07-04 15:03:28,"Nepal Bank Limited and Nepal Clearing House Limited (NCHL) have signed an agreement enabling Nepal Bank to become a principal member of the National Payment Switch (NPS) and NEPALPAY Card scheme. The agreement will allow the bank to issue and accept NEPALPAY Cards after completing system integration, supporting its ongoing digital transformation efforts.

The Nepal Clearing House Limited-led NEPALPAY Card scheme aims to strengthen Nepal’s domestic payment ecosystem by ensuring interoperability, reducing transaction costs, and enabling local processing of card transactions. The card also offers global acceptance through collaboration with Discover Network, while Nepal Bank plans to expand digital banking services and increase card usage nationwide."
20260704SS008,Sharesansar,Muktinath Bikas Bank Expands CSR Support for Students Through Educational Aid Across Nepal,https://www.sharesansar.com/newsdetail/muktinath-bikas-bank-expands-csr-support-for-students-through-educational-aid-across-nepal-2026-07-03,"Friday, July 3, 2026",2026-07-04 15:03:29,"Muktinath Bikas Bank Limited has carried out a nationwide CSR initiative aimed at promoting education and supporting students in government schools across Nepal. Under the program, the bank distributed school uniforms, school bags, stationery materials, educational equipment, sports materials, and financial support for one academic year to students in multiple districts, including Biratnagar, Bardibas, Sandhikharka, and Butwal.

The bank directly supported hundreds of students, including children with disabilities and six financially vulnerable children affected by fire incidents, covering their annual education expenses in partnership with Astitwa Nepal. It also donated digital smart boards, ceiling fans, and sports materials to several schools, aiming to improve learning opportunities for economically disadvantaged students."
20260704SS009,Sharesansar,Garima Bikas Bank Wins Silver Award at ICAN Best Presented Annual Report Award 2025,https://www.sharesansar.com/newsdetail/garima-bikas-bank-wins-silver-award-at-ican-best-presented-annual-report-award-2025-2026-07-03,"Friday, July 3, 2026",2026-07-04 15:03:30,"Garima Bikas Bank Limited has received the Silver Award at the Best Presented Annual Report (BPA) Award 2025, presented annually by the Institute of Chartered Accountants of Nepal (ICAN). The award recognizes transparency, accountability, and good governance standards in annual reports, with Garima Bikas Bank being honored in the development bank category based on its FY 2081/82 annual report.

The award was handed over in Kathmandu by Nil Bahadur Saru Magar to the bank’s CEO, Madhav Prasad Upadhaya, and Accounts Head Keshav Timilsina. The bank has also recently won “Best Managed Development Bank 2026” and “Development Bank of the Year 2026” awards. Currently, Garima Bikas Bank serves nearly 900,000 customers through 126 branches, 51 ATMs, and digital banking services across Nepal."
20260704SS010,Sharesansar,Sanima Bank Conducts Health Camps and Nutrition Support for Pregnant and Postpartum Women Nationwide,https://www.sharesansar.com/newsdetail/sanima-bank-conducts-health-camps-and-nutrition-support-for-pregnant-and-postpartum-women-nationwide-2026-07-03,"Friday, July 3, 2026",2026-07-04 15:03:31,"Sanima Bank Limited has launched a nationwide Corporate Social Responsibility (CSR) initiative to support pregnant and postpartum women across all seven provinces of Nepal. The program focused on improving maternal and newborn health by addressing issues such as malnutrition, anemia, and other pregnancy-related health complications.

Under the campaign, the bank coordinated with local municipalities and ward offices to directly benefit around 1,050 women, providing health check-ups by medical professionals and distributing three months’ supply of nutritious food packages. The bank said it will continue to implement social programs that have a positive impact on targeted communities. Currently, Sanima Bank operates 134 branches and 127 ATMs across Nepal."
20260712SS001,Sharesansar,"Bhanu Literary Park Construction Gains Momentum, Rs. 240 Million Allocated for First Phase",https://www.sharesansar.com/newsdetail/bhanu-literary-park-construction-gains-momentum-rs-240-million-allocated-for-first-phase-2026-07-12,"Sunday, July 12, 2026",2026-07-12 05:08:10,"The construction of infrastructure for 'Bhanu Sahitya Udyan' (Bhanu Literary Park), a project of national pride aimed at transforming Chundi Ramgha, the birthplace of Nepali poet Bhanu Bhakta Acharya (first poet of Nepali literature), into an international academic and literary hub, has made significant progress.

The project is being developed across nearly 500 ropanis of land at Ramgha Danda in Bhanu Municipality–4, Tanahun, with construction work commencing under the first phase following the allocation of the initial budget.

According to the approved master plan, the literary park will include key infrastructure such as a modern Bhanu Bhavan, a full-sized statue of Aadikavi Bhanu Bhakta Acharya, Saptadham, Sahitya Gram, Pragya Bhavan, and a technology-enabled ticketing system. The park will also feature replicas of important religious and cultural heritage sites from all seven provinces, along with statues of renowned figures from Nepali literature.

Bhanu Municipality Mayor Anandraj Tripathi said the Initial Environmental Examination (IEE) report has been finalized by the Department of Urban Development and Building Construction to ensure the project is implemented in an environmentally sustainable and well-managed manner. He informed that the government has allocated Rs. 240 million for the project in the upcoming fiscal year through the Department of Urban Development and Building Construction. The budget will be utilized for infrastructure development under a multi-year implementation plan.

The initiative to establish the Bhanu Literary Park was launched under the vision and special initiative of President Ramchandra Paudel. Recognized as a national pride project, the foundation stone of the park was laid by President Paudel on April 27, marking the beginning of a landmark effort to preserve and promote Nepal's literary heritage while developing the site into a major cultural and tourism destination."
20260712SS002,Sharesansar,100% Right Shares of Buddha Bhumi Nepal Hydropower Company Limited Listed on NEPSE,https://www.sharesansar.com/newsdetail/100-right-shares-of-buddha-bhumi-nepal-hydropower-company-limited-listed-on-nepse-2026-07-10,"Friday, July 10, 2026",2026-07-12 05:08:10,"40,00,000 unit right shares of Buddha Bhumi Nepal Hydropower Company Limited (BNHC) has been listed in NEPSE.

The company issued a 1:1 ratio right share i.e. 40 lakhs units to its shareholders from 22nd Chaitra to 13th Baisakh, 2083. Out of which only 35,25,304 units were allotted to the eligible shareholders of the company. The remaining 4,74,696 units of unsubscribed right shares were later sold through an auction from the 21st Jestha to 29th Jestha , 2083.

The same 40,00,000 units of right shares are now listed in NEPSE.

NIC Asia Capital Limited was the company's auction manager.

As of writing, BNHC has an LTP of Rs. 297.20 ."
20260712SS003,Sharesansar,Lawmakers Push For Transparent Inquiry Into Ganesh Nepali's Death,https://www.sharesansar.com/newsdetail/lawmakers-push-for-transparent-inquiry-into-ganesh-nepalis-death-2026-07-10,"Friday, July 10, 2026",2026-07-12 05:08:11,"Lawmakers have demanded an impartial investigation into the self immolation and subsequent death of Ganesh Nepali, 25, of Mugu.

Nepali had committed self immolation at Tripureshwor, Kathmandu on July 9. Soon after the commencement of meeting of the House of Representatives today, Speaker Dol Prasad Aryal allocated time to lawmaker Basana Thapa to put forth her views after lawmakers of the opposition parties protested by standing up from their respective seats. On the occasion, Thapa questioned why the government remained silent on Nepal's self-immolation attempt on Thursday.

She argued that no one's safety is ensured by changing green buses into blue ones, adding the government has created environment that compels landless squatters to finish themselves. Bhumika Limbu Subba drew government's attention, saying Ganesh Nepali had attempted self immolation after he was fined forRs 10,000for parking motorcycle.

Parbati BK asked the government to provide compensation to the deceased's family while Radhika Ramtel demanded investigation to the incident. Gyan Bahadur Shahi asked the government to create environment where even poor people could survive easily in the capital city. Speaking in the urgent hour of the meeting, Khadka Bahadur Shahi and Barsha Man Pun expressed sorrow over the death of Ganesh Nepali, saying it is tragic that Ganesh Nepali chose the self-immolation.

Ashika Tamang, Yashoda Kumari Baral and Shahajan Khautn complained that the state turned its deaf ear towards the self immolation incident. Saying Ganesh Nepali died in course of treatment at Bir Hospital after self immolation attempt, Ain Mahar wondered why the family members of Ganesh were not allowed to meet him. Gita Gurung drew government's attention on the issue of landless squatters."
20260712SS004,Sharesansar,NEPSE Index Settles Near 2600 Level On the Last Trading Day of this Week,https://www.sharesansar.com/newsdetail/nepse-index-settles-near-2600-level-on-the-last-trading-day-of-this-week-2026-07-10,"Friday, July 10, 2026",2026-07-12 05:08:11,"The Nepal Stock Exchange (NEPSE) recorded a single digit fall today, falling by 1.13 points (0.04%) to settle at 2,600.78.This comes after a loss of 19.67 points in the previous trading session.

The benchmark index opened at 2696.61 and fluctuated between an intraday high of 2,623.24 and a low of 2,592.67 before settling at the close. Total turnover for the day amounted to Rs. 6.86 Arba, with 10,660,537 shares traded across 367 companies through 53,432 transactions. The total market capitalization stood at Rs. 44.68 Kharba, with a float market capitalization of Rs. 15.08 Kharba.

8.5% Nepal Bank Debenture 2087 (NBLD87) topped the turnover chart, recording transactions worth Rs. 89.91 crores. The company’s stock closed at Rs. 1,174.50 .

Aatmanirbhar Laghubitta Bittiya Sanstha Limited (ANLB) Led the gainer's list with 10.66% each. The stock closed at Rs. 6,416.00.

Meanwhile, Bhagawati Hydropower Development Company Limited (BGWT) recorded the Highest fall, falling by 43.90 %, the last traded price of the company was Rs. 516.10 .

Among sectors, Trading Index registered the highest gain by 1.38%, while Development Bank Index recorded highest loss, losing by 0.39%.

Top Buyer Broker's Top 10 Bought Companies

Top Seller Broker's Top 10 Sold Companies"
20260712SS005,Sharesansar,Sun Securities Conducts Orientation Program on Nepal's Capital Market for IIDS Trainees,https://www.sharesansar.com/newsdetail/sun-securities-conducts-orientation-program-on-nepals-capital-market-for-iids-trainees-2026-07-10,"Friday, July 10, 2026",2026-07-12 05:08:11,"Sun Securities Private Limited (Broker No. 64) has successfully conducted an orientation and interactive training program on Nepal's capital market for Nepali and international trainees from the Institute for Integrated Development Studies (IIDS).

The program was held at Sun Securities's trading hall in Narayanhiti, Naxal, Kathmandu, from 10:00 AM to 12:30 PM, with the participation of around 35 trainees. The event saw notable participation from trainees of various nationalities alongside their Nepali counterparts. The program was facilitated by Mr. Krishna Giri Executive Chairman of  Sun Securities Pvt. Ltd., Mr. Astitwa Sharma CEO of Subiz Grou, and Mr. Bibek Adhikari Trading Officer of Sun Securities Pvt. Ltd.

The training covered a comprehensive overview of Nepal's capital market, the functioning of the Nepal Stock Exchange (NEPSE), use of the ATrade (new TMS) system, use of Meroshare and Demat accounts, basic investment principles, key considerations before investing, balancing risk and return, and the role of the capital market in long-term wealth creation.

Participants showed strong enthusiasm and active engagement throughout the session, raising numerous questions. International trainees, in particular, expressed keen interest in the structure of Nepal's capital market, the investment process, and the technical systems involved, actively participating in the interactive discussion. Through such educational and awareness programs, Sun Securities Pvt. Ltd. has reaffirmed its ongoing commitment to enhancing financial literacy among students, youth, and the general public, and to fostering a culture of responsible investment."
20260712SS006,Sharesansar,Minister Chaudhary Urges Expansion of Youth Employment and Volunteer Programs,https://www.sharesansar.com/newsdetail/minister-chaudhary-urges-expansion-of-youth-employment-and-volunteer-programs-2026-07-10,"Friday, July 10, 2026",2026-07-12 05:08:12,"Minister for Agriculture, Forests and Environment, Gita Chaudhary, has instructed all departments and bodies under the Ministry to work in result oriented manner by expanding youth targeted employment, paid training and volunteer opportunities for youths.

During the meeting with chiefs of Nepal Agriculture Research Council (NARC), Dairy Development Cooperation, Herbs Production and Processing Company Limited, Department of Hydrology and Meteorology as well as other subordinate departments and bodies today, Minister Chaudhary mentioned that activities should be carried out making the citizens realize about it, as youths have trusted the incumbent government. She underscored that she was ready to make legal and policy level arrangements for this purpose.

Minister Chaudhary directed the line departments and bodies under the Ministry to prepare details and action plans on how many youths they could provide employment to, paid training and volunteer service, and submit the proposal at the Ministry within this month. Urging to work in an implementation and result oriented manner, she stressed the need of developing agriculture, forests and environment sector as an attractive employment sector for youths.

On the occasion, departmental chiefs shared that paid and unpaid programmes as well as volunteer programme are currently being run under their offices across the country. Though initiatives were taken to involve students in 'internship' collaborating with different universities, it has not happened due to some legal provisions, they opined."
20260712SS007,Sharesansar,Xiaomi Unveils Everest Expedition Video Shot on Xiaomi 17 Ultra Filmed by Gelje Sherpa,https://www.sharesansar.com/newsdetail/xiaomi-unveils-everest-expedition-video-shot-on-xiaomi-17-ultra-filmed-by-gelje-sherpa-2026-07-10,"Friday, July 10, 2026",2026-07-12 05:08:12,"Xiaomi has just released a breathtaking video shot on the video shot on the Xiaomi 17 Ultra by world-renowned mountaineer Gelje Sherpa  during his Mount Everest expedition in May 2026.

The footage was filmed in extreme cold, low oxygen levels, and strong winds. It captures unstage authentic real-time visuals from the actual climb, with no staged scenes or added effects. Gelje Sherpa, a record-holding climber and a Guinness World Record holder, documented the expedition himself using the smartphone.

The video gives viewers a rare and honest look at the challenges of high-altitude mountaineering. It also showcases the Xiaomi 17 Ultra's ability to produce high-quality visuals in some of the world's toughest conditions.

For Xiaomi, this project is more than just a product showcase. By choosing Mount Everest as its testing ground, the company aims to demonstrate the durability, reliability, and camera performance of the Xiaomi 17 Ultra in extreme conditions. This reflects their broader message that technology can help people achieve remarkable goals.

Click here for the full video:"
20260712SS008,Sharesansar,"Ganesh Nepali, Man Who Attempted Self Immolation in Kathmandu, Passes Away",https://www.sharesansar.com/newsdetail/ganesh-nepali-man-who-attempted-self-immolation-in-kathmandu-passes-away-2026-07-10,"Friday, July 10, 2026",2026-07-12 05:08:12,"Ganesh Nepali, a 25 year old ride share driver who attempted self immolation in Tirpureshwor Kathmandu, near passport department, has passed away while undergoing treatment at Bir Hospital.

The tragedy unfolded on Thursday afternoon outside the Department of Passports in Tripureshwar. Nepali, a resident of Soru Rural Municipality-1 in Mugu. The city police clamped a wheel lock on his motorcycle over an alleged parking violation. In a moment of extreme distress, Nepali siphoned petrol from his fuel tank, poured it over himself, and set himself on fire.

Though nearby police personnel acted quickly to put out the flames and rushed him to Bir Hospital, doctors stated that Nepali had sustained deep burns covering 55% to 60% of his body. The fire severely damaged his face, head, neck, chest, and arms, while also heavily compromising his respiratory tract."
20260712SS009,Sharesansar,MetLife Nepal Earns Great Place To Work Certification for Second Consecutive Year,https://www.sharesansar.com/newsdetail/metlife-nepal-earns-great-place-to-work-certification-for-second-consecutive-year-2026-07-10,"Friday, July 10, 2026",2026-07-12 05:08:13,"MetLife Nepal has been certified as a Great Place To Work for the second consecutive year, reaffirming its commitment to fostering a positive and employee-centric workplace culture.

The recognition is based entirely on confidential employee feedback, with 87% of employees stating that MetLife Nepal is a great place to work. The certification is awarded by Great Place To Work,a worldwide expert in culture and experience of workplaces. Thanking for the award, MetLife Nepal General Manager Nirmal Kaji Shrestha stated that this recognition is a testimony of employees' trust, commitment, and teamwork.

MetLife has been operating in Nepal since 2001, offering life insurance, accident and health insurance, and employee benefits to individuals and businesses. The company said the recent recognition highlights its continued focus on building an unwavering commitment to cultivating an environment which is inclusive, safe, and based on high levels of trust at work."
20260712SS010,Sharesansar,Nepal Rastra Bank to Collect 60 Billion From Bank and Financial Institution Today,https://www.sharesansar.com/newsdetail/nepal-rastra-bank-to-collect-60-billion-from-bank-and-financial-institution-today-2026-07-10,"Friday, July 10, 2026",2026-07-12 05:08:13,"Nepal Rastra Bank (NRB) has announced that it will collect deposits worth Rs. 60 Arba from banks and financial institutions through a bidding process today.

According to a notice published today, the central bank will collect the deposits for a period of 91 days. The bidding will take place on Jestha 26 (July, 10) through the Online Bidding System at 3:00 PM. The interest rate will be decided through the bidding process.

Only licensed ‘A’, ‘B’, and ‘C’ class banks and financial institutions approved by NRB are allowed to take part in the bidding. The deposits collected will be returned along with interest on Ashoj 23, 2083 (October 09, 2026)."
20260712SS001,Sharesansar,Kamana Sewa Bikas Bank Donates Water Purifier and Tank to School Under CSR,https://www.sharesansar.com/newsdetail/kamana-sewa-bikas-bank-donates-water-purifier-and-tank-to-school-under-csr-2026-07-12,"Sunday, July 12, 2026",2026-07-12 06:46:09,"Under its Corporate Social Responsibility (CSR) initiative, Kamana Sewa Bikas Bank donated a water tank and electric water purifier to Tripureshwor Secondary School in Birendranagar, Surkhet.

The support aims to provide students and teachers with access to safe drinking water, improving the school's health and learning environment. Bank officials reaffirmed their commitment to continuing community-focused CSR and awareness programs in collaboration with local stakeholders."
20260712SS002,Sharesansar,Mahalaxmi Bikas Bank Launches Nepal’s First Digital Hub with Coffee Lounge,https://www.sharesansar.com/newsdetail/mahalaxmi-bikas-bank-launches-nepals-first-digital-hub-with-coffee-lounge-2026-07-12,"Sunday, July 12, 2026",2026-07-12 06:46:09,"Mahalaxmi Bikas Bank has officially inaugurated its Digital Hub with Coffee Lounge in Gyaneshwor, Kathmandu, becoming the first bank in Nepal to introduce a café-style digital banking concept. Inaugurated by Board Chairman Rajesh Upadhyaya, the facility offers customers a comfortable space to access services such as cash deposits, withdrawals, cheque clearing, and other digital banking transactions.

The Digital Hub is designed to encourage digital banking adoption, particularly among younger customers, while also providing guidance on the bank’s digital services. The initiative reflects the bank’s commitment to delivering secure, technology-driven, and customer-friendly banking solutions. Inspired by Nepal Rastra Bank’s Regulatory Sandbox concept, the bank also aims to promote financial innovation and introduce new digital services in the future."
20260712SS003,Sharesansar,"Minting Multi-Millionaire Investors: Nabil Bank Celebrates 42 Years of Turning Rs 6,000 into Over 25 Million",https://www.sharesansar.com/newsdetail/minting-multi-millionaire-investors-nabil-bank-celebrates-42-years-of-turning-rs-6000-into-over-25-million-2026-07-12,"Sunday, July 12, 2026",2026-07-12 06:46:10,"As one of Nepal's oldest private commercial banks, Nabil Bank has established itself as a true pioneer across multiple financial parameters since its incorporation in 1984. From an investor’s perspective, Nabil has historically topped the commercial banking sector in terms of dividend payouts. For any long-term value investor in the Nepalese stock market, having Nabil Bank (NABIL) in one's portfolio has practically been a given due to this stellar track record.

The Evolution of Capital

During its incorporation in the fiscal year 1984/85, Nabil Bank initially issued 469,707 shares valued at Rs. 60 per share, resulting in an initial paid-up capital of Rs. 28,182,420. The bank continued issuing shares in various lot sizes until FY 1988/89, at which point its paid-up capital reached Rs. 30,000,000 with 500,000 outstanding units.

A major milestone occurred in the fiscal year 1991/92, when Nabil distributed a stock dividend (bonus shares) amounting to Rs. 20,000,000. This pushed the paid-up capital to Rs. 50,000,000 across 500,000 units, effectively adjusting the stock's par value to Rs. 100 per share. As of the fiscal year 2024/25, Nabil Bank's paid-up capital stood at Rs. 27,056,996,729. The bank initially achieved the regulatory minimum milestone of Rs. 8 billion entirely through its own organic earnings. Later, Nabil acquired United Finance Ltd. (UFL) and Nepal Bangladesh Bank Ltd. (NBB), boosting operational synergy and accelerating its business expansion.

An Unmatched Dividend Track Record

Over its 41 years of operation, Nabil Bank has rewarded its shareholders with dividends in 36 of those fiscal years. Remarkably, the bank has maintained an uninterrupted dividend distribution streak for the last 29 consecutive fiscal years.

The Power of Compounding: NABIL as a Real - Life Case Study for Nepalese Investors

To understand the sheer scale of Nabil's wealth generation, consider an initial investment of just Rs. 6,000 used to buy 100 units at the original par value of Rs. 60.

Accounting for decades of bonus shares and cash payouts, as of the Last Traded Price (LTP) on July 10, 2026:

In total, that initial Rs. 6,000 investments would have grown into a staggering Rs. 25,233,333.08. This represents an incredible Compound Annual Growth Rate (CAGR) of 22.57% a financial return delivered consistently regardless of the socio-economic challenges the nation faced over the decades."
20260712SS004,Sharesansar,Rastriya Banijya Bank Warns Customers Against KYC and OTP Fraud Scams,https://www.sharesansar.com/newsdetail/rastriya-banijya-bank-warns-customers-against-kyc-and-otp-fraud-scams-2026-07-12,"Sunday, July 12, 2026",2026-07-12 06:46:10,"Rastriya Banijya Bank (RBB) has issued a public warning after receiving reports of fraudsters impersonating bank representatives to deceive customers. The scammers are reportedly calling customers under the pretext of updating KYC details, requesting personal and banking information, asking for OTPs, encouraging screen sharing, installing unauthorized apps, clicking phishing links, or luring victims with fake offers and financial benefits.

The bank clarified that its employees never ask customers for sensitive information such as ATM PINs, mobile banking or e-banking OTPs, passwords, or other confidential details through phone calls, emails, social media, or any other communication channel. RBB has urged customers not to trust such requests and to immediately report any suspicious activity to the nearest branch or through the bank’s official contact numbers. Customers are also advised to rely only on official notices published on the bank’s website. The bank reaffirmed its commitment to ensuring secure banking services and encouraged all customers to remain alert against cyber fraud."
20260712SS005,Sharesansar,"Nepal Chamber of Commerce and Bennett University Sign MoU to Boost Entrepreneurship, Innovation, and Skill Development",https://www.sharesansar.com/newsdetail/nepal-chamber-of-commerce-and-bennett-university-sign-mou-to-boost-entrepreneurship-innovation-and-skill-development-2026-07-12,"Sunday, July 12, 2026",2026-07-12 06:46:10,"The Nepal Chamber of Commerce (NCC) and Bennett University of India have signed a five-year Memorandum of Understanding (MoU) to strengthen collaboration in entrepreneurship, innovation, skill development, and industry-academia partnerships. Under the agreement, both institutions will work together to create a shared ecosystem connecting education, industry, startups, investors, and policymakers through training, research, knowledge exchange, startup incubation, leadership development, and investment promotion.

The partnership will offer executive education and specialized training in areas such as artificial intelligence (AI), digital transformation, financial management, supply chain, international trade, and environmental, social, and governance (ESG) practices. It will also support startup acceleration, innovation mentoring, investor conferences, policy research, and future-focused academic programs.

The MoU was signed by NCC Executive Committee Member and Startup & Innovation Committee Chair Pankaj Jalan and Bennett University Chief Operating Officer Senthil Kumar. Speaking at the event, NCC President Kamlesh Kumar Agrawal said the collaboration would deepen Nepal-India relations while equipping Nepali entrepreneurs, startups, and businesses with global knowledge, advanced technologies, and international investment opportunities. Bennett University and NCC representatives expressed confidence that the partnership would strengthen the startup ecosystem, encourage youth entrepreneurship, enhance industrial competitiveness, create employment, and contribute to sustainable economic growth."
20260712SS006,Sharesansar,"SEBON Approved Siddhartha Capital’s Mutual Fund Scheme ; ""Siddhartha Systematic Investment Plan"" To Issue 22 Crore Mutual Fund Units",https://www.sharesansar.com/newsdetail/sebon-approved-siddhartha-capitals-mutual-fund-scheme-siddhartha-systematic-investment-plan-to-issue-22-crore-mutual-fund-units-2026-07-12,"Sunday, July 12, 2026",2026-07-12 06:46:11,"The Securities Board of Nepal (SEBON) has approved the""Siddhartha Systematic Investment Plan""worth Rs 2.20 arba on Ashad 23, 2083.

This is a closed-end mutual fund scheme that will be floating 22 crore units each share at a par value of 10 per share. The sponsor of the fund is Siddhartha Bank Limited, while the fund manager is Siddhartha Capital Limited.

As of now, Siddhartha Capital is managing three closed-end funds and one open end funds in the market."
20260712SS007,Sharesansar,Ministry of Finance Invites Applications for CEO Position at Deposit and Credit Guarantee Fund,https://www.sharesansar.com/newsdetail/ministry-of-finance-invites-applications-for-ceo-position-at-deposit-and-credit-guarantee-fund-2026-07-12,"Sunday, July 12, 2026",2026-07-12 06:46:11,"The Government of Nepal has officially launched a search for a new Chief Executive Officer to lead the Deposit and Credit Guarantee Fund (DCGF).

The Ministry of Finance formed a special selection committee and published a vacancy notice on Saturday, inviting qualified Nepali citizens to apply for the top executive position.

According to the announcement, candidates have 21 days from the publication date of Asar 27 to submit their applications. The final deadline for submissions has been set for Shrawan 15, within regular office hours.

Interested applicants must provide an application letter, an updated resume, and certified copies of their educational and work experience certificates. All application packages must be delivered directly to the committee's secretariat, located within the Financial Sector Management and Corporation Coordination Division of the Ministry of Finance in Singha Durbar."
20260712SS008,Sharesansar,Gold Sees Upward Movement Today; Check Today's Trading Rate,https://www.sharesansar.com/newsdetail/gold-sees-upward-movement-today-check-todays-trading-rate-2026-07-12,"Sunday, July 12, 2026",2026-07-12 06:46:11,"Gold prices have witnessed a moderate gain in the domestic market today, gaining by Rs. 600 per tola to settle at Rs.288,000 per tola, up from the previous rate of Rs. 287,400 per tola.

TheFederation of Nepal Gold and Silver Dealers' Association (FENEGOSIDA)reported that Tejabi gold also increases moderately by Rs. 600 per tola to reach Rs. 287,300 per tola, compared to Rs. 286,700 per tola on the previous day.

Similarly, silver prices move in the opposite direction, price falls by Rs. 35 per tola, bringing it to Rs 4,475 per tola from Rs. 4,510 per tola on the previous day."
20260712SS009,Sharesansar,"Jetour T2 i-DM Records 1,000+ Bookings in Pakistan Within Days",https://www.sharesansar.com/newsdetail/jetour-t2-i-dm-records-1000-bookings-in-pakistan-within-days-2026-07-12,"Sunday, July 12, 2026",2026-07-12 06:46:11,"Chinese automotive brand Jetour has achieved a strong market debut in Pakistan, with its newly launched Jetour T2 i-DM securing more than 1,000 bookings within days of opening orders.

The SUV’s plug-in hybrid technology, rugged styling, and premium features have attracted significant customer interest, reflecting the growing demand for modern SUVs in South Asia and reinforcing Jetour’s expanding global presence."
20260713SS001,Sharesansar,Electrical Short Circuit Sparks Fatal Fire at Thailand Pub; 27 Dead and 63 Injured,https://www.sharesansar.com/newsdetail/electrical-short-circuit-sparks-fatal-fire-at-thailand-pub-27-dead-and-63-injured-2026-07-13,"Monday, July 13, 2026",2026-07-13 07:37:25,"A devastating fire broke out at a popular live music pub called Rong Beer Na Lat Phrao in northern Bangkok, Thailand, just before midnight on Sunday. The blaze, which officials believe started from an electrical short circuit near the front stage, quickly ignited the venue's foam soundproofing ceiling and filled the entire building with thick, toxic black smoke. Firefighters managed to bring the flames under control within 30 minutes, but the fast moving smoke created a deadly trap for the crowded room.

At least 27 people have died, and 63 others were injured, with 22 remaining in critical condition at local hospitals. Government officials noted that the high death toll was largely due to smoke inhalation and blocked escape routes. Because the fire started near the main front stage, panicked customers rushed to the back of the building toward the restrooms to escape. However, evacuation efforts failed because both emergency exits were partially blocked by tables and stacked beer crates, trapping many inside. Relatives are currently waiting outside the venue as forensic teams work to identify the victims."
20260713SS002,Sharesansar,"Healthy Home Marks 21-Year Journey, Announces Future Growth and Innovation",https://www.sharesansar.com/newsdetail/healthy-home-marks-21-year-journey-announces-future-growth-and-innovation-2026-07-13,"Monday, July 13, 2026",2026-07-13 07:37:26,"Healthy Home, Nepal's pioneering holistic health and wellness center, has celebrated its 21st anniversary, marking over two decades of service to more than 50,000 clients through its four branches in Kathmandu and Pokhara. Founded by Mohan Bhusal and Krishna Bhattarai, the company has established itself as a leader in weight management, body shaping, and skin and hair analysis.

During the anniversary celebration, the management reaffirmed its commitment to expanding services, introducing new technologies, and making quality wellness solutions more accessible across Nepal. The company also launched a special anniversary campaign featuring lucky draw prizes, including a cash prize of NPR 100,000, to thank its customers for their continued trust and support."
20260713SS003,Sharesansar,Sanskriti International School Partners with Community School to Offer Free FAB Lab Education,https://www.sharesansar.com/newsdetail/sanskriti-international-school-partners-with-community-school-to-offer-free-fab-lab-education-2026-07-13,"Monday, July 13, 2026",2026-07-13 07:37:26,"Sanskriti International School has partnered with Shree Panchakanya Secondary School to provide free FAB Lab classes for community school students under its social responsibility initiative.

The year-long program, launched on July 12, 2026, offers hands-on training in 3D printing, coding, AI, robotics, photography, VFX, and other STEAM subjects at Sanskriti's state-of-the-art FAB Lab.

Conducted through fortnightly sessions with expert instructors and free learning materials, the initiative aims to bridge the digital divide and equip students with practical, 21st-century skills while encouraging innovation and community-focused projects."
20260713SS004,Sharesansar,Muktinath Bikas Bank Supports Health and Community Welfare Through CSR Initiative,https://www.sharesansar.com/newsdetail/muktinath-bikas-bank-supports-health-and-community-welfare-through-csr-initiative-2026-07-13,"Monday, July 13, 2026",2026-07-13 07:37:26,"Muktinath Bikas Bank Limited (MNBBL) has provided wheelchairs, medical equipment, and safe drinking water facilities to hospitals, health posts, schools, and local governments under its Corporate Social Responsibility (CSR) program.

The bank distributed 26 wheelchairs to healthcare institutions and local bodies in Salyan, Morang, Rupandehi, and Dang, along with chairs for Pathari Municipal Hospital, electric water dispensers for Madan Bhandari Hospital and Trauma Centre, and water purifiers for a school in Salyan.

The bank said it will continue implementing CSR initiatives focused on healthcare, education, social inclusion, and sustainable community development."
20260713SS005,Sharesansar,"Kajaria Ramesh Tiles Opens Exclusive Showroom in Morang, Expands Retail Network",https://www.sharesansar.com/newsdetail/kajaria-ramesh-tiles-opens-exclusive-showroom-in-morang-expands-retail-network-2026-07-13,"Monday, July 13, 2026",2026-07-13 07:37:26,"Kajaria Ramesh Tiles Limited has expanded its presence in Eastern Nepal by opening a new exclusive showroom in Kanchanbari, Morang, in partnership with Annapurna Bathware and Marbles.

Inaugurated by Director Himanshu Agrawal and Deepshikha Nepal, the showroom offers a wide range of premium wall tiles, floor tiles, sanitary products, and interactive displays to help customers choose suitable designs.

The company said the expansion aims to provide homeowners and builders in Morang with easier access to high-quality, durable, and sustainable tile solutions.

With more than 100 showrooms across Nepal and over 3,000 tile designs, Kajaria continues to strengthen its nationwide footprint following its recent NS Quality Award 2026 recognition."
20260713SS006,Sharesansar,"Nepal Hearing and Speech Clinic Marks 15 Years of Service, Completes 40,000+ Hearing Tests",https://www.sharesansar.com/newsdetail/nepal-hearing-and-speech-clinic-marks-15-years-of-service-completes-40000-hearing-tests-2026-07-13,"Monday, July 13, 2026",2026-07-13 07:37:27,"Nepal Hearing and Speech Clinic has completed 15 years of providing hearing and speech care services in Nepal.

Over the past decade and a half, the clinic has conducted more than 40,000 hearing tests, 25,000 hearing aid fittings, and over 60 cochlear implant services.

Headquartered in Thapathali, Kathmandu, with branches in Biratnagar, Pokhara, and Nepalgunj, the clinic also operates audiology setups at several hospitals.

As the authorized distributor of Phonak, Signia, and Starkey hearing aids, it offers comprehensive hearing solutions backed by advanced international-standard audiology facilities.

Led by founder Purushottam Bhurtel, the clinic plans to further enhance accessible, patient-focused hearing and speech care through modern technology."
20260713SS007,Sharesansar,"Janata Agro Moves Closer to IPO, Appoints Siddhartha Capital as Issue Manager",https://www.sharesansar.com/newsdetail/janata-agro-moves-closer-to-ipo-appoints-siddhartha-capital-as-issue-manager-2026-07-13,"Monday, July 13, 2026",2026-07-13 07:37:27,"Janata Agro and Forestry Limited has approved key decisions to accelerate its Initial Public Offering (IPO) process, including accepting a total institutional investment of Rs 5 crores from Peoples Hydropower Company Limited and Summit Energy Solution Pvt. Ltd. at Rs 125 per share.

The company also authorized its board to proceed with issuing 20–27.5% of its shares to the public and amended its bylaws to strengthen corporate governance by including independent directors and public shareholder representation.

With Siddhartha Capital appointed as the issue manager and CARE Ratings as the credit rating agency, the company aims to expand its integrated agriculture and forestry business while supporting farmers, promoting local production, reducing import dependency, and creating long-term sustainable value."
20260713SS008,Sharesansar,Department of Passport Launches New System After Major Data Migration,https://www.sharesansar.com/newsdetail/department-of-passport-launches-new-system-after-major-data-migration-2026-07-13,"Monday, July 13, 2026",2026-07-13 07:37:27,"The Department of Passport has successfully upgraded its services by launching a new passport production and management system. As part of this major update, the department safely transferred the passport records of nearly 10 million Nepali citizens into the new system. To complete this massive data shift, passport services were temporarily suspended for two days in last week.

Following the launch of the new system, officials have informed that users might experience initial technical issue, slower processing times, or minor delays in getting their passports.

During this initial transition period, the department is requesting that only individuals who urgently require a passport submit their applications. This will help reduce pressure on the system while it stabilizes. Additionally, the public is advised to rely only on official notices published directly by the department or the Ministry of Foreign Affairs for accurate updates."
20260713SS009,Sharesansar,Hyundai Nepal Concludes Inaugural Next Gen Cup to Promote Grassroots Football,https://www.sharesansar.com/newsdetail/hyundai-nepal-concludes-inaugural-next-gen-cup-to-promote-grassroots-football-2026-07-13,"Monday, July 13, 2026",2026-07-13 07:37:27,"Laxmi Intercontinental Pvt. Ltd., the authorized distributor of Hyundai vehicles in Nepal, successfully organized the inaugural Hyundai Next Gen Cup in partnership with AG10 Academy to promote grassroots football. The one-day Under-16 tournament, held at Chyasal Ground in Lalitpur, featured 80 young players across eight teams representing Hyundai vehicle models.

Team Venue won the championship, while Team Creta Electric finished as runners-up. As an Official Partner of the FIFA World Cup 2026, Hyundai Nepal launched the initiative under its global vision, ""Next Starts Now,"" to provide young footballers with opportunities to develop their skills and confidence. The event also reaffirmed Hyundai Nepal's long-term commitment to youth development and the sustainable growth of football in Nepal through its partnership with AG10 Academy."
20260713SS010,Sharesansar,Daraz Nepal Launches ‘Fast Delivery’ Service for Faster Nationwide Shipping,https://www.sharesansar.com/newsdetail/daraz-nepal-launches-fast-delivery-service-for-faster-nationwide-shipping-2026-07-13,"Monday, July 13, 2026",2026-07-13 07:37:27,"Daraz Nepal has introduced Fast Delivery, a new nationwide service that enables eligible products to be delivered more quickly at no additional cost to buyers or sellers. Launched on July 10, 2026, the service combines improved seller fulfilment with Daraz's logistics network to deliver faster, more reliable service.

At launch, nearly 50 percent of all orders on the platform qualify for Fast Delivery, including groceries, everyday essentials, electronics, and fashion. More than 2,500 sellers already meet the programme's performance standards.

Products qualify based on a 90-day performance evaluation, requiring timely order dispatch and at least 80 percent of deliveries to reach customers within 48 hours. Eligible products currently average a delivery time of 42.74 hours.

Customers can easily identify qualifying items through a Fast Delivery tag, dedicated search filters, and more accurate estimated delivery dates. Daraz said the initiative is part of its continued investment in logistics, technology, and seller support to strengthen Nepal's growing e-commerce ecosystem and improve the online shopping experience."
20260714SS001,Sharesansar,Rastriya Banijya Bank Signs Banking Agreement with Karnali Provincial Hospital,https://www.sharesansar.com/newsdetail/rastriya-banijya-bank-signs-banking-agreement-with-karnali-provincial-hospital-2026-07-14,"Tuesday, July 14, 2026",2026-07-14 06:24:46,"Rastriya Banijya Bank Limited (RBB) has signed an agreement with the Karnali Province Government's Ministry of Social Development and Province Hospital, Birendranagar, Surkhet, to provide salary savings accounts and Professional Easy Loan facilities to hospital employees.

Under the agreement, RBB will also offer staff a range of banking services at concessional rates. Established in 2022 BS, the fully government-owned bank currently operates 316 branches across all 77 districts of Nepal, providing loans, deposits, ATMs, mobile banking, and other modern digital banking services."
20260714SS002,Sharesansar,MetLife Nepal Partners with Tribhuvan University to Support Actuarial Education,https://www.sharesansar.com/newsdetail/metlife-nepal-partners-with-tribhuvan-university-to-support-actuarial-education-2026-07-14,"Tuesday, July 14, 2026",2026-07-14 06:24:47,"MetLife Nepal has partnered with the School of Mathematical Sciences (SMS), Tribhuvan University, to launch a merit-based scholarship programme aimed at developing Nepal's next generation of actuarial professionals. Under the initiative, two outstanding undergraduate students will receive scholarships covering their semester fees throughout the four-year programme.

Beyond financial support, the partnership will provide internships, practical learning opportunities, and industry exposure to help students build careers in actuarial science, risk management, and insurance. The initiative seeks to address the shortage of actuarial professionals in Nepal while strengthening the country's insurance and financial services sector. MetLife Nepal said the programme reflects its commitment to expanding educational opportunities and supporting the long-term growth of Nepal's financial ecosystem."
20260714SS003,Sharesansar,Frustrated Share Investors Protest Outside SEBON Office Demanding Policy Action,https://www.sharesansar.com/newsdetail/frustrated-share-investors-protest-outside-sebon-office-demanding-policy-action-2026-07-14,"Tuesday, July 14, 2026",2026-07-14 06:24:47,"Share Market of Nepal has been falling since the new government take charge, in 100 days of the new government NEPSE falls more than300 points.

Frustrated by a continuous decline in the stock market, share investors gathered outside the central office of the Securities Board of Nepal (SEBON) today in the morning around 9 am  to launch a formal protest. Led by prominent investor and activist Tilak Koirala, the demonstration highlighted the growing anxiety among ordinary investors who feel vulnerable to the market's ongoing downward spiral. The protest is on going in front of the SEBON buildings.

The protestors surrounded the regulator's headquarters (SEBON), calling for immediate and effective decision making from both the government and regulatory authorities to address the market's current distress. The demonstrators urged authorities to end their apparent indifference toward the stock market and demanded robust, protective measures to shield everyday investors from further financial damage.

In anticipation of the protest, security was heavily tightened around the SEBON premises after activist groups threatened to lock down the office gates. Security personnel locked the main entrance to prevent any unauthorized entry, while a significant deployment of Nepal Police officers kept watch inside and outside the perimeter to maintain order and prevent any escalation.

Yesterday NEPSE has fallen by 30.60 points and today the market is on the same way of downtrend, as of writing market falls by 8.41 points today."
20260714SS004,Sharesansar,Gold Price Falls Moderately; Check Today's Updated Rate,https://www.sharesansar.com/newsdetail/gold-price-falls-moderately-check-todays-updated-rate-2026-07-14,"Tuesday, July 14, 2026",2026-07-14 06:24:48,"Gold prices have witnessed a moderate fall in the domestic market today, falling by Rs. 1,200 per tola to settle at Rs.284,000 per tola, down from the previous rate of Rs. 285,200 per tola.

TheFederation of Nepal Gold and Silver Dealers' Association (FENEGOSIDA)reported that Tejabi gold also decreases moderately by Rs. 1,200 per tola to reach Rs. 283,300 per tola, compared to Rs. 284,500 per tola on the previous day.

Similarly, silver prices move in the same direction, price falls by Rs. 15 per tola, bringing it to Rs.4,360 per tola from Rs. 4,375 per tola on the previous day."
20260714SS005,Sharesansar,Nepal Rasta Bank to Issue Bonds Worth of Rs. 15 Billion with 1 Year Maturity Period,https://www.sharesansar.com/newsdetail/nepal-rasta-bank-to-issue-bonds-worth-of-rs-15-billion-with-1-year-maturity-period-2026-07-14,"Tuesday, July 14, 2026",2026-07-14 06:24:48,"The central bank bonds worth Rs. 15 billion will be issued for a duration of one year. According to the notice published by the central bank's Monetary Management Department, the bond named ""NRB Bond 2084 'Ja'"" will be issued on Asar 30, 2083.

Only licensed Class ‘A’, ‘B’, and ‘C’ banks and financial institutions are eligible to participate in the bidding process.

The interest rate of the bond will be determined through the bidding process, and the interest earnings will be paid out to investors every six months. The total principal amount will be paid back upon maturity a year later on Asar 30, 2084.

These bonds can be used as collateral for loans at NRB or other financial institutions. While the invested amount cannot be used to meet mandatory cash reserve rules, it can be counted toward statutory liquidity ratio requirements. The central bank also warned that if a winning institution fails to have sufficient funds in its account on the issuance date, it will face a 2.50 percent financial penalty and a six month ban from participating in future open market bidding processes."
20260714SS006,Sharesansar,"eSewa Expands Digital Health Insurance with Coverage Up to Rs 600,000",https://www.sharesansar.com/newsdetail/esewa-expands-digital-health-insurance-with-coverage-up-to-rs-600000-2026-07-14,"Tuesday, July 14, 2026",2026-07-14 06:24:49,"eSewa, in partnership with Shikhar Insurance Company, is expanding access to affordable healthcare through Sahara Health Insurance, with premiums starting from Rs 1,399 and combined health and accident coverage of up to Rs 600,000. Available entirely through the eSewa app, the policy can be purchased or renewed digitally within minutes without paperwork.

The insurance offers medical coverage of up to Rs 500,000, accident treatment benefits of up to Rs 100,000, cashless treatment at more than 25 network hospitals, and coverage for nearly 150 daycare procedures. Since its launch in September 2025, more than 10,000 customers have enrolled in the scheme. eSewa said the initiative reflects its commitment to expanding digital financial services and making health insurance more accessible across Nepal."
20260714SS007,Sharesansar,Samsung Launches Galaxy A27 5G in Nepal with AI Features and 24-Month EMI,https://www.sharesansar.com/newsdetail/samsung-launches-galaxy-a27-5g-in-nepal-with-ai-features-and-24-month-emi-2026-07-14,"Tuesday, July 14, 2026",2026-07-14 06:24:49,"amsung has launched the Galaxy A27 5G in Nepal, expanding its Galaxy A series with a smartphone featuring Awesome Intelligence (AI), a 6.7-inch FHD+ Super AMOLED 120Hz display, Snapdragon 6 Gen 3 processor, 50MP OIS camera, 5,000mAh battery, Android 16 with One UI 8.5, and Samsung Knox Vault security. The device also supports AI tools such as Google Gemini, Perplexity, and Voice Transcription.

The Galaxy A27 5G is available in 6GB/128GB and 8GB/512GB variants, priced at NPR 55,999 and NPR 69,999, respectively. Samsung is also offering 24-month EMI plans starting from NPR 1,519 per month, an exchange bonus of up to NPR 8,000, and 120GB of free Ncell data, making the device more accessible to customers in Nepal."
20260714SS008,Sharesansar,Shangrila Development Bank Supports Free Cataract Surgeries for Nine in Darchula,https://www.sharesansar.com/newsdetail/shangrila-development-bank-supports-free-cataract-surgeries-for-nine-in-darchula-2026-07-14,"Tuesday, July 14, 2026",2026-07-14 06:24:50,"Under its Corporate Social Responsibility (CSR) programme, Shangrila Development Bank Limited (SADBL) supported free cataract surgeries for nine patients from Darchula at Geta Eye Hospital in Dadeldhura.

The beneficiaries were identified during free eye camps held at Darchula District Hospital and Dunhu Rural Municipality in Baishakh 2083.

Although 11 patients were referred for surgery, only nine underwent the procedure due to health-related issues affecting the remaining two.

During the eye camps, more than 700 people received free eye check-ups, while 487 were provided with spectacles and 600 received free medicines. The bank currently serves customers through 109 branches and 30 ATMs across Nepal and reaffirmed its commitment to expanding quality banking services while continuing impactful CSR initiatives."
20260714SS009,Sharesansar,"Macroeconomic Summary of First 11 Months: Inflation at 5.22 %, Remittances Rises by 38.2%, Foreign Currency Enough to Cover 19.1 Months Import",https://www.sharesansar.com/newsdetail/macroeconomic-summary-of-first-11-months-inflation-at-522-remittances-rises-by-382-foreign-currency-enough-to-cover-191-months-import-2026-07-14,"Tuesday, July 14, 2026",2026-07-14 06:24:50,"Nepal Rastra Bank, the central bank of Nepal, has unveiled the current macroeconomic and financial situation of Nepal based on Eleven -month data (Ending Mid-June) of FY 2025/26.

Nepal Rastra Bank estimated that the inflation remained at 5.22 percent on a year-over-year basis. The gross foreign exchange reserves stood at 3755.64 billion in USD terms, whereas the total imports and exports increased 12.3 percent and 15.2 percent, respectively.

NEPSE index stood 2724.03 in mid-June 2026 compared to 2655.39 in mid- June 2025.

The y-o-y wholesale price inflation stood at 8.47 percent in mid-June 2026 compared to 1.56 percent a year ago.

The y-o-y wholesale price inflation of consumption goods decreased 1.00 percent while intermediate goods and capital goods stood at 14.64 percent and 4.78 percent respectively. The yo-y wholesale price index of construction material increased 3.09 percent in the review month.

During the eleven months of 2025/26, merchandise exports increased 12.3 percent to Rs.277.97 billion compared to a growth of 77.8 percent in the same period of the previous year. Destination-wise, exports to India and other countries increased 13.6 percent and 9.2 percent respectively whereas exports to China decreased 35.8 percent. Exports of soyabean oil, palm oil, cardamom, noodles and brans among others increased whereas exports of zinc sheet, particle board, tea, woolen carpet and handicraft goods among others decreased in the review period.

During the eleven months of 2025/26, mercandise imports increased 15.2 percent to Rs. 1894.10 billion compared to a growth of 13.1 percent a year ago. Destination-wise, imports from India, China, and other countries increased 11.8 percent, 21.5 percent, and 18.9 percent respectively. Imports of petroleum products, silver, transport equipment, vehicle and spare parts, chemical fertilizer, and crude soyabean oil among others increased whereas imports of edible oil, hot rolled sheet in coil, garlic, M.S. wire rod, bars, coils and M.S. billet among others decreased in the review period.

Total trade deficit increased 15.7 percent to Rs.1616.13 billion during the eleven months of2025/26. Such a deficit had increased 6.3 percent in the corresponding period of the previous year.The export-import ratio decreased to 14.7 percent in the review period from 15.1 percent in the corresponding period of the previous year.

Net services income remained at a deficit of Rs.72.54 billion during the review period. Such income had a deficit of Rs.82.78 billion in the same period of the previous year.

Remittance inflows increased 38.2 percent to Rs.2120.80 billion in the eleven months of 2025/26 compared to an increase of 15.6 percent in the same period of the previous year. During mid- May to mid-June (Jestha month), remittance inflows stood at Rs. 203.89 billion. In the same period of the previous year, such inflows were Rs. 176.32 billion.

In the review period, interbank transactions of the BFIs amounted Rs.1039.76 billion on a turnover basis, including Rs.893.41 billion among commercial banks and Rs.146.35 billion among other financial institutions (excluding transactions among commercial banks). In the corresponding period of the previous year, such transaction was Rs.1,681.54 billion, including Rs.1,531.21 billion among commercial banks and Rs.150.33 billion among other financial institutions.

The price of oil (Crude Oil Brent) in the international market increased 16.63 percent to US Dollar 88.64 per barrel in mid-June 2026 from US Dollar 76.0 per barrel a year ago. The price of gold increased 21.85 percent to US Dollar 4185.95 per ounce in mid-June 2026 from US Dollar 3435.35 per ounce a year ago.

Gross foreign exchange reserves increased 40.3 percent to Rs.3755.64 billion in mid-June 2026 from Rs.2677.68 billion in mid-July 2025. In US Dollar terms, the gross foreign exchange reserves increased 26.5 percent to 24.68 billion in mid-June 2026 from 19.50 billion in mid-July 2025.

Of the total foreign exchange reserves, the reserves held NRB increased 37.9 percent to Rs3330.07 billion in mid-June 2026 from Rs. 2414.64 billion in mid-July 2025. Reserves held by banks and financial institutions (except NRB) increased 61.8 percent to Rs.425.57 billion in mid -June 2026 from Rs.263.04 billion in mid-July 2025. The share of Indian currency in total reserves stood at 21.5 percent in mid-May 2026.

Based on the imports of the eleven months of 2025/26, the foreign exchange reserves of thebanking sector is sufficient to cover the prospective merchandise imports of 22.5 months, andmerchandise and services imports of 19.1 months. The ratio of reserves-to-GDP, reserves to imports and reserves-to-M2 stood at 61.5 percent, 159.5 percent, and 43.7 percent respectively in mid-June 2026. Such ratios were 43.8 percent, 128.1 percent, and 34.1 percent respectively in midJuly 2025.

Nepalese currency vis-à-vis the US Dollar depreciated 9.8 percent in mid-June 2026 from mid-July 2025. It had depreciated 3.0 percent in the same period of the previous year. The buying exchange rate per US Dollar stood at Rs. 151.88 in mid-June 2026, compared to Rs. 137.0 in mid-July 2025.

According to the Ministry of Finance, Financial Comptroller General Office (FCGO), the total expenditure of the Government of Nepal stood at Rs. 1346.65 billion during the eleven months of 2025/26. Recurrent expenditure, capital expenditure, and financial expenditure amounted to Rs.908.27 billion, Rs. 132.67 billion, and Rs. 305.72 billion, respectively, during the review period.

Cash Balance at various accounts of the GoN maintained with NRB remained Rs. 418.54 billion (including Provincial Governments and Local Government Account) in mid-June 2026. Such a balance was Rs. 137.78 billion in mid-July 2025.

Domestic credit increased by 0.5 percent in the review period compared to an increase of 3.4percent in the corresponding period of the previous year. On y-o-y basis, domestic credit increased by 3.1 percent in mid-June 2026.

Monetary sector's claims on the private sector increased by 7.0 percent in the review periodcompared to an increase of 8.7 percent in the corresponding period of the previous year. On y-o-y basis, such claims increased by 6.4 percent in mid-June 2026.

Deposits at Banks and Financial Institutions (BFIs) increased by 10.3 percent (Rs.748.62 billion) reaching Rs.8,012.49 billion in the review period compared to an increase of 8.0 percent (Rs.517.60 billion) in the corresponding period of the previous year. On y-o-y basis, deposits at BFIs expanded 15.0 percent in mid-June 2026.

Private sector credit from the BFIs increased by 6.2 percent (Rs.340.57 billion) to Rs. 5,838.27 billion in the review period compared to an increase of 8.0 percent (Rs.407.62 billion) in the corresponding period of previous year. On y-oy basis, credit to the private sector from the BFIs increased by 6.5 percent in mid-June 2026.

The average base rate of commercial banks, development banks and finance companies stood at 4.88 percent, 6.86 percent, and 7.16 percent, respectively, in mid-June 2026. The average base rate of commercial banks, development banks and finance companies were 6.09 percent, 8.29 percent, and 9.02 percent respectively in the corresponding montha year ago.

Balance of Payments (BoP) remained at a surplus of Rs.926.06 billion in the review period. Such surplus was Rs.491.44 billion in the previous year. In US Dollar terms, the BoP remained in a surplus of Rs. 6.39 billion in the review period, compared to a surplus of Rs. 3.62 billion in the same period of the previous year."
20260714SS010,Sharesansar,Chitwan Administration Urges Public to Avoid Non-Essential Travel Amid Heavy Rain,https://www.sharesansar.com/newsdetail/chitwan-administration-urges-public-to-avoid-non-essential-travel-amid-heavy-rain-2026-07-14,"Tuesday, July 14, 2026",2026-07-14 06:24:51,"The District Administration Office (DAO), Chitwan, has urged the public to avoid non-essential travel due to the heightened risk of landslides and flooding caused by continuous rainfall.

In a public notice, the administration specifically advised travelers to refrain from unnecessary journeys along the Narayangadh–Muglin road section and the Prithvi Highway, where persistent rain has increased the likelihood of landslides and flash floods.

The notice, issued by Assistant Chief District Officer Chiranjivi Sharma, requested travelers to stay in close coordination with nearby security agencies, local governments, the Division Road Office, and other relevant authorities before undertaking any essential travel.

A meeting of the District Disaster Management Committee held on Monday also appealed to commuters to remain vigilant, warning that landslides could disrupt traffic at multiple locations along major highways, including the Narayangadh–Muglin section.

The committee instructed security agencies, the Division Road Office, irrigation offices, and water resources projects to remain on standby with the necessary machinery and equipment for emergency response.

According to the committee, Tuin Khola and Seti Dobhan have been identified as highly vulnerable landslide-prone areas. It also directed authorities to clean and prepare the old emergency shelters previously used by the former District Development Committee and the Nepal Red Cross Society since 2058 BS so they are ready to accommodate people if required.

The administration has further urged residents living along riverbanks and other vulnerable areas to remain on high alert and take necessary precautions throughout the monsoon period."
20260715SS001,Sharesansar,New Motorable Bridge Over Thini Rivulet Boosts Connectivity in Mustang,https://www.sharesansar.com/newsdetail/new-motorable-bridge-over-thini-rivulet-boosts-connectivity-in-mustang-2026-07-15,"Wednesday, July 15, 2026",2026-07-15 06:28:20,"A new motorable bridge has been completed over the Thini rivulet in Ward No. 5 of Gharapjhong Rural Municipality, Mustang, significantly improving road connectivity for local residents.

Constructed by the Infrastructure Development Office, Mustang, under the Gandaki Provincial Government, the bridge was completed ahead of its scheduled deadline. The project, which also included the completion of the Gharapjhong Ring Road, was finalized during the current fiscal year.

Although the contract had set August 5 as the completion deadline, the contractor, Amit Ashesh JV Construction, finished the work in advance. The bridge project had originally been planned for completion within two years.

According to Suresh Pandey, an engineer at the Infrastructure Development Office, the bridge forms a key part of the ring road connecting all five wards of Gharapjhong Rural Municipality. He also noted that the long-delayed Gharapjhong Ring Road, whose deadline had been extended six times due to various challenges, has finally been completed during the current fiscal year.

The completion of both the bridge and the ring road has made travel easier and more convenient for residents across the rural municipality, improving year-round accessibility and local transportation.

The newly constructed motorable bridge measures 35 meters in length and 8.4 meters in width and was built at a total cost of Rs. 44.6 million. It is expected to strengthen regional connectivity while supporting economic activities and tourism in Mustang."
20260715SS002,Sharesansar,"SEBON Unveils Capital Market Development Blueprint 2083, Sets Vision for a Modern and Globally Competitive Market",https://www.sharesansar.com/newsdetail/sebon-unveils-capital-market-development-blueprint-2083-sets-vision-for-a-modern-and-globally-competitive-market-2026-07-15,"Wednesday, July 15, 2026",2026-07-15 06:28:21,"The Securities Board of Nepal (SEBON) has unveiled its Capital Market Development Blueprint 2083 along with its Policy and Programme for Fiscal Year 2083/84, outlining an ambitious long-term strategy to transform Nepal's capital market into a transparent, technology-driven, competitive, and internationally recognized financial system.

The blueprint envisions shifting Nepal's capital market from being merely a complementary financing mechanism to the banking sector into a strategic pillar of national economic development. It seeks to mobilize domestic and foreign savings into productive sectors such as infrastructure, hydropower, manufacturing, agriculture, information technology, innovation, and entrepreneurship.

One of the major priorities of the new policy is enhancing investor protection and market integrity.

SEBON announced that it will introduce stricter monitoring of so-called ""finfluencers,"" social media personalities and online content creators who attempt to influence stock prices or provide unauthorized investment advice. The regulator plans to curb misleading market promotions and strengthen oversight of digital platforms to prevent market manipulation.

The board also plans to tighten the Initial Public Offering (IPO) approval process. Companies seeking to issue shares will undergo more rigorous evaluations covering their financial health, governance practices, business viability, and managerial competence before receiving regulatory approval.

In addition, SEBON will regulate unauthorized public fundraising activities conducted through social media before IPO issuance, preventing companies from collecting money from investors without proper regulatory approval.

To encourage greater participation in the capital market, SEBON plans to review and reduce various fees charged in both the primary and secondary markets.

The regulator will also introduce a new benchmark stock index based on free-float shares, replacing reliance on broader market capitalization-based indicators. The move is expected to provide a more realistic picture of market performance and improve transparency for investors.

SEBON has pledged to fully operationalize margin trading in coordination with Nepal Rastra Bank (NRB) and the Nepal Stock Exchange (NEPSE). The initiative is expected to improve market liquidity, increase trading activity, and provide investors with additional financing options.

The Capital Market Development Blueprint outlines a comprehensive three-phase national roadmap:

1. Phase I (2026–2027): Legal, institutional, and regulatory reforms.2. Phase II (2028–2030): Market expansion, diversification of financial products, and digital transformation.3. Phase III (2031–2036): Internationalization, regional integration, and development of a globally competitive capital market.

The strategy also includes reforms in collective investment schemes, reviews of mutual fund lock-in periods and allocation mechanisms, stronger inter-agency coordination in securities crime investigations, and modernization of market infrastructure.

SEBON has set several ambitious targets to be achieved by 2036, including:1. Increasing market capitalization to more than 150% of GDP, up from the current level of around 70–80%.2. Expanding the number of listed companies from nearly 300 to over 500.3. Raising average daily stock market turnover from around Rs 8 Arba to Rs 30 Arba.4. Increasing Demat accounts from approximately 80 lakhs to more than 1.20 crores.5. Raising institutional investor participation to over 40% of total market trading.6. Expanding the corporate bond market to account for 20% of the capital market.7. Increasing mutual fund schemes from 56 to more than 150.8. Introducing listings for over 200 Small and Medium Enterprises (SMEs).9. Promoting regular issuance of Green Bonds.10. Gradually allowing foreign portfolio investment through institutional participation.

SEBON emphasized that a well-functioning capital market is a key national mechanism for converting public savings into productive investments. The board noted that developed capital markets are widely recognized by institutions such as the World Bank, International Monetary Fund (IMF), and OECD as fundamental drivers of economic growth, capital formation, industrialization, productivity, and investment expansion.

According to SEBON, Nepal's capital market has evolved significantly over the past three decades with the establishment of SEBON, NEPSE, CDS and Clearing Limited (CDSC), Demat accounts, the Mero Share system, ASBA, and online trading platforms. However, the next stage of development will focus not only on expanding the size of the market but also on improving its quality, governance, technological capability, and international competitiveness.

The long-term vision is built around seven strategic priorities:i. Strengthening the legal and regulatory frameworkii. Deepening and diversifying the capital marketiii. Expanding institutional investorsiv. Building a technology-driven securities marketv. Enhancing investor protection and financial literacyvi. Promoting internationalization and foreign investmentvii. Supporting innovation, SME financing, and sustainable finance

SEBON stated that these reforms are intended to transform Nepal's capital market into a reliable, transparent, inclusive, and technology-oriented financial system capable of supporting sustainable economic growth and attracting both domestic and international investment."
20260715SS003,Sharesansar,Promoter Shares of NIC Asia Bank Limited in Auction From Today,https://www.sharesansar.com/newsdetail/promoter-shares-of-nic-asia-bank-limited-in-auction-from-today-2026-07-15,"Wednesday, July 15, 2026",2026-07-15 06:28:21,"The existing promoters ofNIC Asia Bank Limited (NICA)are selling 45,000 units of promoter shares in an auction to the  general public/institutions.

45,000 units of promoter shares will be auctioned. Individual investors, companies, and institutions are all eligible to bid in an auction. Interested individuals are requested to bid for the auction within 7 days, i.e. 6th Shrawan, 2083, from this notice's publication date, i.e., 31st  Ashad, 2083.

Interested investors should submit their bids at the company's central office located at Kamaladi, Kathmandu.

Notice:"
20260715SS004,Sharesansar,Government Invites Applications for Chairperson of Advertisement Board,https://www.sharesansar.com/newsdetail/government-invites-applications-for-chairperson-of-advertisement-board-2026-07-15,"Wednesday, July 15, 2026",2026-07-15 06:28:22,"The Ministry of Communications and Information Technology has invited applications for the position of Chairperson of the Advertisement Board. A public notice issued on Wednesday calls on qualified candidates to submit their applications byJuly 24 (Shrawan 8).

According to the ministry, details about the required qualifications, application form, and the documents that applicants must submit are available on its official website.

The Advertisement Board is responsible for managing and regulating the country's advertising sector. It distributes public interest advertisements provided by the Government of Nepal to media organizations in a fair and proportional manner based on approved criteria. The board also oversees advertisements related to the promotion, marketing, and sale of goods and services."
20260715SS005,Sharesansar,Arun Kabeli Power Limited Announces Sale of Shares of Ingwa Hydropower Limited,https://www.sharesansar.com/newsdetail/arun-kabeli-power-limited-announces-sale-of-shares-of-ingwa-hydropower-limited-2026-07-15,"Wednesday, July 15, 2026",2026-07-15 06:28:22,"Arun Kabeli Power Limited (AKPL)has decided to sell 3,00,000 units of shares it holds in Ingwa Hydropower Limited through the secondary market.

The decision has been made per Clause 11 of the ""Electricity Regulatory Commission's Directive on Public Offering and Regulation of Shares of Electricity-Related Companies, 2078,"" which mandates prior notice to the public for such transactions.

This 15-day public notice has been issued to inform the general public about the share sale process as per regulatory requirements. The notice has been published under the authorization of the Board of Directors of Arun Kabeli Power Limited, located in Thapathali, Kathmandu.

Notice:"
20260715SS006,Sharesansar,Nepal Rastra Bank Collecting a Massive Rs. 100 Billion Deposits from BFIs Today,https://www.sharesansar.com/newsdetail/nepal-rastra-bank-collecting-a-massive-rs-100-billion-deposits-from-bfis-today-2026-07-15,"Wednesday, July 15, 2026",2026-07-15 06:28:23,"Nepal Rastra Bank (NRB) has announced that it will collect deposits worthRs. 100 billionfrom banks and financial institutions through a bidding process today.

According to a notice published today, the central bank will collect the deposits for a period of91days. The bidding will take place on Ashad 31(July 15)through the Online Bidding System at 3 Pm.

The interest rate will be decided through the bidding process. The minimum amount for bidding has been set at Rs. 10 crore, while the maximum limit is (In multiples of) 5 Crore, up to the total issue amount. However, institutions can submit multiple bids within the total announced amount.

Only licensed ‘A’, ‘B’, and ‘C’ class banks and financial institutions approved by NRB are allowed to take part in the bidding. The deposits collected will be returned along with interest onAshoj 28, 2083(October 14, 2026)."
20260715SS007,Sharesansar,"Gold Price Rises by 800 Per Tola, Check Today's Updated Rate",https://www.sharesansar.com/newsdetail/gold-price-rises-by-800-per-tola-check-todays-updated-rate-2026-07-15,"Wednesday, July 15, 2026",2026-07-15 06:28:23,"Gold prices have witnessed a moderate gain in the domestic market today, gaining by Rs. 800 per tola to settle at Rs. 284,800 per tola, up from the previous rate of Rs. 284,000 per tola.

TheFederation of Nepal Gold and Silver Dealers' Association (FENEGOSIDA)reported that Tejabi gold also rises moderately by Rs. 800 per tola to reach Rs.284,100 per tola, compared to Rs. 283,300 per tola on the previous day.

Similarly, silver prices move in the same direction, price rises by Rs. 55 per tola, bringing it to Rs.4,415 per tola from Rs. 4,360 per tola on the previous day."
20260715SS008,Sharesansar,Promoter Shares of Two Companies in Auction From Today,https://www.sharesansar.com/newsdetail/promoter-shares-of-two-companies-in-auction-from-today-2026-07-15,"Wednesday, July 15, 2026",2026-07-15 06:28:24,"The existing promoters ofMiteri Development BankLimited (MDB)are selling 68,850 units of promoter shares in an auction to the  general public/institutions.

68,850 units of promoter shares will be auctioned. Individual investors, companies, and institutions are all eligible to bid in an auction. Interested individuals are requested to bid for the auction within 35 days, i.e. 2nd Bhadra, 2083, from this notice's publication date, i.e., 31st  Ashad, 2083.

Interested investors should submit their bids at the company's central office located at Dharan, Sunsari or at their Share registar, Prabhu Capital Limited which is located at Kamaladi, Kathmandu.

Notice:

The existing promoters ofSuryodaya Womi Laghubitta Bittiya SansthaLimited (SWMF)are selling 30,000 units of promoter shares in an auction to the  general public/institutions.

30,000 units of promoter shares will be auctioned. Individual investors, companies, and institutions are all eligible to bid in an auction. Interested individuals are requested to bid for the auction within 35 days, i.e. 2nd Bhadra, 2083, from this notice's publication date, i.e., 31st  Ashad, 2083.

Interested investors should submit their bids at the company's corporate office located at Mahalaxmi, Lalitpur or at their Share registar, kumari Capital Limited which is located at Naxal, Kathmandu.

Notice:"
20260715SS009,Sharesansar,Full-Weight LPG Cylinders Return to Market as Supply Normalizes,https://www.sharesansar.com/newsdetail/full-weight-lpg-cylinders-return-to-market-as-supply-normalizes-2026-07-15,"Wednesday, July 15, 2026",2026-07-15 06:28:24,"Consumers across Nepal will once again be able to purchase full-weight 14.2 kg Liquefied Petroleum Gas (LPG) cylinders from Wednesday, following the normalization of supply from India.

The Nepal Oil Corporation (NOC) has instructed all LPG bottling industries to resume filling and distributing 14.2 kg cooking gas cylinders as per the regular standard, according to NOC spokesperson Manoj Thakur.

The decision comes after supplies from the Indian Oil Corporation (IOC), Nepal's sole fuel supplier, improved significantly, easing the shortages experienced in recent months.

The NOC has also fixed the retail price of a 14.2 kg LPG cylinder at Rs 2,060.

Earlier, the corporation had temporarily introduced 7.1 kg (half-weight) LPG cylinders after disruptions in supply triggered by the geopolitical tensions arising from the US-Iran-Israel conflict, which affected the availability of cooking gas in Nepal.

With supply conditions returning to normal, the NOC expects the resumption of full-weight cylinders to improve market availability and provide greater convenience for households and commercial consumers across the country."
20260715SS010,Sharesansar,Top Bahadur Rayamajhi Sentenced to Four Years in Bhutanese Refugee Scam,https://www.sharesansar.com/newsdetail/top-bahadur-rayamajhi-sentenced-to-four-years-in-bhutanese-refugee-scam-2026-07-15,"Wednesday, July 15, 2026",2026-07-15 06:28:25,"Former Deputy Prime Minister and CPN-UML leader Top Bahadur Rayamajhi has been sentenced to four years in prison after being convicted in the high-profile fake Bhutanese refugee scam.

The Kathmandu District Court on Tuesday sentenced Rayamajhi to four years' imprisonment and imposed a fine of Rs 40,000. The verdict was delivered by a single bench of Judge Tej Bahadur Khadka.

Former Home Minister and Nepali Congress leader Bal Krishna Khand was sentenced to two years in prison and fined Rs 20,000. The court found him guilty of abusing public office, forging government documents, committing fraud, and engaging in organized crime.

In the same case, Bhutanese rights activist Tek Nath Rizal was sentenced to two years in prison and fined Rs 20,000 after being convicted of misusing government documents, fraud, and organized crime.

The court also sentenced Keshav Prasad Dulal, Gyanu Bhandari, Sagar Rai, Sandesh Sharma, Dr. Indrajit Rai, Govinda Kumar Chaudhary, Angdeva Sherma, and Tanka Narayan Pandey to four years in prison each, along with fines of Rs 40,000.

Meanwhile, Shamsher Miya, Haribhakta Maharjan, Niranjan Kumar Kharel, and Narendra KC were each sentenced to one year in prison and fined Rs 10,000 in connection with the case."
20260716SS001,Sharesansar,US Imposes 25% Tariff on Brazilian Imports Over Alleged Unfair Trade Practices,https://www.sharesansar.com/newsdetail/us-imposes-25-tariff-on-brazilian-imports-over-alleged-unfair-trade-practices-2026-07-16,"Thursday, July 16, 2026",2026-07-16 06:31:16,"The United States is imposing a 25 percent tariff on imports from Brazil after concluding that the world’s 10th-largest economy has engaged in a range of what Washington considers unfair trade practices.

The tariffs, initially proposed last month, will take effect on July 22.

The order exempts certain goods that are not produced domestically in the United States or that officials believe could disrupt supply chains. Exempted products include coffee, beef, oranges and orange juice, certain oil and gas products, and aerospace parts and components.

The Office of the U.S. Trade Representative concluded after a yearlong investigation that Brazil had engaged in several unfair trade practices, including weak anti-corruption enforcement and its own allegedly unfair tariffs, among other practices deemed unreasonable and discriminatory. The United States, however, has maintained a goods trade surplus with Brazil for years.

U.S. Trade Representative Jamieson Greer said the action was necessary to ensure that American workers and companies compete on a level playing field.

“Extensive negotiations with Brazil over the past year have not resolved these issues, but we remain open to continuing negotiations with Brazil to bring about long-needed changes to the problems identified in this investigation,” he said in a statement.

When U.S. officials warned in early June that the tariffs were being considered, Brazilian President Luiz Inácio Lula da Silva reacted angrily. He instead pointed to political motivations, blaming Sen. Flávio Bolsonaro, a rival of the Brazilian president in the country’s October elections. Bolsonaro had recently visited Washington and is the son of former President Jair Bolsonaro, an ally of President Donald Trump.

U.S. Secretary of State Marco Rubio also defended the tariffs in a post on X, saying that the measures were the result of what he described as Brazil’s failure to negotiate with the United States in good faith.

The tariffs are being imposed under Section 301 of the Trade Act of 1974, which authorizes the United States to investigate and respond to unfair foreign trade practices.

In February, the U.S. Supreme Court ruled against many of Trump’s tariffs imposed under a different law, the International Economic Emergency Powers Act (IEEPA) of 1977. The court found that Trump had exceeded his authority under the law by imposing sweeping tariffs on U.S. trading partners, including Brazil.

Under that law, Trump had previously imposed a 50 percent tariff on Brazil in protest against the prosecution of former Brazilian President Jair Bolsonaro for allegedly attempting to overturn his defeat in the 2022 election. However, relations between Trump and Lula appeared to improve in May when the Brazilian president visited the White House."
20260716SS002,Sharesansar,South Korea Raises Interest Rates for First Time in More Than Three Years,https://www.sharesansar.com/newsdetail/south-korea-raises-interest-rates-for-first-time-in-more-than-three-years-2026-07-16,"Thursday, July 16, 2026",2026-07-16 06:31:17,"South Korea’s central bank raised its benchmark interest rate by 25 basis points on Thursday, marking its first rate hike in more than three years.

The Bank of Korea (BOK) held a meeting of its Monetary Policy Board and raised the benchmark rate from 2.5 percent to 2.75 percent, a BOK official told AFP.

Since May, the central bank has increasingly shifted toward a tighter monetary policy stance, citing persistent inflation, a weaker won and an economy supported by strong semiconductor exports.

The combination of solid economic growth, rising housing prices and high household debt has further strengthened the case for a rate increase.

South Korea’s economy expanded at its fastest pace in nearly six years during the first quarter. BOK Governor Shin Hyun-song has also said inflation is likely to remain above the central bank’s target for a considerable period.

Consumer prices rose 3.2 percent in June from a year earlier, partly driven by higher energy costs and supply chain disruptions linked to conflicts in the Middle East.

Thursday’s rate hike was the first since January 2023, when the central bank raised its policy rate by 25 basis points to 3.5 percent as part of its post-pandemic monetary policy normalization cycle."
20260716SS003,Sharesansar,Investment in Critical Minerals Declines Despite Western Push for Supply Chain Security,https://www.sharesansar.com/newsdetail/investment-in-critical-minerals-declines-despite-western-push-for-supply-chain-security-2026-07-16,"Thursday, July 16, 2026",2026-07-16 06:31:17,"Investment in critical minerals declined last year despite efforts by Western countries to expand domestic production for national security reasons, the International Energy Agency (IEA) said Thursday.

The geographic concentration of supply chains for minerals essential to the high-tech, aerospace and clean energy industries has increased further, particularly in the refining sector, according to a new IEA report.

The Paris-based agency, which advises energy-consuming nations, said China and Indonesia, the leading refining countries, accounted for more than three-quarters of the total growth in refined mineral supply over the past two years.

Despite efforts to diversify supply chains, geopolitical tensions and price volatility led global investment in mineral mining and refining to fall by 9 percent in 2025, the IEA said.

“Over the last year in particular, concerns about high supply concentration have moved from being a sort of theoretical vulnerability into an immediate economic security challenge,” said Tim Gould, the IEA’s chief economist.

The agency highlighted the growing use of export controls as a major economic and security challenge.

“Rare earth export controls introduced by China in April 2025 forced some automakers to reduce production or temporarily suspend operations,” the IEA said in its annual Global Critical Minerals Outlook report.

If Beijing proceeds with plans to expand export controls, an estimated $6.5 trillion in annual downstream production outside China could be put at risk, the report warned.

The IEA, however, also pointed to some positive developments, noting that public financing commitments for critical minerals more than quadrupled between 2023 and 2025.

The agency said the United States and Malaysia were already making progress in reducing China’s dominance in rare-earth refining."
20260716SS004,Sharesansar,National Assembly to Meet Again on July 31,https://www.sharesansar.com/newsdetail/national-assembly-to-meet-again-on-july-31-2026-07-16,"Thursday, July 16, 2026",2026-07-16 06:31:17,"The National Assembly is scheduled to hold its next meeting on July 31, Chairperson Narayan Prasad Dahal informed the upper house on Wednesday.

Earlier in the meeting, Minister for Law, Justice and Parliamentary Affairs Sobita Gautam, on behalf of Prime Minister Balendra Shah, presented the annual report of the Office of the Attorney General for the fiscal year 2081/82.

Chairperson Dahal also informed the Assembly about a letter received from the Office of the President regarding the authentication of several bills.

Speaking during the ‘special hour’ of the Assembly meeting, lawmaker Kamala Pant called for greater focus on disaster preparedness and good governance.

She urged the government to prioritize increasing agricultural production, strengthening good governance, improving disaster management, protecting workers’ rights and controlling inflation.

Pant said the code of conduct, or integrity policy, approved by the Cabinet was aimed at controlling corruption, reducing ethical misconduct and promoting good governance. She stressed the need for its effective implementation.

She also called for timely early warnings based on clear identification of disaster-prone areas and highways. Pant further urged the government to expedite the approval of Nepal’s strategic plan related to the ‘Early Warning for All’ initiative.

Other lawmakers also drew the government’s attention to issues including the protection of press freedom, the timely supply of chemical fertilizers to farmers, health insurance and drinking water problems in the Tarai region.

They also expressed concern over inadequate budget allocations for youth and employment programs and stressed the need for the government to become more accountable to the people."
20260716SS005,Sharesansar,"Gold Price Reaches Rs. 2 Lakh 85 Thousands Per Tola, Check How Much it Gains Today",https://www.sharesansar.com/newsdetail/gold-price-reaches-rs-2-lakh-85-thousands-per-tola-check-how-much-it-gains-today-2026-07-16,"Thursday, July 16, 2026",2026-07-16 06:31:17,"Gold prices have witnessed a moderate gain in the domestic market today, gaining by Rs. 400 per tola to settle at Rs. 285,200 per tola, up from the previous rate of Rs. 284,800 per tola.

TheFederation of Nepal Gold and Silver Dealers' Association (FENEGOSIDA)reported that Tejabi gold also rises moderately by Rs. 400 per tola to reach Rs.284,500 per tola, compared to Rs. 284,100 per tola on the previous day.

Meanwhile, silver prices move in the opposite direction, price falls by Rs. 90 per tola, bringing it to Rs.4,325 per tola from Rs. 4,415  per tola on the previous day."
20260716SS006,Sharesansar,Nepal and India Agree to Increase Cross-Border Power Trade,https://www.sharesansar.com/newsdetail/nepal-and-india-agree-to-increase-cross-border-power-trade-2026-07-16,"Thursday, July 16, 2026",2026-07-16 06:31:18,"The meetings of the Joint Steering Committee (JSC) and Joint Working Group (JWG) on power sector cooperation between Nepal and India concluded in Pokhara on Wednesday, with the two sides agreeing to increase Nepal’s power export capacity to India to 1,650 megawatts.

The 13th meeting of the Joint Steering Committee on Power Sector Cooperation was co-chaired by Nepal’s Energy, Water Resources and Irrigation Secretary Sarita Dawadi and India’s Secretary at the Ministry of Power, Pankaj Agarwal.

Under the agreement on combined power transfer, Nepal’s electricity exports to India will increase from the existing 1,100 megawatts to 1,650 megawatts. Similarly, Nepal will be able to import up to 1,400 megawatts of electricity from India, up from the current 1,000 megawatts, through the Dhalkebar–Muzaffarpur and Dhalkebar–Sitamadhi cross-border transmission lines, according to the Ministry of Energy, Water Resources and Irrigation.

The meetings reviewed various aspects of bilateral cooperation in the power sector, including hydropower development, electricity trade and the expansion of transmission infrastructure.

The two sides also discussed measures to expedite and facilitate the implementation of ongoing and planned power generation and transmission projects."
20260716SS007,Sharesansar,Finance Minister Wagle Says Laws Hindering Economic Reforms to Be Repealed,https://www.sharesansar.com/newsdetail/finance-minister-wagle-says-laws-hindering-economic-reforms-to-be-repealed-2026-07-16,"Thursday, July 16, 2026",2026-07-16 06:31:18,"Finance Minister Dr. Swarnim Wagle has said that several laws are being amended or repealed in line with the recommendations of the High-Level Economic Reforms Advisory Commission.

Responding to concerns raised during discussions on a proposal to consider the Bill to Amend and Repeal Some Nepal Acts Relating to Finance, 2083 BS, at a meeting of the House of Representatives on Wednesday, Minister Wagle said the government was moving ahead with its commitment to economic reforms.

He recalled that, on his first day in office, he had announced that laws obstructing the country’s economic reforms would be repealed.

“This Bill has been brought forward to implement that announcement,” Wagle said. He added that Parliament is the appropriate forum for enacting new laws and repealing or amending existing legislation when necessary.

The Finance Minister further emphasized that the government remains committed to advancing economic reforms through necessary legal and policy changes.

Lawmakers Manju Bhusal, Krishnahari Budathoki, Nitima Bhandari (Karki), Ashok Kumar Chaudhary, Madhav Bahadur Thapa, Sushil Khadka, Renuka Kauncha, Bidushi Rana, Narendra Kumar Kerung, Madan Krishna Shrestha, Buddhi Prasad Panta, Sajida Khatun Siddique, Hari Prasad Bhusal, Guru Prasad Baral, and Pushpa Raj Kandel participated in the discussion on the proposal.

Earlier, Finance Minister Wagle had tabled the proposal seeking consideration of the Bill, which was unanimously endorsed by the meeting.

Speaker Dol Prasad Aryal urged lawmakers wishing to register amendments to the Bill to contact the Bill Section of the House of Representatives.

The House of Representatives is scheduled to meet again on July 30."
20260716SS008,Sharesansar,"Lock-in Period of 34,484 Units of Suryakunda Hydro Electric Limited Shares Held by Mutual Funds to Expire on 4th Bhadra",https://www.sharesansar.com/newsdetail/lock-in-period-of-34484-units-of-suryakunda-hydro-electric-limited-shares-held-by-mutual-funds-to-expire-on-4th-bhadra-2026-07-16,"Thursday, July 16, 2026",2026-07-16 06:31:18,"Suryakunda Hydro Electric Limited (SKHEL) hasinformed that the lock-in period of 34,484 ordinary shares allocated to mutual funds will end on 4th Bhadra, 2083.

The company has an issued capital of Rs. 68.96 Crores. Out of the total 6,89,675 units, 34,484 (i.e., 5% of 6,89,675) were set aside for mutual funds, subject to a mandatory six-month lock-in period.

Upon completion of the lock-in period, these shares will be free to trade from the specified date. This notice is intended to inform all investors and other concerned stakeholders."
20260716SS009,Sharesansar,"NRB Unveils Major Policy Tweaks: Margin Lending Relaxed, Contractor Relief Extended, and National ID Rules Eased",https://www.sharesansar.com/newsdetail/nrb-unveils-major-policy-tweaks-margin-lending-relaxed-contractor-relief-extended-and-national-id-rules-eased-2026-07-15,"Wednesday, July 15, 2026",2026-07-16 06:31:18,"In a major regulatory update aimed at boosting credit flow considering excess liquidity in market, addressing liquidity concerns, and simplifying banking compliance, Nepal Rastra Bank (NRB) has issued a new circular amending several provisions within its Unified Directives, 2082.

NRB’s Department of Bank and Financial Institution Regulation, the circular introduces notable changes to margin lending, contractor credit relief, working capital guidelines, vehicle loans, and National ID requirements for bank accounts.

This policy modifications issued to all licensed ""Class A"", ""Class B"", and ""Class C"" bank and financial institutions (BFIs):

1.Share Loan Margin Extended: LTV Ratio for Margin Loans Can Now Reach 80%

In a move that is expected to bring positive sentiment to the stock market, the central bank has relaxed its stance on margin lending.

Previous:BFIs were restricted to issuing loans of a margin lending nature up to a strict maximum of 70% of either the 180-day average closing price of the share or the prevailing market price, whichever was lower.

The New Criteria: While the base cap remains at 70%, BFIs can now increase the Loan - to - Value (LTV) ratio by up to 10 percentage points (reaching 80%) for highly - rated entities.

Added Criteria:To do this, banks must formulate and publish a comprehensive Product Paper on their website evaluating the listed company's strength on six core metrics: paid-up capital size, listing duration, dividend history, credit rating, regulatory compliance, and regular Annual General Meetings (AGMs). Once disbursed, shares still cannot be revalued to increase the limit further.

2.Relief Package for Government Contractors

Recognizing the liquidity crunch faced by construction businesses waiting on public sector clearings, NRB has introduced a temporary lifeline.

New Provision:BFIs are now permitted to reschedule and/or restructure loans of contractors who have pending payments from public bodies.

Set Criteria:Borrowers must submit proof of pending payments and clear at least 10% of the outstanding interest due. The rescheduling must be completed by Ashoj 2083.

BFIs must maintain a 5% loan loss provision on these restructured accounts. However, loans already categorized as Non-Performing Loans (NPL) prior to this will retain their original poorer classification and required provisioning.

3.One - Year Extension on Working Capital Variance Norms

To give businesses more breathing room to align with strict operational guidelines, NRB has delayed the penalty timeline for working capital loan variations.

The Delay:The enforcement of variance-related provisions under Clause 7 of the Working Capital Loan Guidelines, 2079 (including the Fourth Amendment) has been officially pushed back.

New Timeline:Originally set to go into effect on Shrawan 1, 2083, the enforcement deadline is now extended by a year to Shrawan 1, 2084.

4.Higher LTV Cap for Large Electric Public Vehicles

The central bank continues to champion green energy, expanding its supportive credit rules for electric transit.

The Change:While the maximum LTV ratio for private electric vehicles (EVs) and personal vehicles remains capped at 60%, the central bank has carved out an exception.

The Exception:BFIs can now offer up to 80% financing (LTV ratio) for the procurement of large electric passenger vehicles intended for public transportation. This 80% ceiling also remains applicable for replacing vehicles/equipment damaged in registered public strikes or protests.

5.Flexible Accounting: 15-Day Post-FY Recovery Exception

NRB has made a slight adjustment to how banks book accrued interest income at the end of a fiscal year, giving BFIs a better buffer for their Retained Earnings.

The Adjustment:Under the previous rule, any interest income accounted for on an accrual basis that remained outstanding at the end of the fiscal year had to be entirely debited from Retained Earnings and transferred to the Regulatory Reserve.

The New Relaxed Clause:Outstanding interest that is successfully recovered within 15 days of the fiscal year's end is now exempted from being transferred to the Regulatory Reserve, minimizing immediate pressure on distributable profits.

6.Simplified KYC: National ID Exceptions for Migrants and Children

Addressing massive administrative bottlenecks and public complaints regarding the mandatory National Identity Card (NID) requirement for banking, NRB has rolled out sensible exemptions and extended timelines.

For Non - Resident Nepalese: Citizens residing abroad who open bank accounts online do not need to present an NID or NID number. They may open accounts with other verified documents, provided they update their NID records within 35 days of returning to Nepal.

For Vulnerable Groups & Children: Individuals who are unable to care for themselves, disabled, helpless, or children under the age of 16 are exempt from the mandatory NID requirement and can operate accounts using alternate identification documents.

Self-Declaration Timeline:BFIs have been given until mid-Ashoj 2083 to collect self-declarations from existing account holders regarding their NID status and to update their records via mobile applications or online platforms. For those yet to get an NID, banks are mandated to send automated reminders every six months.

Looking Ahead

This round of circular updates reflects NRB's adaptive regulatory stance. By addressing localized pinpricks such as payment delays for contractors, NID friction for overseas workers, and strict margin lending boundaries the central bank is attempting to grease the wheels of the economy while keeping systemic financial risk firmly in check. BFIs are expected to update their internal Product Papers and KYC systems to implement these changes immediately."
20260716SS010,Sharesansar,New York to Host Nepali American Business and Investment Summit This September,https://www.sharesansar.com/newsdetail/new-york-to-host-nepali-american-business-and-investment-summit-this-september-2026-07-15,"Wednesday, July 15, 2026",2026-07-16 06:31:18,"The Nepali American Business and Investment Summit, 2026 is going to be organised September 25 through 27 in New York, USA.

The business and investment meet is being organized with an objective of further strengthening trade, investment, entrepreneurship, innovation and economic cooperation between Nepal and America. The Greater New York Nepali Chamber of Commerce is organising the Summit with the support of Consulate General of Nepal in New York.

The slogan of the summit is -'Connecting Capital, Ideas and Opportunities'. Chamber President Pradip Shrestha said that this Summit would be a shared campaign for taking economic relations between Nepal and America to a new path. Government representatives, businessmen, investors, entrepreneurs, policy makers of Nepal and America as well as Nepali diaspora across the world would participate in the three day event.

A target has been set to expand trade, investment promotion, technology development and build long term economic partnership between the two countries through this business and investment conference."
20260717SS001,Sharesansar,Siddhartha Bank Launches ‘Siddhartha Gold Loan’ Scheme,https://www.sharesansar.com/newsdetail/siddhartha-bank-launches-siddhartha-gold-loan-scheme-2026-07-17,"Friday, July 17, 2026",2026-07-17 06:27:35,"Siddhartha Bank Limited has introduced the ‘Siddhartha Gold Loan’ scheme to provide customers with quick and accessible financing by pledging gold and gold jewellery as collateral.

Under the scheme, customers can obtain loans of up to NPR 5 million, with financing of up to 75% of the assessed value of the pledged gold. The facility is designed to help customers meet their personal and business financial needs.

The service is currently available through the bank’s New Road Gate Branch in Kathmandu, with further information available through the bank’s 24-hour customer service centre, Siddhartha Care."
20260717SS002,Sharesansar,Springbase.ai Launches Multilingual Voice-to-Execution AI Capability,https://www.sharesansar.com/newsdetail/springbaseai-launches-multilingual-voice-to-execution-ai-capability-2026-07-17,"Friday, July 17, 2026",2026-07-17 06:27:35,"US-based InnoventuresAI Inc. has launched a new multilingual voice-to-execution capability for its AI platform, Springbase.ai, enabling users to turn spoken ideas into structured digital outputs through natural conversation.

Supporting more than 150 languages, the platform can process complex voice instructions and help users research, plan, create and deploy digital products. It can generate outputs including interactive presentations, images, research reports, websites, applications and workflows.

Unlike conventional voice assistants focused primarily on conversation, Springbase.ai is designed to support multi-step execution, allowing users to describe what they want and convert their instructions into practical results.

The new voice capability is now available globally through Springbase.ai. The platform’s existing AI productivity tools, including workflows, report generation, meeting recording and transcription, are also available to professionals and organisations at NPR 1,499, inclusive of taxes."
20260717SS003,Sharesansar,Gold Price Falls Moderately; Check Today's Updated Rate,https://www.sharesansar.com/newsdetail/gold-price-falls-moderately-check-todays-updated-rate-2026-07-17,"Friday, July 17, 2026",2026-07-17 06:27:36,"Gold prices have witnessed a moderate loss in the domestic market today, falling by Rs. 3100 per tola to settle at Rs.282,100 per tola, up from the previous rate of Rs. 285,200 per tola.

TheFederation of Nepal Gold and Silver Dealers' Association (FENEGOSIDA)reported that Tejabi gold also decreases moderately by Rs. 3100 per tola to reach Rs. 281,400 per tola, compared to Rs. 284,500 per tola on the previous day.

Meanwhile, silver prices move in the same direction, price falls by Rs. 125 per tola, bringing it to Rs.4,200 per tola from Rs. 4,325 per tola on the previous day."
20260717SS004,Sharesansar,Veel Launches AI-Powered Creator Marketing Platform in Nepal and India,https://www.sharesansar.com/newsdetail/veel-launches-ai-powered-creator-marketing-platform-in-nepal-and-india-2026-07-17,"Friday, July 17, 2026",2026-07-17 06:27:36,"US-based creator marketing platform Veel has officially launched in Nepal and India, marking its expansion into South Asia and providing businesses and content creators with an AI-powered platform to manage creator marketing campaigns.

The platform enables brands to discover creators, manage campaigns, review content, process payments and manage content rights through a single workflow. Businesses can collaborate with local and international creators, while creators can access opportunities from regional and global brands.

Founded by Nepali-American entrepreneur Dileep Dhakal, Veel currently supports more than 450 brands and 550,000 verified creators across 121+ countries. The company has also partnered with NCHL, Hamro Pay, eSewa, Khalti and Fonepay to support local payment infrastructure for Nepal’s creator economy. The platform is now available to businesses through Veel’s website, while creators in Nepal can access the Veel app through Google Play."
20260717SS005,Sharesansar,Promoter Shares of Two Companies in Auction From Today,https://www.sharesansar.com/newsdetail/promoter-shares-of-two-companies-in-auction-from-today-2026-07-17,"Friday, July 17, 2026",2026-07-17 06:27:37,"The existing promoters ofShree Investment and Finance CompanyLimited (SIFC)are selling 50,000 units of promoter shares in an auction to the  general public/institutions.

50,000 units of promoter shares will be auctioned. Individual investors, companies, and institutions are all eligible to bid in an auction. Interested individuals are requested to bid for the auction within 7 days, i.e. 8th Shrawan, 2083, from this notice's publication date, i.e., 1st  Shrawan, 2083.

Interested investors should submit their bids at the company's central office located at Dillibazar, Kathmandu

Notice:

The existing promoters ofSwarojgar Laghubitta Bittiya SansthaLimited (SLBBL)are selling 42,495 units of promoter shares in an auction to the  general public/institutions.

42,495 units of promoter shares will be auctioned. Individual investors, companies, and institutions are all eligible to bid in an auction. Interested individuals are requested to bid for the auction within 35 days, i.e. 5th Bhadra, 2083, from this notice's publication date, i.e., 1st Shrawan, 2083.

Interested investors should submit their bids at the company's corporate office located at Banepa, Kavrepalanchowk.

Notice:"
20260717SS006,Sharesansar,ICRA Nepal Assigns ‘B+’ Issuer Rating to Sumeru Polymers,https://www.sharesansar.com/newsdetail/icra-nepal-assigns-b-issuer-rating-to-sumeru-polymers-2026-07-17,"Friday, July 17, 2026",2026-07-17 06:27:37,"ICRA Nepal Limited has assigned [ICRANP-IR] B+ issuer rating to Sumeru Polymers Limited, indicating a high risk of default in the timely servicing of financial obligations.

The rating reflects the general creditworthiness of the company and does not apply to any specific debt instrument. The ‘+’ or ‘–’ symbols indicate the relative position of an entity within its respective rating category."
20260717SS007,Sharesansar,29 Countries Sign Agreement to Establish World Artificial Intelligence Cooperation Organization,https://www.sharesansar.com/newsdetail/29-countries-sign-agreement-to-establish-world-artificial-intelligence-cooperation-organization-2026-07-17,"Friday, July 17, 2026",2026-07-17 06:27:38,"Representatives from 29 countries signed an agreement in Shanghai on Thursday to establish the World Artificial Intelligence Cooperation Organization, a new intergovernmental body aimed at strengthening international cooperation on artificial intelligence.

The agreement was signed on the sidelines of the 2026 World Artificial Intelligence Conference and the High-Level Meeting on Global AI Governance being held in China.

Under the agreement, the World Artificial Intelligence Cooperation Organization will operate as an independent intergovernmental international organization, with its headquarters in Shanghai.

Chinese Foreign Minister Wang Yi signed the agreement on behalf of the Chinese government, along with representatives from 29 countries, including Kazakhstan, Laos, Pakistan, Russia and Indonesia. The participating countries will serve as the founding members of the organization.

UN Secretary-General Antonio Guterres was among the representatives of countries and international organizations attending the signing ceremony.

According to the agreement, the organization will uphold the purposes and principles of the United Nations Charter and promote extensive consultation, joint contribution and shared benefits in the development and governance of artificial intelligence.

The organization will adopt a people-centred approach and work to strengthen international cooperation and global governance in the field of AI.

Its objectives include ensuring that artificial intelligence develops in a beneficial, safe and fair manner while promoting the healthy and orderly development of AI technologies for the benefit of humanity."
20260717SS008,Sharesansar,Trump Claims US Election Infrastructure Vulnerable to Foreign Adversaries,https://www.sharesansar.com/newsdetail/trump-claims-us-election-infrastructure-vulnerable-to-foreign-adversaries-2026-07-17,"Friday, July 17, 2026",2026-07-17 06:27:38,"US President Donald Trump on Thursday (local time) claimed that Russia, China, Iran, North Korea and non-state actors have the capability to compromise the country’s election infrastructure, citing newly declassified intelligence assessments while renewing his criticism of electronic voting machines and ballot-counting systems.

In a national address on election integrity, Trump said the third batch of documents released by his administration showed that US authorities had been aware of vulnerabilities in the country’s election infrastructure for years.

“Yet concealing China’s meddling was only the beginning. The third set of documents we are releasing proves that for many years, Americans were blatantly lied to about the security of our election infrastructure, including electronic voting machines and ballot-counting systems. They are vulnerable, and they are easily compromised,” Trump said.

Citing a US Intelligence Community assessment, Trump claimed that US adversaries, including Russia, China, Iran and North Korea, as well as non-state groups, possess the capability to compromise US election infrastructure.

He further said the assessment identified centralised election-related data repositories, including voter registration databases, pollbooks and official election websites, as particularly vulnerable to exploitation. According to the assessment, adversaries could potentially use access to such systems to disrupt election processes.

Describing the issue as “a cyber threat aimed at the very heart of our democracy,” Trump said the administration was releasing intelligence findings covering the period from January 2020 to June 2026.

The US President also claimed that the newly declassified documents included CIA reporting on an alleged plot by the Venezuelan government to digitally manipulate election results.

“Today, we are releasing documents that show the CIA obtained reporting of a specific plot by the Maduro regime in Venezuela to do exactly that—conspiring to digitally rig their own country’s elections in 2020,” Trump said.

According to Trump, the intelligence described methods allegedly developed to digitally alter vote totals in ways that could evade detection, including through audits.

He said the intelligence highlighted the need for urgent measures to ensure that US election systems could not be hacked or compromised.

The White House said the declassified intelligence community assessments and related reports were released to show that the US government had long been aware of vulnerabilities in electronic voting machines, ballot-counting systems and centralised election-related databases, including voter registration databases, pollbooks and official election websites.

The documents cover the period from January 2020 through June 2026."
20260717SS009,Sharesansar,India’s Power Secretary Inspects Progress of 900MW Arun-III Hydropower Project,https://www.sharesansar.com/newsdetail/indias-power-secretary-inspects-progress-of-900mw-arun-iii-hydropower-project-2026-07-17,"Friday, July 17, 2026",2026-07-17 06:27:39,"Secretary of India’s Ministry of Power Pankaj Agarwal visited Sankhuwasabha district on Thursday to inspect the ongoing construction of the 900-megawatt Arun-III Hydropower Project.

The project is being developed by India’s SJVN Arun-III Power Development Company.

During the visit, the Indian delegation inspected the ongoing construction of the powerhouse at Pukhuwa in Chichila Rural Municipality and the dam site at Phyaksinda in Makalu Rural Municipality.

The delegation reviewed the progress and implementation status of civil and electro-mechanical works, including the dam, intake system and other project infrastructure.

On the occasion, Secretary Agarwal expressed satisfaction with the rapid progress of the project and urged the concerned authorities to ensure its timely completion while prioritising quality, security protocols and environmental sustainability.

Indian Ambassador to Nepal Naveen Srivastava, Chairman of India’s Central Electricity Authority Ghanshyam Prasad and other Indian officials were also present during the inspection.

Pankaj Chaudhary, CEO of SJVN Arun-III Power Development Company, briefed the delegation on the company’s corporate social responsibility initiatives, including rehabilitation and resettlement programmes, community development activities and environmental protection measures."
20260717SS010,Sharesansar,National Hydro Power Company Reschedules It's 29th AGM to be Held on Shrawan  22,https://www.sharesansar.com/newsdetail/national-hydro-power-company-reschedules-its-29th-agm-to-be-held-on-shrawan-22-2026-07-17,"Friday, July 17, 2026",2026-07-17 06:27:40,"National Hydro Power Company Limited (NHPC)has officially announced a new date for its 29th Annual General Meeting (AGM), which had previously been postponed due to the lack of a quorum. The company had originally scheduled the meeting for Ashad 32, 2083, but it could not be held due to insufficient attendance.

Following this, the company has decided to reconvene the postponed AGM on a new date and same old location. The meeting will now take place on 22th Shrawan, 2083, at 08:30 AM, at Amritbhog Catering, Kalikasthan, Kathmandu.

The company has requested all shareholders to attend the reconvened meeting and participate in the proceedings. The agenda for the AGM will remain unchanged from the original schedule and will include discussions as per the predetermined items.

Notice:"
20260719SS001,Sharesansar,Department of Industry Approves 58 Billion in Foreign Investment,https://www.sharesansar.com/newsdetail/department-of-industry-approves-58-billion-in-foreign-investment-2026-07-19,"Sunday, July 19, 2026",2026-07-19 06:43:01,"Foreign investors are showing strong interest in Nepal, with the Department of Industry approving a total of 58.01 billion rupees in Foreign Direct Investment (FDI) commitments for the fiscal year 2082/83.

According to the department, this investment spans across 1,116 projects, which were processed through two different channels. The ""automatic route"" brought in 9.58 billion rupees for 897 projects, while the standard ""approval route"" cleared 48.41 billion rupees for 219 projects.

When looking at different industries, the Information Technology (IT) sector saw the highest number of entries, with 727 projects registered, totaling an investment commitment of 2.83 billion rupees. However, in terms of financial volume, the agriculture sector took the lead. A massive 23.18 billion rupees was committed to just 18 agricultural projects.

Other key sectors also drew significant investor interest. Tourism secured 13.99 billion rupees across 227 projects, the energy sector attracted 7.16 billion rupees for 4 projects, and manufacturing brought in 3.91 billion rupees for 63 projects. Department officials noted that these figures reflect a growing international confidence in Nepal’s diverse economic sectors, particularly in agriculture, tourism, and technology."
20260719SS002,Sharesansar,Ncell Launches ‘Shake and Win’ Campaign with Surprise Rewards on Ncell App,https://www.sharesansar.com/newsdetail/ncell-launches-shake-and-win-campaign-with-surprise-rewards-on-ncell-app-2026-07-19,"Sunday, July 19, 2026",2026-07-19 06:43:02,"Ncell has launched the ‘Shake and Win’ campaign to encourage customers to use its Ncell App more frequently. Customers can simply open the app and shake their phones once every 24 hours to unlock a new surprise reward at no cost.

Rewards include unlimited night data, unlimited access to popular social media platforms, discount coupons, data packs, and special offers on lifestyle products, travel, and adventure activities. The gamified campaign aims to increase customer engagement, promote Ncell’s digital services, and provide a more interactive and rewarding app experience."
20260719SS003,Sharesansar,ICT Award 2026 Opens Nominations in 16 Categories,https://www.sharesansar.com/newsdetail/ict-award-2026-opens-nominations-in-16-categories-2026-07-19,"Sunday, July 19, 2026",2026-07-19 06:43:02,"The online nomination process for the 11th edition of the ICT Award 2026 has officially opened from Shrawan 1, inviting applications from startups, innovators, IT professionals, government and private institutions, educational organizations, digital service providers, and technology companies from across South Asia.

Organized by Living with ICT, the ICT Award is widely recognized as one of Nepal’s largest and most prestigious awards in the information and communication technology sector. The awards recognize outstanding contributions in startups, technological innovation, digital transformation, AI, digital services, and individual achievements in the ICT sector.

The nomination process is open in 16 award categories, divided into four major groups:

The first group focuses on startups, products, youth innovation, and technology-based solutions addressing social and environmental challenges.

The second group recognizes individuals who have made significant contributions to Nepal’s ICT sector.

This group recognizes government bodies, educational institutions, and businesses that are using technology to improve services.

The international categories are open to technology companies and startups from Afghanistan, Bangladesh, Bhutan, India, Maldives, Nepal, Pakistan, and Sri Lanka.

In addition to the 16 categories, the Province Startup ICT Recognition 2026 will honor one outstanding technology startup from each of Nepal’s seven provinces.

The ICT Award 2026 will include more than 25 selection rounds, television programs, startup festivals, and dozens of pre-events over approximately six months before the Grand Finale. A panel of 20 national and international experts will serve on the jury, while an advisory committee comprising more than 15 respected figures from the government and private sector will also be formed.

The Grand Finale is scheduled for the first week of Poush and is expected to bring together more than 1,500 national and international participants. Nominations are open until August 31, and eligible individuals, companies, institutions, startups, and innovations can apply or be nominated by others. Applications are free of cost."
20260719SS004,Sharesansar,Wolf Offices Expands Co-Working Services with New Premium Workspace in Mandikhatar,https://www.sharesansar.com/newsdetail/wolf-offices-expands-co-working-services-with-new-premium-workspace-in-mandikhatar-2026-07-19,"Sunday, July 19, 2026",2026-07-19 06:43:02,"Wolf Offices has opened a new premium co-working space in Mandikhatar following its existing location in Baneshwor. The new facility can accommodate up to 60 people and is designed for startups, freelancers, remote workers, digital nomads, and businesses.

Alongside flexible workspaces, Wolf Offices offers virtual office services, member discounts through business partnerships, and is developing a platform to help users find workspaces in cafés, hotels, and other locations. The company aims to support Nepal’s growing startup ecosystem by providing accessible workspaces, business services, and networking opportunities."
20260719SS005,Sharesansar,"Gold Rises by Rs. 1900 Per Tola, Check Today's Trading Rate",https://www.sharesansar.com/newsdetail/gold-rises-by-rs-1900-per-tola-check-todays-trading-rate-2026-07-19,"Sunday, July 19, 2026",2026-07-19 06:43:02,"Gold prices have witnessed a moderate gain in the domestic market today, gaining by Rs. 1900 per tola to settle at Rs.284,000 per tola, up from the previous rate of Rs. 282,100 per tola.

TheFederation of Nepal Gold and Silver Dealers' Association (FENEGOSIDA)reported that Tejabi gold also increases moderately by Rs. 1900 per tola to reach Rs.283,300 per tola, compared to Rs. 281,400 per tola on the previous day.

Similiarly, silver prices move in the same direction, price rises by Rs. 40 per tola, bringing it to Rs.4,240 per tola from Rs. 4,200 per tola on the previous day."
20260719SS006,Sharesansar,Kamana Sewa Bikas Bank Posts 33.51% Jump in Net profit in Q4; EPS Climbs to Rs. 22.34,https://www.sharesansar.com/newsdetail/kamana-sewa-bikas-bank-posts-3351-jump-in-net-profit-in-q4-eps-climbs-to-rs-2234-2026-07-19,"Sunday, July 19, 2026",2026-07-19 06:43:03,"Kamana Sewa Bikas Bank Limited (KSBBL)has recently unveiled its unaudited financial statement for the Fourth quarter of the fiscal year 2082/83, showcasing a notable increment in net profit and Earnings Per Share (EPS).

KSBBL’s paid-up capital reached Rs. 4.21 arba, which includes Rs. 35 crores worth of 9% non-cumulative irredeemable preference shares. Excluding the preference shares, the bank’s core equity base stood at Rs. 3.86 arba.

In the Fourth quarter of the ongoing fiscal year, the bank achieved a net profit of Rs. 89.41 Crores, marking an 33.51% growth compared to the equivalent period in the previous fiscal year, during which the bank recorded a net profit of Rs. 66.97 Crores.

The rise was supported by an improvement in net interest income, which climbed by 3.98% to Rs. 2.41 arba compared to Rs. 2.31 arba in Q4 2081/82. The bank's operating profit surged 32.87% to Rs. 1.38 billion, primarily supported by a significant decline in impairment charges. Impairment charges for loans and advances declined by 67.34% to Rs. 13.65 croes from Rs.41.83 crores a year earlier.

Key financial ratios improved during the review period. Furthermore, the earnings per share (EPS) reached Rs. 22.34 during the review period. The price-earnings (P/E) ratio for the bank currently stands at 21.22 times, and the net worth per share is reported at Rs. 171.01 with the quarter-end market price standing at Rs. 474.

Report:"
20260719SS007,Sharesansar,Peugeot Motorcycles Nepal Hosts French-Themed Fine Dining Event for Customers,https://www.sharesansar.com/newsdetail/peugeot-motorcycles-nepal-hosts-french-themed-fine-dining-event-for-customers-2026-07-19,"Sunday, July 19, 2026",2026-07-19 06:43:03,"Peugeot Motorcycles Nepal, under the Agni Group, hosted “Soirée Française: A Night of French Elegance,” an exclusive French fine-dining event for its valued customers. The event celebrated French culture and the values of passion, resilience, excellence, and unity associated with both France and the Peugeot brand.

Guests enjoyed authentic French cuisine, Parisian-inspired décor, and networking in an intimate setting. The event also highlighted Peugeot’s French heritage and its commitment to creating unique lifestyle experiences and stronger relationships with customers in Nepal."
20260719SS008,Sharesansar,Garima Bikas Bank Launches Three New Digital Banking Services,https://www.sharesansar.com/newsdetail/garima-bikas-bank-launches-three-new-digital-banking-services-2026-07-19,"Sunday, July 19, 2026",2026-07-19 06:43:03,"Garima Bikas Bank Limited (GBBL) has launched three technology-driven services to mark the beginning of the new fiscal year 2083/84, aiming to expand digital banking and provide customers with more convenient, secure, and modern financial services.

The bank has introduced the Garima Prepaid Dollar Card, Garima POS Terminals, and Garima Interbank QR Teller as part of its digital ecosystem.

The Garima Prepaid Dollar Card will allow customers to make secure online payments in US dollars on international websites, mobile applications, and e-commerce platforms within the limits prescribed by Nepal Rastra Bank.

Similarly, the Garima POS Terminal service will enable businesses and merchants to accept secure and convenient digital payments through debit, credit, and prepaid cards, promoting cashless transactions and streamlining business operations.

Through the Garima Interbank QR Teller service, customers of other banks and financial institutions connected to the Fonepay network can scan the Garima Interbank QR using their mobile banking applications and withdraw cash from any branch of Garima Bikas Bank.

The bank said it will continue expanding technology-driven services in the coming days, with a focus on digital transformation and delivering secure, simple, fast, and quality banking services to its customers.

Garima Bikas Bank, which has received ISO 9001:2015 and ISO 27001:2022 certifications, currently serves around 900,000 customers through 126 branch offices, 51 ATMs, and its digital ecosystem across the country."
20260719SS009,Sharesansar,NEPSE Starts New Fiscal Year with Strong Momentum; Index Skyrockets By 79.74 Points,https://www.sharesansar.com/newsdetail/nepse-starts-new-fiscal-year-with-strong-momentum-index-skyrockets-by-7974-points-2026-07-17,"Friday, July 17, 2026",2026-07-19 06:43:03,"The Nepal Stock Exchange (NEPSE) recorded a gain on the First trading day of fiscal year 2083/84, gaining 79.74 points (3.06%) to close at 2,677.54. This follows a gain of 7.50 points in the previous trading session.

The benchmark index opened at 2599.43 and fluctuated between an intraday high of 2,677.64 and a low of 2,598.24 before settling at the close. Total turnover for the day amounted to Rs. 4.57 Arba, with 10,389,077 shares traded across 335 companies through 58,094 transactions. The total market capitalization stood at Rs. 46 Kharba, with a float market capitalization of Rs. 15.54 Kharba.

Ankhu Khola Jalvidhyut Company Ltd (AKJCL) topped the turnover chart, recording transactions worth Rs. 22.23 crores. The company’s stock closed at Rs. 363.00 .

Shreenagar Agritech Industries Limited (SAIL) Led the gainer's list with 15.00% each. The stock closed at Rs. 963.70 .

Meanwhile, Aatmanirbhar Laghubitta Bittiya Sanstha Limited (ANLB) recorded the Highest fall, falling by 15.00%, the last traded price of the company was Rs. 6,120.00.

Among sectors, Manufacturing And Processing registered the highest gain, gaining by 4.60%, while Mutual Fund recorded highest loss, losing by 0.29%.

Top Buyer Broker's Top 10 Bought Companies

Top Seller Broker's Top 10 Sold Companies"
20260719SS010,Sharesansar,Nepal Life Insurance Acquires Land in Birgunj for Rs. 33.77 Crores,https://www.sharesansar.com/newsdetail/nepal-life-insurance-acquires-land-in-birgunj-for-rs-3377-crores-2026-07-17,"Friday, July 17, 2026",2026-07-19 06:43:03,"Nepal Life Insurance Limited (NLIC)has purchased land belonging to Hotel Makalu Pvt. Ltd. in Birgunj Metropolitan City-4, Parsa, for business and office use.

The company has acquired 1,482 square meters of land in Ward No. 4 of Birgunj Metropolitan City, Parsa, from Hotel Makalu Pvt. Ltd. for a total consideration of Rs. 33.77 Crores, including registration and ownership transfer charges.

The acquisition, completed on Shrawan 32, 2083, comprises seven land parcels and is intended to support the company's business expansion by establishing office and commercial facilities."
20260720SS001,Sharesansar,Bajaj Motorcycles Now Available with 5-Year Financing Facility in Nepal,https://www.sharesansar.com/newsdetail/bajaj-motorcycles-now-available-with-5-year-financing-facility-in-nepal-2026-07-20,"Monday, July 20, 2026",2026-07-20 07:29:22,"HH Bajaj, the authorized distributor of Bajaj motorcycles in Nepal, has introduced a new financing scheme in partnership with Hulas Finserv Hire Purchase Limited (HFL) to make motorcycle ownership more affordable.

Under the scheme, customers can now get motorcycle loans for up to 5 years with an interest rate of 8.99%, reducing monthly EMI burdens.

The facility is available across Bajaj’s full motorcycle range, from the Platina 100 ES to the Dominar 400, and aims to support first-time buyers, professionals, and customers seeking affordable payment options.

The company said the initiative is a long-term financing solution designed to make Bajaj motorcycles more accessible through easier monthly installments."
20260720SS002,Sharesansar,Suman Acharya Assumes Office as a New CEO of Lumbini Bikas Bank,https://www.sharesansar.com/newsdetail/suman-acharya-assumes-office-as-a-new-ceo-of-lumbini-bikas-bank-2026-07-20,"Monday, July 20, 2026",2026-07-20 07:29:22,"Suman Acharya has officially assumed office as the Chief Executive Officer (CEO) of Lumbini Bikas Bank Limited from Shrawan 1, following his appointment by the bank's Board of Directors.

According to the bank, Acharya brings extensive experience in banking, business and risk management, having previously served in senior executive roles at various commercial banks. The bank expressed confidence that his leadership would further strengthen institutional and strategic development, good governance and sustainable banking practices.

After assuming office, Acharya expressed his commitment to achieving the bank's long-term goals, enhancing customer service, boosting employee morale, and reinforcing stakeholder's trust in the institution while taking it to new heights.

Lumbini Development Bank currently operates 89 branches and one extension counter across all seven provinces of Nepal."
20260720SS003,Sharesansar,Honda Nepal Launches Free Safety Recall Campaign for Older Car Models,https://www.sharesansar.com/newsdetail/honda-nepal-launches-free-safety-recall-campaign-for-older-car-models-2026-07-20,"Monday, July 20, 2026",2026-07-20 07:29:23,"Syakar Trading Company Pvt. Ltd., the authorized distributor of Honda cars in Nepal, has launched a free safety recall campaign to inspect and replace potentially defective SRS airbag inflators in affected Honda vehicles.

The campaign covers Honda models manufactured between 2001 and 2014, including the City, Civic, CR-V, Jazz, Insight, Stream, and Accord.

Customers can check their vehicle’s recall status through Honda’s official website and visit authorized service centers for inspection and necessary repairs at no cost.

The company has urged Honda owners to get their vehicles inspected promptly to ensure safety and avoid potential risks. Customers can contact Honda’s service center at Dhobighat, Lalitpur, for bookings and further details."
20260720SS004,Sharesansar,thee GO and Gham Power Partner to Develop Solar-Powered Battery Storage System for EV Charging,https://www.sharesansar.com/newsdetail/thee-go-and-gham-power-partner-to-develop-solar-powered-battery-storage-system-for-ev-charging-2026-07-20,"Monday, July 20, 2026",2026-07-20 07:29:24,"thee GO and Gham Power have signed a strategic term sheet to jointly develop a Solar-Powered Battery Energy Storage System (BESS) at thee GO’s ChargePoint in Itahari.

The project aims to combine solar power generation with advanced battery storage technology to provide cleaner and more reliable energy for electric vehicle (EV) charging.

The system will store surplus solar energy generated during the day and supply electricity during peak demand or low solar generation periods, reducing dependence on the national grid.

The initiative is expected to improve charging reliability, optimize energy use, reduce carbon emissions, and serve as a model for future renewable-powered EV charging stations across Nepal.

Both companies said the partnership supports Nepal’s transition toward clean energy and sustainable electric mobility. thee GO operates a nationwide EV charging network, while Gham Power brings expertise in solar and energy storage solutions."
20260720SS005,Sharesansar,Nepal Life Insurance Company Supports Residential Building for Visually Impaired Children Under CSR Initiative,https://www.sharesansar.com/newsdetail/nepal-life-insurance-company-supports-residential-building-for-visually-impaired-children-under-csr-initiative-2026-07-20,"Monday, July 20, 2026",2026-07-20 07:29:24,"Nepal Life Insurance Company Limited (NICL)has provided financial support under it's corporate social resposibility initiative to help complete a residential building for visually impaired children being constructed by the Trinetra Foundation through Kathmandu Round Table-1.

The newly constructed building will provide a safe, comfortable and nurturing living environment for up to 60 visually impaired children. It includes a hostel, classrooms, sanitation facilities, a Braille library, a music room and other essential residential amenities.

NLIC is a leading life insurance company in Nepal. Through responsible business practices and effective corporate social responsibility programs, the company has continued to contribute to Nepal's social and economic development alongside providing life insurance coverage. CEO Praveen Raman Parajuli said the company remains committed to creating a positive social impact through meaningful CSR initiatives."
20260720SS006,Sharesansar,PM Balen to Meet Share Market Stakeholders as Stock Market Slump Deepens,https://www.sharesansar.com/newsdetail/pm-balen-to-meet-share-market-stakeholders-as-stock-market-slump-deepens-2026-07-20,"Monday, July 20, 2026",2026-07-20 07:29:25,"Prime Minister Balendra Shah (Balen) is set to hold a high-level discussion with capital market stakeholders today as concerns continue to grow over the weakening sentiment in Nepal’s stock market.

The meeting, scheduled for 12:00 noon at the Office of the Prime Minister and Council of Ministers in Singha Durbar, aims to review the challenges facing the capital market and identify possible measures to improve investor confidence, according to the Prime Minister’s Secretariat.

The discussion comes after a sharp decline in the Nepal Stock Exchange (NEPSE), which recently dropped by around 380 points, wiping out nearly Rs 6 Kharba in market capitalization. Although the market showed a slight recovery on Friday, investors have remained concerned over prolonged weakness and uncertainty. Prime Minister Shah is expected to hear directly from regulators, market operators, and investors regarding the current market situation and possible reforms.

The meeting will bring together key figures from Nepal’s securities market, including Nepal Securities Board (SEBON) Chairman Gopal Bhatta, NEPSE Chairman Amrit Lamsal, Stock Broker Association of Nepal President Sagar Dhakal, NASA Securities representative Sandeep Jalan, former NEPSE CEO Sitaram Thapaliya, Nagarik Stock Dealer Company CEO Maheswar Lal Shrestha, broker operator Priyaraj Regmi, and investor Ambika Prasad Paudel.

During the meeting, participants are expected to discuss measures to make the securities market more transparent, stable, and investor-friendly. Recommendations on regulatory improvements, market management, and steps to strengthen investor confidence will also be presented to the Prime Minister.

The government is also expected to discuss broader economic issues and its role in supporting investment sentiment amid challenges in the financial sector. The meeting marks one of the first direct engagements between Prime Minister Shah and major capital market stakeholders following the recent decline in investor confidence."
20260720SS007,Sharesansar,Ridge Line Energy to Invest Rs 20 Crores in 440 MW Tila-1 Hydropower Project,https://www.sharesansar.com/newsdetail/ridge-line-energy-to-invest-rs-20-crores-in-440-mw-tila-1-hydropower-project-2026-07-20,"Monday, July 20, 2026",2026-07-20 07:29:25,"Ridge Line Energy to Invest Rs 20 Crores in 440 MW Tila-1 Hydropower Project

Ridge Line Energy Limited (RLEL) has announced key investment and asset management decisions following the 118th meeting of its Board of Directors held on Ashadh 3, 2083 BS.

The board approved a plan to invest Rs 20 crore in the promoter shares of SC Power Pvt. Ltd., the developer of the 440 MW Tila-1 Hydropower Project located on the Tila River in Kalikot District. The investment will be financed through proceeds raised from the issuance of rights shares by Ridge Line Energy.

In a separate decision, the board resolved to pledge and restrict the transfer or sale of 15 lakh shares of Kang Hydropower Company Limited, each with a face value of Rs 100, owned by Ridge Line Energy.

The shares, relating to the company promoted by Kang Hydropower Company Limited and located in Lalitpur-1, Kupondole, will be placed under a non-transferable lien at the Central Office of NMB Bank Limited in Kathmandu. The company disclosed both decisions through a regulatory notification."
20260720SS008,Sharesansar,Governor Poudel: Monetary Policy Introduced to Complement Government Budget Objectives,https://www.sharesansar.com/newsdetail/governor-poudel-monetary-policy-introduced-to-complement-government-budget-objectives-2026-07-20,"Monday, July 20, 2026",2026-07-20 07:29:26,"Nepal Rastra Bank (NRB) has introduced its monetary policy for the fiscal year 2083/84, specifically designed to align with and support the government’s annual budget and policy roadmap. Speaking at a policy discussion in Kathmandu, NRB Governor Prof. Dr. Bishwanath Poudel emphasized that central bank policy is meant to complement fiscal goals rather than overshadow them.

Addressing the gathering, Governor Poudel noted that public expectations surrounding the annual monetary policy have historically been unrealistically high compared to the federal budget. He clarified that the central bank cannot resolve every economic issue on its own, noting that broader public welfare concerns fall primarily under the government's scope. He also highlighted improved confidentiality during the drafting process, stating that unlike in past years, no information leaks occurred ahead of the official release.

Commenting on the announcement, former NRB Executive Director Nara Bahadur Thapa observed that this year's policy adopts a more targeted approach across three distinct sections rather than attempting to address all systemic challenges at once. While acknowledging that some expected broader relief, Thapa emphasized that routine annual debt restructuring is insufficient to foster long-term growth. He called on the central bank to take active steps toward corporate restructuring to help build sustainable entrepreneurship in the country."
20260720SS009,Sharesansar,"NRB Eases Mandatory National ID Requirement for Bank Accounts, Sets Compliance Deadline to Ashwin 2083",https://www.sharesansar.com/newsdetail/nrb-eases-mandatory-national-id-requirement-for-bank-accounts-sets-compliance-deadline-to-ashwin-2083-2026-07-20,"Monday, July 20, 2026",2026-07-20 07:29:26,"Nepal Rastra Bank (NRB) has significantly relaxed its policy on the mandatory use of the National Identity Card (NID) for banking services, introducing a more flexible framework aimed at reducing inconvenience for customers while maintaining financial security.

Under the revised directive, bank customers with accounts opened before Magh 1, 2080, are required to update their National ID details by the end of Ashwin 2083. Customers who fail to update their information by the deadline may have their accounts classified as unverified, which could result in restrictions on certain banking services and high-value transactions.

The central bank said the measure is intended to strengthen Know Your Customer (KYC) verification, enhance financial security, and reduce risks related to fraud, cybercrime, and money laundering.

The previous directive had drawn criticism after many customers, particularly those in rural areas, senior citizens, and people with disabilities, faced difficulties obtaining National ID cards, resulting in numerous accounts being frozen. In response, NRB has introduced a series of amendments designed to make compliance easier while ensuring uninterrupted access to banking services.

1. Self-Declaration Until Ashwin 2083: Customers now have until the end of Ashwin 2083 to declare whether they possess a National Identity Card. The declaration can be made through banks' mobile banking applications or other digital channels.

2. No Automatic Account Freeze: Banks are no longer allowed to freeze accounts solely because a customer does not yet have a National ID. Instead, financial institutions must send reminders every six months through mobile banking or other communication channels, encouraging customers to update their identity information.

3. Relief for Non-Resident Nepalis: Nepali citizens living abroad can now open bank accounts online without submitting a National Identity Card. They must, however, provide their NID details within 35 days of returning to Nepal.

4. Exemptions for Vulnerable Groups: The revised policy exempts the following groups from the National ID requirement:i. Individuals incapable of self-careii. Persons with disabilities and other helpless citizensiii. Children below the age of 16

The amendment marks a shift from strict enforcement toward a more practical and citizen-friendly approach, allowing customers to continue accessing banking services while completing the National ID registration process. The revised policy seeks to balance stronger financial compliance with greater accessibility for the public."
20260720SS010,Sharesansar,Vision Lumbini Urja Company Limited  to Invest Rs. 15 Crores in Upper Seti-1 Project,https://www.sharesansar.com/newsdetail/vision-lumbini-urja-company-limited-to-invest-rs-15-crores-in-upper-seti-1-project-2026-07-20,"Monday, July 20, 2026",2026-07-20 07:29:27,"Vision Lumbini Urja Company Limitedhas announced that its Board of Directors has approved an investment of Rs. 15 crores in Shrestha Energy Solution Pvt. Ltd. for the construction and development of the 13 MW Upper Seti-1 Hydropower Project.

The company stated that it had previously granted in-principle approval for the Upper Seti-1 project to be developed as a cascade project of its 25 MW Seti River Hydropower Project. In return for allowing the use of its infrastructure and other facilities, Seti River Hydropower has received Rs. 15 crores from Shrestha Energy Solution Pvt. Ltd.

The meeting of board of directors held on Shrawan 28, 2083, also resolved to invest the same amount in Shrestha Energy Solution Pvt. Ltd. to support the development of the Upper Seti-1 Hydropower Project."
20260721SS001,Sharesansar,Nepal Ausadhi Limited and Ministry of Health Agrees to Expan Domestic Medicine Production,https://www.sharesansar.com/newsdetail/nepal-ausadhi-limited-and-ministry-of-health-agrees-to-expan-domestic-medicine-production-2026-07-21,"Tuesday, July 21, 2026",2026-07-21 06:41:41,"The Ministry of Health and Food Safety and the Nepal Ausadhi Limited (NAL) have signed an agreement to expand domestic drug production. NAL is a government undertaking which produces medicines. As per the understanding, NAL will produce 36 types of essential medicines within the next two years. Currently, it is manufacturing 11 types of essential drugs. Even the medicines for chronic diseases such as high blood pressure and diabetes will be produced after the agreement.

The Ministry shared information that it would speed up necessary research and development, quality testing, production permits and technical preparations to materialize the plan. It will manage budget for the drug production and supply to the government health institutions. The agreement has paved way for institutional procurement of medicines- the government health facilities will buy drugs from NAL.

It will further make the government procurement more effective. The medicines produced by NAL will be ensured the national and international standards. The initiative is taken in order to advance the government's long-term goal of promoting the domestic pharmaceutical industry with self-reliance in medicines."
20260721SS002,Sharesansar,RSDC Laghubitta Posts 35.76% Profit Growth in Q4 FY 82/83 ; EPS Climbs to Rs. 13.37,https://www.sharesansar.com/newsdetail/rsdc-laghubitta-posts-3576-profit-growth-in-q4-fy-8283-eps-climbs-to-rs-1337-2026-07-21,"Tuesday, July 21, 2026",2026-07-21 06:41:41,"RSDC Laghubitta Bittiya Sanstha Limited (RSDC)has published its unaudited financial report for the Fourth quarter of the fiscal year 2082/83, revealing a remarkable 35.76% growth in net profit. The company recorded a net profit of Rs. 13.82 crore in the quarter, compared to Rs. 10.18 crore in the same period last fiscal year.

The company’s net interest income decreased by 14.36% to Rs. 19.15 crore from Rs. 22.36 crore in the same quarter last year. Loans and advances stood at Rs. 4.24 Arba, a substantial decline of 32.33%, while borrowings also declined by 38.23% to Rs. 4.20 Arba. Its paid-up capital stood at Rs. 1.03 Arba. Likewise, reserves rose by 13.10% to Rs. 20.71 crore.

However, RSDC Laghubitta Bittiya Sanstha Limited's operating profit surged by 33.68% to Rs. 19.64 crore. Personnel expenses increased by 9.52%, amounting to Rs. 4.31 crore during the review period. Likewise, retained earnings increased by 36.82% to Rs. 11.41 crore.

The company reported a reversal of Rs. 5.58 crore on loans and advances during the review period. The company’s Earnings Per Share (EPS) for the period stood at Rs. 13.37, an increase from Rs. 9.85 recorded in Q4 2081/82. The net worth per share stood at Rs. 131.07. The company’s Price-to-Earnings (P/E) ratio at the end of the quarter was 48.61 times, based on a market price of Rs. 649.8 per share.

Report:"
20260721SS003,Sharesansar,Prime Minister Balendra Shah to Hold Discussions with Garment Industry Leaders,https://www.sharesansar.com/newsdetail/prime-minister-balendra-shah-to-hold-discussions-with-garment-industry-leaders-2026-07-21,"Tuesday, July 21, 2026",2026-07-21 06:41:42,"Prime Minister Balendra Shah is set to hold a high level meeting with key officials of the Garment Association Nepal (GAN) at the Office of the Prime Minister and Council of Ministers in Singha Durbar.

According to the Prime Minister's Secretariat, the association's delegation will be led by President Pashupati Dev Pandey, along with First Vice-President Basanta Raj Adhikari, General Secretary Bhim Kumari Giri, Chief Executive Officer Suyash Khanal, and Technical Advisor Prakash Kumar Jha.

The upcoming dialogue will focus primarily on evaluating the current landscape of Nepal's ready-made garment industry, addressing key hurdles faced by local manufacturers, promoting domestic production and exports, generating employment, and fostering the overall growth of the sector.

This interaction comes as part of Prime Minister Shah’s broader initiative to maintain ongoing dialogue with private sector representatives, business leaders, and industrial stakeholders. Through these regular consultations, the government aims to identify structural problems, gather feedback for policy reforms, and issue directives for swift implementation.

Yesterday PM Shah met with stock market investor which create positive impact on the market and NEPSE surges by double digit."
20260721SS004,Sharesansar,Gold Price Surges by Rs. 1000 Today; Check Today's Updated Rate,https://www.sharesansar.com/newsdetail/gold-price-surges-by-rs-1000-today-check-todays-updated-rate-2026-07-21,"Tuesday, July 21, 2026",2026-07-21 06:41:42,"Gold prices have witnessed a moderate gain in the domestic market today, gaining by Rs. 1000 per tola to settle at Rs.285,600 per tola, up from the previous rate of Rs. 284,600 per tola.

TheFederation of Nepal Gold and Silver Dealers' Association (FENEGOSIDA)reported that Tejabi gold also increases moderately by Rs. 1000 per tola to reach Rs.284,900 per tola, compared to Rs. 283,900 per tola on the previous day.

Similiarly, silver prices move in the same direction, price rises by Rs. 50 per tola, bringing it to Rs. 4,370 per tola from Rs. 4,320 per tola on the previous day."
20260721SS005,Sharesansar,"MetLife Foundation Grants $120,000 to WWF Nepal for Climate Resilience and Sustainable Livelihoods in Bardiya",https://www.sharesansar.com/newsdetail/metlife-foundation-grants-120000-to-wwf-nepal-for-climate-resilience-and-sustainable-livelihoods-in-bardiya-2026-07-21,"Tuesday, July 21, 2026",2026-07-21 06:41:42,"MetLife Foundation has awarded a US$120,000 grant to WWF Nepal to implement the one-year JEEWAN (Joint Efforts for Ecosystem, Wellbeing and Alternative Livelihoods of Local Communities Based on Nature) project in Rajapur Municipality, Bardiya.

The initiative will support around 140 low-income households from marginalized Sonaha and Tharu communities affected by floods, riverbank erosion, and declining fish populations along the Lower Karnali River basin.

The project will introduce nature-based solutions such as bio-dykes, green belts, and stream restoration to reduce flood risks and protect agricultural land and settlements.

It will also promote sustainable livelihood opportunities through homestay-based eco-tourism, livestock and poultry activities, improved market access, and financial literacy and small business management training supported by MetLife volunteers. The initiative aims to reduce pressure on declining fish stocks while helping conserve the Karnali River’s biodiversity, including endangered river dolphins and gharials."
20260721SS006,Sharesansar,"LS Capital Limited To Issue Rs. 3 Arba Worth ""7% Laxmi Sunrise Debenture 2092"" from Shrawan 14",https://www.sharesansar.com/newsdetail/ls-capital-limited-to-issue-rs-3-arba-worth-7-laxmi-sunrise-debenture-2092-from-shrawan-14-2026-07-21,"Tuesday, July 21, 2026",2026-07-21 06:41:42,"Laxmi Sunrise Bank Limited has published an offer letter to issue 30 lakh units of""10 yrs, 7% Laxmi Sunrise Debenture 2092""to the general public.

The debenture with a maturity period of 10 years and a coupon rate of 7% will be open for application from 14th Shrawan to 19th Shrawan, 2083. If the issue isn't fully subscribed, the deadline can be extended to Shrawan 28, 2083.

30,00,000 lakhs units will be issued at a par value of Rs. 1000 per unit. Out of the total units being issued 60% i.e. 18 lakh units, the total issue will be subscribed via private placement while the remaining 40% i.e. 12 lakh units worth Rs. 1.20 Arba will be issued to the general public and institutions.

Machapuchhre Capital Limited is the issue manager. Investors can apply for a minimum of 25 units and a maximum of whole units.

Offer Letter:"
20260721SS007,Sharesansar,Govt Launches Lottery Scheme: Win NPR 1 Lakh to NPR 10 Lakh for Demanding Bills,https://www.sharesansar.com/newsdetail/govt-launches-lottery-scheme-win-npr-1-lakh-to-npr-10-lakh-for-demanding-bills-2026-07-21,"Tuesday, July 21, 2026",2026-07-21 06:41:43,"The Government of Nepal has introduced a new incentive program aimed at encouraging consumers to demand tax invoices whenever they purchase goods or services. Under the newly issued ""Taxpayer Incentive Gift Scheme Guidelines, 2083,"" shoppers who ask for bills can now participate in a lottery offering cash prizes ranging from NPR 133,034 to NPR 10 Lakhs.

To promote a tax compliant shopping culture, the Inland Revenue Department will run daily and bi-weekly reward draws. Daily winners stand a chance to win NPR 133,034, while bumper prize winners can receive up to NPR 1 million.

Tax Deduction and Payout Process

In accordance with Section 88A of the Income Tax Act, 2058, a 25% windfall tax will be deducted from the prize amount. The Inland Revenue Department will deposit the net cash reward directly into the winner's bank account within 10 days once all required documents are verified.

Unclaimed Prizes

If a winner fails to claim their cash reward within the specified timeframe, the guidelines state that the full prize amount will be transferred to the Prime Minister Disaster Relief Fund.

Both digital and traditional paper bill receipts are eligible for the program. Consumers can enter the lottery by registering their bill details on the official Inland Revenue Department system after completing a purchase. Government officials hope this campaign will curb tax evasion by making invoice requests a regular habit among consumers across the country."
20260721SS008,Sharesansar,Laxmi Commercial Vehicles Launches HIROI BS6 School Bus in Surkhet,https://www.sharesansar.com/newsdetail/laxmi-commercial-vehicles-launches-hiroi-bs6-school-bus-in-surkhet-2026-07-21,"Tuesday, July 21, 2026",2026-07-21 06:41:43,"Laxmi Commercial Vehicles Pvt. Ltd., the sole distributor of SML Mahindra in Nepal, has launched the HIROI BS6 School Bus during a Customer Meet held in Surkhet. The event brought together school operators, transport entrepreneurs, fleet owners, business professionals, and customers.

The bus was jointly unveiled by Suman Nagpal, Country Manager for Nepal at SML Mahindra Limited, and Sanjay Khadka, Sales & After-Sales Head of Laxmi Commercial Vehicles. Available in 36- to 56-seat variants, the HIROI School Bus complies with Nepal’s government standards for school transportation.

Built on BS6 Phase-II (OBD-II) emission standards, the bus features advanced safety and performance technologies, including Electronic Stability Control, Hill Start Assist, EHCU, a Multi-Information Meter Cluster, Gear Coaching System, and Power & Economy Driving Modes. The company says the bus also offers comfortable seating, advanced suspension, fuel efficiency, and lower operating and maintenance costs.

The Customer Meet also provided an opportunity for Laxmi Commercial Vehicles to engage with customers and business partners on after-sales services, genuine spare parts, technical support, and future plans. The company reaffirmed its commitment to providing safe, reliable, and innovative commercial mobility solutions for Nepal’s transportation sector."
20260721SS009,Sharesansar,Machhapuchchhre Bank  Strengthens Leadership with Two Key Executive Promotions,https://www.sharesansar.com/newsdetail/machhapuchchhre-bank-strengthens-leadership-with-two-key-executive-promotions-2026-07-21,"Tuesday, July 21, 2026",2026-07-21 06:41:43,"Machhapuchchhre Bank Limited has promoted Prasiddha Raj Aryal to the position of Senior Deputy Chief Executive Officer  and Subash Jamarkattel to Deputy Chief Executive Officer .The decision was made by the bank's board of directors at its meeting held on Shrawan 4, 2083.

Aryal brings over two decades of banking experience in credit, treasury, correspondent banking, branch operations, and microfinance. He holds a Master's degree in Business Administration from Kathmandu University and has previously served at Civil Bank, Sunrise Bank, and Nepal Investment Bank.

Jamarkattel, a Chartered Accountant, has extensive expertise in banking and finance. He is a Chartered Accountant from the Institute of Chartered Accountants of India (ICAI), holds bachelor's degrees in Management and Law from Tribhuvan University, and a Professional Master's degree in Banking and Finance from the Asian Institute of Technology (AIT), Thailand.

The bank said both executives are seasoned professionals with notable contributions to Nepal's banking sector."
20260721SS010,Sharesansar,Kamana Sewa Bikas Bank: A Nine - Year Financial Performance Review (Q4 2074/75 to Q4 2082/83),https://www.sharesansar.com/newsdetail/kamana-sewa-bikas-bank-a-nine-year-financial-performance-review-q4-207475-to-q4-208283-2026-07-20,"Monday, July 20, 2026",2026-07-21 06:41:43,"Background of Kamana Sewa Bikas Bank (KSBBL)

Kamana Sewa Bikas Bank (KSBBL) was formed after the merger of the former Kamana Bikas Bank Ltd. and Sewa Bikas Bank Ltd. Both banks passed the merger agenda through their Special General Meetings (SGMs) held on Jestha 25, 2074. At that time, Sewa Bikas Bank's paid-up capital stood at Rs. 94.18 crore, while Kamana Bikas Bank's paid-up capital was Rs. 80.43 crore. Following the merger at a share swap ratio of 1:1, the newly established Kamana Sewa Bikas Bank had a paid-up capital of Rs. 1.74 arba and commenced joint operations on Srawan 20, 2074. The bank subsequently achieved the regulatory paid-up capital requirement for a national-level development bank by issuing right shares and distributing stock dividends.

Afterward, the bank emerged as a competitive national-level development bank. Currently, the bank is serving the nation through 123 branches by employing around 1,000 staff (as of the Annual Report 2081/82, the number of staff stood at 988) nationwide. As of Q4 2082/83, the bank's total assets stood at Rs. 75.63 billion, while total equity stood at Rs. 6.95 billion.

How did two small banks, Kamana Bikas Bank and Sewa Bikas Bank, established in two different cities Pokhara and Butwal, respectively and whose existence was once considered doubtful, become a national-level player in their own class? Let's look at the ups and downs in their financial performance during this nine-year journey (Q4 2074/75 to Q4 2082/83).

Balance Sheet Analysis

Assets

The overall asset size of KSBBL has increased by 3.80 times, from Rs. 19.85 billion to Rs. 75.63 billion. The proportion of Loans and Advances to Customers increased from 67.71% in the base year to 71.67% in Q4 2082/83. Below are the major asset indicators over the review period.

1.Cash and Cash Equivalents

Cash and cash equivalents declined from Rs. 5.39 billion to Rs. 1.49 billion. Holding cash and cash equivalents above the regulatory requirement is generally not considered efficient for banks. In this regard, KSBBL has done a good job by optimizing its liquidity position.

2.Loans and Advances to Customers

The bank has successfully expanded its core lending business. Loans and advances increased by 4.03 times, from Rs. 13.44 billion as of Q4 2074/75 to Rs. 54.21 billion by Q4 2082/83. Over the nine-year period, the bank achieved remarkable growth in business expansion.

3.Property and Equipment

Property and Equipment initially stood at Rs. 28.54 crore and showed an increasing trend, reaching Rs. 1.13 billion at its peak. As of Q4 2082/83, it stood at Rs. 82.63 crore. This category may also include certain non-banking properties.

4.Total Assets

Total assets increased rapidly during the initial years. Although the growth rate slowed in recent years, assets continued to grow steadily. Overall, KSBBL's asset base expanded by 3.80 times, increasing from Rs. 19.85 billion in Q4 2074/75 to Rs. 75.63 billion in Q4 2082/83.

Liabilities

Total liabilities (excluding equity) stood at Rs. 16.62 billion in Q4 2074/75. They increased by 4.13 times, reaching Rs. 68.68 billion by Q4 2082/83. Deposits from customers, the bank's core liability, grew at an average annual rate of 20.74%, increasing from Rs. 15.75 billion to Rs. 66.17 billion. Meanwhile, total liabilities and equity combined increased from Rs. 19.85 billion to Rs. 75.63 billion. The major liability trends are discussed below.

1.Deposits from Customers

Deposits from customers increased at an average annual rate of 20.74%. Within total liabilities (excluding equity), deposits accounted for 94.72% in Q4 2074/75, increasing to 96.53% by Q4 2082/83. This indicates that the bank remains highly dependent on customer deposits and may need to diversify its funding sources by utilizing other financial instruments.

2.Other Liabilities

Other liabilities fluctuated throughout the review period. From Q4 2074/75 to Q4 2082/83, they increased marginally from Rs. 87.78 crore to Rs. 90.41 crore. This category reached its highest level of Rs. 1.12 billion in Q4 2080/81.

3.Total Liabilities

Total liabilities followed a pattern similar to customer deposits, recording an average annual growth rate of 20.56%. Since deposits constitute the largest portion of liabilities, total liabilities closely tracked deposit growth.

4.Equity Analysis

Total equity of KSBBL increased at a median annual growth rate of 11.98%. During the same period, share capital grew at a median annual rate of 4.40%, while reserves increased at a median annual rate of 19.94%.

Profit and Loss Analysis

1.Interest Income and Expenses

Interest income and interest expense represent the bank's core revenue-generating activities and the cost of funding those assets, respectively. Interest income declined after reaching its peak of Rs. 7.34 billion in Q4 2079/80. Thereafter, both interest income and interest expense decreased steadily. By Q4 2082/83, interest income had fallen to Rs. 5.19 billion.

Notably, during the declining interest rate environment, KSBBL reduced its funding costs more rapidly than its lending yields. On the positive side, net interest income continued to increase. Although the interest spread rate narrowed, the bank appeared to have successfully expanded its lending business.

2.Net Fees and Commission Income

Another positive aspect of KSBBL is the steady growth in its net fees and commission income. It increased from Rs. 1.5 crore in Q4 2074/75 to Rs. 37.37 crore in Q4 2082/83, representing an increase of approximately 25 times.

3.Operating Profit and Net Profit

Operating profit reflects the bank's profitability before taxation and provisioning, while net profit represents earnings attributable to shareholders.

KSBBL recorded its highest-ever net profit of Rs. 894.17 million in Q4 2082/83. Overall, the bank has maintained a steady growth trend in net profits.

4.Expenses

Interest expense remains the bank's largest expense and is considered the primary direct cost in the banking industry. This expense has shown a declining trend. However, persistently lower interest expenses may make it more challenging for the bank to retain depositors' funds. Other operating expenses have remained at a moderate level.

Trends in Key Performance Indicators

Earnings Metrics

Earnings Per Share (EPS)

The bank's Earnings Per Share (EPS) has experienced considerable volatility over the past nine fiscal years, reflecting changes in profitability and the overall operating environment.

EPS remained relatively stable around Rs. 13 during FY2074/75 and FY2075/76. A sharp decline to Rs. 2.16 in FY2076/77 represents the weakest earnings performance during the review period.

The bank recorded an impressive recovery in FY2077/78, with EPS rising to Rs. 26.40, the highest level in the series. Earnings moderated over the following two years before recovering again.

Q4 2082/83 closed with EPS of Rs. 22.34, indicating that profitability has substantially improved compared to the post-pandemic years, although it remains below the peak achieved in 2077/78.

Overall, the long - term trend suggests that the bank has successfully restored profitability after a severe earnings shock.

Efficiency Measures

Return on Equity (RoE)

RoE broadly mirrors the movement in EPS. The ratio declined sharply to 1.79% during Q4 2076/77 due to weak profitability. It rebounded strongly to 17.77% in Q4 2077/78, demonstrating efficient utilization of shareholders' capital. Since then, RoE has remained within the 9–13% range.

FY2082/83 recorded 13.06%, reflecting improved earnings generation from shareholders' equity. Although current returns remain below the peak level, the bank has restored a healthy profitability profile.

Return on Assets (RoA)

RoA followed a similar trajectory. It declined from 1.73% to only 0.15% in FY2076/77. The ratio recovered steadily afterward. FY2082/83 recorded 1.18%, the highest level in the last five years. This indicates improving efficiency in utilizing total assets to generate profits.

Valuation Multiples

Price-to-Earnings (P/E) Ratio

The exceptionally high 67.17 times P/E in Q4 2076/77 was primarily driven by the collapse in earnings rather than an extraordinary increase in market price. As profitability recovered, the valuation normalized.

Over the last five years, the P/E ratio has fluctuated between 17 and 28 times, suggesting relatively stable market valuation.

Price-to-Book (P/B) Ratio

The P/B ratio remained close to 1.2 times before Q4 2077/78. A sharp increase to 3.90 times indicates a substantial rise in market valuation during Q4 2077/78. Since then, the ratio has stabilized between 2.2 and 3.0 times.

Q4 2082/83 recorded 2.77 times, suggesting the market continues to value the bank well above its book value, reflecting positive investor expectations.

Health Indicators

Capital Fund to Risk-Weighted Assets declined from 23.65% in Q4 2074/75 to 12.26% in Q4 2079/80 due to business expansion. It subsequently improved to 14.16% in Q4 2082/83.

The NPL ratio has shown a consistent upward trend over the review period. It increased from 0.69% to 3.77%, indicating gradual deterioration in loan quality. Although the current level remains manageable, continued growth in impaired loans warrants closer monitoring.

The cost of funds declined significantly from 9.25% to 3.69%, reflecting easing interest rates and lower deposit costs. Similarly, Base Rate declined from 12.58% to 5.53%.

Interest Spread narrowed from 5.22% to 3.98%, indicating increasing competition and pressure on lending margins.

Dividend History

The bank's dividend history demonstrates that shareholder returns have closely followed its earnings performance.

Dividend payouts weakened significantly during periods of lower profitability, particularly in FY2076/77 and FY2079/80. However, the strong recovery in dividends over the last two fiscal years, supported by rising distributable profits and improving earnings, indicates an enhanced capacity to reward shareholders.

Note:This article provides an analysis of KSBBL's financial report only and does not attempt to draw any conclusions or make any investment decision making judgments."
20260722SS001,Sharesansar,Synergy Power Development Halts Power Generation Operations Following Flood Damage,https://www.sharesansar.com/newsdetail/synergy-power-development-halts-power-generation-operations-following-flood-damage-2026-07-22,"Wednesday, July 22, 2026",2026-07-22 06:42:31,"Synergy Power Development Limited (SPDL)Limited has temporarily suspended electricity production at it's 10 MW Sipring Khola Hydropower Project after heavy rainfall triggered floods on shrawan 05, caused damage to multiple structures in the project’s headworks area.

The company reported that a flood and landslide have caused extensive damage to most of the project's headworks structures, according to preliminary assessments.

The company said the information is based on an initial assessment and that a detailed evaluation of the damage, along with the estimated financial impact and timeline for restoration, will be disclosed once further inspections are completed."
20260722SS002,Sharesansar,PM Balendra Shah Calls Ministerial Meeting Today; Meeting to Begin at 3 PM,https://www.sharesansar.com/newsdetail/pm-balendra-shah-calls-ministerial-meeting-today-meeting-to-begin-at-3-pm-2026-07-22,"Wednesday, July 22, 2026",2026-07-22 06:42:31,"Prime Minister Balendra (Balen) Shah has summoned a meeting of the Council of Ministers for 3:00 PM today.

The session is scheduled to be held at the Prime Minister’s Office in Singha Durbar, where the cabinet is expected to deliberate on a range of ministerial proposals and pressing contemporary issues. Beyond regular administrative business, the discussion will likely to focus on key national agendas and strategic government decisions."
20260722SS003,Sharesansar,Jagdamba Motors Expands Proton EV Network with Four New Showrooms Across Nepal,https://www.sharesansar.com/newsdetail/jagdamba-motors-expands-proton-ev-network-with-four-new-showrooms-across-nepal-2026-07-22,"Wednesday, July 22, 2026",2026-07-22 06:42:31,"Jagdamba Motors, the official distributor of Proton vehicles in Nepal, is expanding its nationwide network with four new showrooms and service centres following the launch of the Proton e.MAS 5 compact electric SUV.

The company has inaugurated a new state-of-the-art facility in Radhe-Radhe, Bhaktapur, while three more outlets in Birgunj, Janakpur and Nepalgunj are set to open next week. The expansion will increase Proton’s reach beyond its existing seven locations and support the company’s ambition to become a leading customer-focused EV brand in Nepal."
20260722SS004,Sharesansar,Shangrila Development Bank Reports 88.99 Crores Net Profit in Q4;  Net Interest Income Surges By 7.45%,https://www.sharesansar.com/newsdetail/shangrila-development-bank-reports-8899-crores-net-profit-in-q4-net-interest-income-surges-by-745-2026-07-22,"Wednesday, July 22, 2026",2026-07-22 06:42:31,"Shangrila Development Bank Limited (SADBL)has reported a strong financial performance for the fourth quarter of the fiscal year 2082/83, with net profit surging by 46.69% to Rs. 88.99 crore, up from Rs. 60.66 crore in the corresponding period of the previous fiscal year.

The bank's net interest income increased by 16.83% to Rs. 2.42 arba, reflecting improved core banking operations. Meanwhile, operating profit stood at Rs. 1.35 arba, a significant jump from Rs. 88.44 crore in the corresponding period last year.

One of the major contributors to the earnings growth was the sharp decline in impairment charges, which drops by 73.55% to Rs. 9.13 crore from Rs. 34.54 crore. However, personnel expenses rose 34.48% to Rs. 1 arba, indicating higher operating costs during the year. Deposits reached Rs. 56.92 arba, rising by 4.12%, while loans and advances climbed by 7.12% to Rs. 45.87 arba.

In terms of key financial indicators, the bank’s Non-Performing Loan (NPL) ratio stood at 6.87%. The bank’s capital adequacy ratio stood at 14.63%, up from 14.39% last year and the cost of funds decreased to 3.54% from 5.01%.

Earnings per share (EPS) surged to Rs. 23.83 from just Rs. 17.06 last year, while net worth per share increased by 7.11% to Rs.169.50. The bank’s quarter-end market price was Rs. 404, with a price-to-earnings (P/E) ratio of 16.95 times.

Q4 Report:

Major Financial Highlights:"
20260722SS005,Sharesansar,Gold Price Spikes by Rs. 5100 Per Tola; Check Today's Trading Rate,https://www.sharesansar.com/newsdetail/gold-price-spikes-by-rs-5100-per-tola-check-todays-trading-rate-2026-07-22,"Wednesday, July 22, 2026",2026-07-22 06:42:32,"Gold prices have witnessed a sharp gain in the domestic market today, gaining by Rs. 5400 per tola to settle at Rs. 291,000 per tola, up from the previous rate of Rs. 285,600 per tola.

TheFederation of Nepal Gold and Silver Dealers' Association (FENEGOSIDA)reported that Tejabi gold also increases sharply by Rs. 5400 per tola to reach Rs. 290,300 per tola, compared to Rs. 284,900 per tola on the previous day.

Similiarly, silver prices move in the same direction, price rises by Rs. 110 per tola, bringing it to Rs.4,480 per tola from Rs. 4,370 per tola on the previous day."
20260722SS006,Sharesansar,Mechi Customs Office Collects Rs 17.67 Billion Revenue in FY 2082/83,https://www.sharesansar.com/newsdetail/mechi-customs-office-collects-rs-1767-billion-revenue-in-fy-208283-2026-07-22,"Wednesday, July 22, 2026",2026-07-22 06:42:32,"The Mechi Customs Office in Jhapa collected Rs 17.67 billion in revenue during the last fiscal year 2082/83 BS, marking an 11% increase compared to the previous fiscal year.

The customs office collected Rs 1.74 billion more in revenue than in FY 2081/82, when its collection stood at Rs 15.93 billion.

Despite the growth in revenue collection, the office fell short of its annual target. The government had set a revenue collection target of Rs 18.87 billion for the office in FY 2082/83. The office achieved around 93% of its target, according to the Mechi Customs Office.

Major goods imported through the Mechi Customs point include petroleum products, garments, chemical substances and industrial materials.

Meanwhile, key exports from eastern Nepal through the customs point include agricultural products such as tea, ginger and broom grass."
20260722SS007,Sharesansar,Nepal Rastra Bank to Collect Rs 100 Billion from Market to Manage Excess Liquidity,https://www.sharesansar.com/newsdetail/nepal-rastra-bank-to-collect-rs-100-billion-from-market-to-manage-excess-liquidity-2026-07-22,"Wednesday, July 22, 2026",2026-07-22 06:42:32,"Nepal Rastra Bank (NRB) is set to collect Rs 100 billion in deposits from the market today as part of its efforts to manage excess liquidity in the banking system.

The central bank’s Monetary Management Department has invited bids to collect Rs 100 billion through a deposit collection instrument for a maturity period of 83 days.

The bidding process will be conducted through the Online Bidding System Software until 3:00 p.m. today, with the deposit collection instrument also scheduled to be issued today.

The interest rate on the deposit collection instrument will be determined through the bidding process. The principal and interest will be repaid on Ashwin 27, 2083 BS.

Participants can submit bids starting from a minimum of Rs 100 million up to the total amount called by the central bank. A single participant may submit multiple bids at different interest rates.

Only Class ‘A’, ‘B’ and ‘C’ banks and financial institutions licensed by Nepal Rastra Bank are eligible to participate in the bidding process. Applicants must specify the amount they wish to deposit and the interest rate, with rates quoted up to four decimal places.

According to the central bank, bids will be accepted starting with the lowest interest rate until the total amount called for is allocated. If demand exceeds the available amount at the same interest rate, the allocation will be made on a pro-rata basis. The Open Market Operations Committee has the authority to accept or reject bids, either fully or partially.

The deposit collection instrument will be counted as part of the banks’ investment portfolio. While the amount collected through the instrument cannot be counted toward the Cash Reserve Ratio (CRR), it can be counted toward the Statutory Liquidity Ratio (SLR) and liquidity ratio.

The central bank has also clarified that the instrument will not have a pre-maturity payment facility."
20260722SS008,Sharesansar,Buddha Bhumi Nepal Hydro Power to Invest in 64 MW Hydropower Projects,https://www.sharesansar.com/newsdetail/buddha-bhumi-nepal-hydro-power-to-invest-in-64-mw-hydropower-projects-2026-07-22,"Wednesday, July 22, 2026",2026-07-22 06:42:32,"Buddha Bhumi Nepal Hydro Power Company Limited (BNHC)has decided to invest in two hydropower projects with a combined capacity of 64 MW while maintaining a 51% ownership stake.

The company’s Board of Directors made the decision at its meeting held at 3:00 p.m. on Shrawan 5, 2083 BS.

Under the decision, Buddha Bhumi Nepal Hydro Power will invest in the 43 MW Upper Nyasem Hydropower Project and the 21 MW Upper Nyasem Khola-A Hydropower Project, which are associated with Sindhujwala Hydropower Ltd.

Following the investment, Buddha Bhumi Nepal Hydro Power will hold a 51% shareholding in the combined 64 MW hydropower projects.

The company informed the concerned authorities about the decision through an official disclosure."
20260722SS009,Sharesansar,"Trump Orders 50% Tariffs on Canadian Goods, Raising Fears of Trade Escalation",https://www.sharesansar.com/newsdetail/trump-orders-50-tariffs-on-canadian-goods-raising-fears-of-trade-escalation-2026-07-21,"Tuesday, July 21, 2026",2026-07-22 06:42:33,"US President Donald Trump on Monday signed orders imposing new 50-percent tariffs on a wide range of Canadian goods, accusing Ottawa of “discriminatory treatment” against American alcohol, automobiles and dairy products.

The tariffs are set to take effect in 30 days and will cover products including wine, hockey sticks and cement, according to the White House.

Trump, whose several tariff measures were struck down by the US Supreme Court this year, has invoked an untested provision of the 1930 Tariff Act, Section 338, to impose the new duties.

The latest tariffs will exclude energy, potash and goods already subject to sector-specific duties. However, they will also apply to products covered by the United States-Mexico-Canada Agreement (USMCA), potentially putting further pressure on the North American trade relationship.

In response, Canadian Prime Minister Mark Carney said Ottawa was prepared to “intensify” negotiations with Washington and had already presented proposals to resolve disputes and modernize the USMCA.

“This is the latest in a series of unilateral US trade actions that began with the US imposing a series of tariffs in direct violation of the Canada-United States-Mexico Agreement,” Carney said.

“Canada, as is its right, has merely matched those measures,” he added.

The announcement has also raised concerns among businesses over the possibility of further retaliation and an escalating trade dispute.

Since returning to the presidency last year, Trump has imposed tariffs on several US trading partners. However, previous measures often exempted goods entering the United States under the USMCA.

The latest decision could further strain relations with Canada, the United States’ second-largest trading partner. It comes just days after Trump threatened to impose additional tariffs on Canada over wildfire smoke that had drifted into the United States.

The White House said Canada was one of two countries, along with China, that had retaliated against Trump's sweeping tariffs imposed since 2025.

Washington also criticized Canada's decision to remove US alcohol products from store shelves in several provinces, provide greater market access to dairy products from the European Union and limit US vehicle exports from companies relocating production to the United States.

“Canada has taken US alcohol products off Canadian shelves, given better market access to dairy products from the European Union, and has put a cap on US vehicle exports to Canada from companies reshoring to the United States,” US Trade Representative Jamieson Greer said.

He said the new tariffs were intended to “hold Canada accountable for its retaliation and discrimination.”

## Seeking Leverage in Trade Talks

Trump's move marks the first known use of Section 338 to impose tariffs, according to Scott Lincicome of the libertarian Cato Institute.

Many experts believe the provision may have been superseded by other trade authorities, Lincicome said, arguing that Trump has shown a willingness to use “any statute on the books.”

Ryan Majerus, a former US trade official, said the law faced “a lot of litigation risk” because it had never been tested in court.

“This is clearly designed to get some leverage over Canada,” said Majerus, now a partner at King & Spalding.

He noted that negotiations over the USMCA are continuing, while talks between the United States and Mexico have progressed more quickly than those with Canada.

“This could be an effort to try to get them going,” he said, pointing to the 30-day delay before the tariffs take effect.

However, if the measures are implemented as announced, Majerus warned that removing exemptions for USMCA imports could have significant economic consequences.

## Businesses Warn of Retaliation

Chris Swonger, president of the Distilled Spirits Council of the United States, said the US alcohol industry welcomed Washington's concerns over Canada's restrictions.

“However, we had hoped that this issue could be resolved without further escalation,” Swonger said.

He warned that steep tariffs could trigger further retaliation at a time when many US hospitality businesses are already facing financial difficulties.

Lincicome also questioned Washington's claims of discrimination over Canadian dairy policies, describing the argument as “dubious” because it relates to the terms of Canada's trade agreement with the European Union.

While the tariffs could face legal challenges, he said uncertainty could persist for some time.

“It's not a guarantee that a court will strike this down and even if they do, it'll take a little while,” Lincicome said. “In the meantime, there's just a massive amount of uncertainty.”"
20260722SS010,Sharesansar,Independent Power Producers Association Changes Rules to Elect Top Leaders,https://www.sharesansar.com/newsdetail/independent-power-producers-association-changes-rules-to-elect-top-leaders-2026-07-21,"Tuesday, July 21, 2026",2026-07-22 06:42:33,"The Independent Power Producers' Association, Nepal (IPPAN) has updated its governing rules following official approval from the District Administration Office. Under the newly approved constitution, IPPAN will now hold elections for its top leadership spot, officially ending the old rule where the senior vice president automatically became president.

The revised rules expand the organization's executive committee from 25 to 37 members. The expanded committee includes the president, immediate past president, senior vice president, seven vice presidents, general secretary, deputy general secretary, seven secretaries, treasurer, and 11 open board members. To encourage diversity and broader participation, the new constitution requires that at least one vice president, one secretary, and four open board members be women, while also reserving dedicated representation for young entrepreneurs and associate members.

The updated constitution also sets stricter rules for top leadership positions. To run for president or senior vice president, a candidate must have served at least one full term as a member of the executive committee. Additionally, candidates for these top two roles are required to be politically neutral; anyone affiliated with a political party must formally resign and submit written proof, or their candidacy will be disqualified."
20260723SS001,Sharesansar,"Sanima, NMB and Siddhartha Bank Employees Receive Two Months’ Salary as Advance Bonus",https://www.sharesansar.com/newsdetail/sanima-nmb-and-siddhartha-bank-employees-receive-two-months-salary-as-advance-bonus-2026-07-23,"Thursday, July 23, 2026",2026-07-23 06:40:13,"Employees of Sanima Bank, NMB Bank, and Siddhartha Bank have received advance bonuses equivalent to two months’ salary from the profits earned in the last fiscal year.

Following the end of the fiscal year, banks and financial institutions have begun distributing advance bonuses to employees from their profits. As part of this process, the three commercial banks distributed bonuses equivalent to two months’ salary to their employees during the first week of Shrawan.

Bank sources said employees could receive additional bonuses based on the banks’ final profits. However, the banks have distributed only a portion of the total bonus at this stage, with the remaining amount expected to be paid after Nepal Rastra Bank approves their financial statements for presentation at the Annual General Meeting (AGM).

Meanwhile, employees of Jyoti Bikash Bank have received an advance bonus equivalent to three months’ salary from the profit earned in the last fiscal year.

The bank also distributed the advance bonus during the first week of Shrawan. Although employees may be eligible for additional bonuses based on the bank’s profitability, the bank has distributed only a portion of the total bonus for now. The remaining amount is expected to be distributed after approval of the financial statements by Nepal Rastra Bank for the AGM.

The Bonus Act requires every profit-making establishment to allocate a portion of its net profit for employee bonuses. Section 5 of the Act states that every profit-making establishment must set aside an amount equivalent to 10% of its net profit earned during a fiscal year for employee bonuses.

Accordingly, banks generally distribute a portion of employee bonuses shortly after the end of the fiscal year, while the remaining amount is paid around the time of the AGM."
20260723SS002,Sharesansar,First Microfinance Laghubitta Bittiya Sanstha Limited (FMDBL): A Fifteen-Year Financial Performance Review (Q4 2069/70 to Q4 2082/83),https://www.sharesansar.com/newsdetail/first-microfinance-laghubitta-bittiya-sanstha-limited-fmdbl-a-fifteen-year-financial-performance-review-q4-206970-to-q4-208283-2026-07-23,"Thursday, July 23, 2026",2026-07-23 06:40:14,"Background of First Microfinance Laghubitta Bittiya Sanstha Limited (FMDBL)

First Microfinance Laghubitta Bittiya Sanstha Limited (FMDBL), formerly First Microfinance Development Bank Ltd. (FMDBL), began operations on January 8, 2010 (B.S. 2066 Poush 24) in Kathmandu, Nepal. It is licensed by Nepal Rastra Bank under the Bank and Financial Institution Act, 2073, as a national-level microfinance institution. The organization was founded with the mission of improving the livelihoods of economically and socially disadvantaged people, with a particular focus on agriculture and micro-enterprises through microfinance institutions (MFIs).

It is one of Nepal's wholesale microfinance institutions. Its business model involves borrowing funds from upper-class BFIs and lending them to retail microfinance institutions. It plays the role of a financial funding intermediary. The organization has completed 17 years of operation. This article evaluates its 15-year financial journey and performance over the period from Q4 2069/70 to Q4 2082/83.

Balance Sheet Analysis

Assets

The total assets of FMDBL have followed a steady growth pattern. As of Q4 2069/70, total assets stood at Rs. 1.20 billion, increasing to Rs. 5.69 billion by Q4 2082/83. Over the review period, total assets recorded a median annual growth rate of 24.01%. The trends of the major asset components are discussed below.

1.Cash and Cash Equivalents

Cash and cash equivalents increased from Rs. 42.20 crore to Rs. 88.05 crore. Holding cash and cash equivalents above the regulatory requirement is generally not considered efficient for banks.

1.Loans and Advances to MFIs & Cooperatives

Lending to MFIs and cooperatives has successfully expanded FMDBL's core lending business. Loans and advances recorded a median annual growth rate of 27.07%, increasing from Rs. 75.85 crore in Q4 2069/70 to Rs. 4.65 billion by Q4 2082/83. During the 15 - year review period, FMDBL achieved its highest lending portfolio of Rs. 10.42 billion in Q4 2078/79. Since then, the lending portfolio has been on a declining trend.

3.Total Assets

Within total assets, loans and advances to MFIs accounted for 62.85% in Q4 2069/70, increasing to 81.79% by Q4 2082/83. Other asset components did not hold a significant share of total assets.

Liabilities

Total liabilities (excluding equity) stood at Rs. 1.08 billion in Q4 2069/70. They increased by 3.55 times, reaching Rs. 3.84 billion by Q4 2082/83. Borrowings, the institution's core liability, grew at a median annual rate of 17.94%, increasing from Rs. 1.07 billion to Rs. 3.76 billion. Meanwhile, total liabilities and equity combined increased from Rs. 1.20 billion to Rs. 5.69 billion. The major liability trends are discussed below.

1.Borrowings

Borrowings from upper-class BFIs and other institutions increased at a median annual rate of 17.94%. Within total liabilities (excluding equity), borrowings accounted for 99.41% in Q4 2069/70 and remained almost unchanged at 97.70% by Q4 2082/83. This indicates that the institution remains highly dependent on borrowings and may need to diversify its funding sources by utilizing other financial instruments.

2.Other Liabilities

Other liabilities showed a steadily increasing trend throughout the review period. From Q4 2069/70 to Q4 2082/83, they increased significantly from Rs. 60.21 lakh to Rs. 8.84 crore. This category reached its highest level in Q4 2082/83.

3.Total Liabilities

Total liabilities followed a trend similar to borrowings, recording a median annual growth rate of 18.33%. Since borrowings constitute the largest portion of total liabilities, their growth closely mirrored the overall liability trend.

4.Equity Analysis

Total equity of FMDBL increased at a median annual growth rate of 12.61%. During the same period, share capital grew at a median annual rate of 10.00%, while reserves increased at a median annual rate of 25.47%.

Profit and Loss Analysis

1.Interest Income and Interest Expense

Interest income and interest expense represent the institution's core revenue-generating activities and the cost of funding those assets, respectively. Interest income declined after reaching its peak of Rs. 1.43 billion in Q4 2079/80. Thereafter, both interest income and interest expense decreased steadily. By Q4 2082/83, interest income had fallen sharply to Rs. 40.47 crore.

Notably, during the declining interest rate environment, FMDBL reduced its funding costs more rapidly than its lending yields. As a result, the net interest margin did not decline in the same proportion. This was mainly because wholesale microfinance institutions were able to obtain borrowings at relatively lower costs from upper - class BFIs due to excess liquidity in the banking system.

2.Operating Profit and Net Profit

Operating profit reflects the institution's profitability before taxation and provisioning, while net profit represents earnings attributable to shareholders.

FMDBL recorded its highest-ever net profit of Rs. 26.88 crore in Q4 2078/79. Overall, the institution's net profit has been on a declining trend in recent years.

3.Expenses

Interest expense remains FMDBL's largest expense and is considered the primary direct cost in the banking industry. This expense has shown a declining trend in line with falling market interest rates. The next major expense is income tax, followed by staff costs. Other operating expenses remained relatively low throughout the review period.

Trends in Key Performance Indicators

Earnings Metrics

Earnings Per Share (EPS)

FMDBL's Earnings Per Share (EPS) has experienced considerable volatility over the past fifteen fiscal years, reflecting changes in profitability and the overall operating environment.

EPS remained relatively stable within the range of Rs. 15 to Rs. 25 up to Q4 2077/78. It peaked at Rs. 27.88 in Q4 2077/78 before declining sharply to Rs. 17.16 in the following year. As of Q4 2082/83, EPS stood at Rs. 14.18.

Efficiency Measures

Return on Equity (RoE)

RoE broadly mirrors the movement in EPS. The ratio declined to 7.79% in Q4 2081/82 due to weak profitability. It rebounded to 10.33% in Q4 2082/83, demonstrating improved utilization of shareholders' capital.

Although current returns remain below their historical peak, FY 2082/83 recorded an RoE of 10.33%, reflecting improved earnings generation from shareholders' equity. The institution still has room to restore a stronger profitability profile.

Return on Assets (RoA)

RoA followed a similar trajectory to RoE. During the review period, it was lowest at 1.42% in Q4 2069/70 and reached its highest level of 3.35% in Q4 2082/83. Following a decline until around Q4 2077/78, the ratio recovered steadily. The FY 2082/83 figure of 3.35% represents the highest RoA during the entire review period, indicating improved efficiency in utilizing total assets to generate profits.

Valuation Multiples

Price-to-Earnings (P/E) Ratio and Price-to-Book (P/B) Ratio

FMDBL's P/E ratio has been highly volatile, mainly due to significant fluctuations in its market price. The ratio reached a peak of 84.54 times in Q4 2072/73. Thereafter, it followed a downward trend as the market price declined while earnings remained relatively stable. From Q4 2078/79 onward, the P/E ratio again followed an upward trend. As of Q4 2082/83, it stood at 60.64 times.

Similarly, the P/B ratio peaked in Q4 2072/73 because of the exceptionally high market price. Thereafter, it consistently remained below 10 times, with a median of 5.30 times over the past 15 years. This indicates that the market price has generally grown faster than the institution's net worth per share. During the review period, FMDBL maintained an average Net Worth Per Share (NWPS) of Rs. 132.88.

Health Indicators

FMDBL has consistently maintained its Capital Fund to Risk-Weighted Assets Ratio (CAR) at a healthy level, demonstrating a strong capital position.

The institution has also maintained an efficient lending position. As of Q4 2082/83, the Credit-to-Deposit (CD) ratio stood at 123.87%. Since Q4 2078/79, the CD ratio has remained above 100%. This is because FMDBL is a wholesale microfinance institution that primarily deals with institutional borrowing and lending rather than retail deposit collection, making such a ratio acceptable for its business model.

Despite being a wholesale microfinance institution, FMDBL's Non-Performing Loan (NPL) ratio has shown an increasing trend. Before Q4 2079/80, the institution reported virtually no NPLs. However, since Q4 2079/80, NPLs have gradually increased. As of Q4 2082/83, the NPL ratio stood at only 2.88% of total loans, mainly reflecting the inability of some retail microfinance institutions to repay wholesale borrowings on time.

Dividend History

FMDBL has maintained a moderate dividend distribution history. The institution declared its highest dividend of 20.00% in FY 2078/79. Over the review period, FMDBL maintained a median annual total dividend of 15%. Although the dividend payout has been moderate, one positive aspect is that the institution has consistently distributed dividends to its shareholders every year.

Note: This article provides an analysis of FMDBL's financial statements only and does not attempt to draw any conclusions or make any judgments."
20260723SS003,Sharesansar,Nabil Bank Gives Employees Three Months’ Salary as Advance Bonus,https://www.sharesansar.com/newsdetail/nabil-bank-gives-employees-three-months-salary-as-advance-bonus-2026-07-23,"Thursday, July 23, 2026",2026-07-23 06:40:14,"Commercial banks have begun distributing advance bonuses to their employees following the conclusion of the last fiscal year.

Among the commercial banks, Nabil Bank has provided the highest advance bonus, equivalent to three months’ salary, to its employees from the profit earned in the last fiscal year. The bank could distribute additional bonuses if its financial position allows.

However, it has reportedly distributed around half of the total bonus amount at this stage, while the remaining amount will be distributed after Nepal Rastra Bank approves the bank’s financial statements for presentation at the Annual General Meeting (AGM), according to bank sources.

The Bonus Act requires every profit-making establishment to allocate a portion of its net profit for employee bonuses. Section 5 of the Act states that every establishment earning a profit must set aside an amount equivalent to 10% of its net profit earned during a fiscal year for distribution as employee bonuses.

Based on this provision, banks generally distribute a portion of the employee bonus soon after the end of the fiscal year, while the remaining amount is distributed around the time of the AGM.

Some banks, including Standard Chartered Bank Nepal and Everest Bank, have adopted a different practice. These banks generally distribute employee bonuses before the Dashain festival if their AGMs are held before the festival.

If the AGM is not held by then, the bonuses are distributed before the Dashain holidays after Nepal Rastra Bank approves their financial statements."
20260723SS004,Sharesansar,Nepal Earns Rs 29.32 Arba from Electricity Exports to India and Bangladesh,https://www.sharesansar.com/newsdetail/nepal-earns-rs-2932-arba-from-electricity-exports-to-india-and-bangladesh-2026-07-23,"Thursday, July 23, 2026",2026-07-23 06:40:14,"Nepal  has set a record of earning Rs 29.32 arba from cross-border electricity exports in fiscal year 2082/083, posting a net trade surplus of Rs 18.76 arba more than four times higher as that of the  previous year according to data released by the Nepal Electricity Authority (NEA).

This surplus has expanded by 313 times as the export earnings went up by 67.96%, but the import expenditure went down by 18.29%. Nepal exported 3.87 arba units (kWh) of electricity to India and Bangladesh in the review year, up by 62.89 percent from 2.38 arba units sold in FY 2081/082.

The power was traded through India's open market (IEX-DAM, IEX-RTM, NVVN) and trilateral power trade with Bangladesh, at an average tariff of Rs 7.56 per unit.

Meanwhile, Electricity imports declined by 31.57 percent to 1.14 arba units in 2082/083 from 1.68 arba units a year earlier, cutting import expenditure to Rs 10.55 arba from Rs 12.92 arba.

NEA attributed the improved trade balance to rising domestic hydropower generation, expansion of cross-border transmission infrastructure, and stronger energy trade management, calling it further evidence of Nepal's emergence as a self-reliant and profitable power exporter in the South Asian region."
20260723SS005,Sharesansar,Prime Minister Shah to Hold Talks with Organic Agriculture Stakeholders,https://www.sharesansar.com/newsdetail/prime-minister-shah-to-hold-talks-with-organic-agriculture-stakeholders-2026-07-23,"Thursday, July 23, 2026",2026-07-23 06:40:15,"Prime Minister Balendra Shah is scheduled to hold discussions with office-bearers and business representatives of the Nepal Organic Association today on the promotion of organic agricultural production, processing, trade, marketing, and exports.

The meeting is scheduled to take place at 11:30 a.m. at the Office of the Prime Minister and Council of Ministers, according to the Prime Minister’s Secretariat.

Association President Dipak Baskota, Vice President Prem Lama, Gorkha Tea Estate Chairman Uday Chapagain, Himalayan Shangri-La Tea Factory Chairman Kamal Mainali, and Annapurna Organic Agro Industries Chairman Parshuram Acharya are scheduled to participate in the discussion.

The Nepal Organic Association is an organization working to promote organic agricultural production, processing, trade, and consumption.

Prime Minister Shah has recently been holding regular discussions with representatives from various industries, businesses, and productive sectors. On Tuesday, he held talks with representatives of the Federation of Nepalese Garment Associations, while on Wednesday, he met with representatives of the Federation of Handicraft Associations of Nepal to discuss their concerns, suggestions, and legitimate demands.

The Prime Minister has been engaging with private-sector entrepreneurs and business representatives from various sectors to understand their problems and demands and has been initiating policy facilitation and measures to address them."
20260723SS006,Sharesansar,Five Commercial Banks to Withhold Advance Employee Bonuses This Year,https://www.sharesansar.com/newsdetail/five-commercial-banks-to-withhold-advance-employee-bonuses-this-year-2026-07-23,"Thursday, July 23, 2026",2026-07-23 06:40:15,"Five commercial banks, NIC Asia Bank, Himalayan Bank, Nepal Investment Mega Bank, Prabhu Bank, and Prime Commercial Bank; are set to refrain from distributing advance bonuses to their employees this year.

Nepal’s banks and financial institutions have traditionally distributed a portion of the employee bonus shortly after the end of the fiscal year, with the remaining amount generally paid after the annual general meeting.

However, the five banks are not planning to provide advance bonuses in the first week of Shrawan from the profits earned in the last fiscal year.

The Bonus Act requires every profit-making establishment to allocate 10% of its net profit for employee bonuses. Section 5 of the Act states that every establishment earning a profit must set aside an amount equivalent to 10% of its net profit earned during a fiscal year for distribution as employee bonuses.

Based on this provision, banks have traditionally distributed a portion of the bonus after the end of the fiscal year and the remaining amount after their annual general meetings.

The banks have decided to wait for the completion of the external audit and approval of their financial statements by Nepal Rastra Bank before determining and distributing employee bonuses according to their financial capacity.

Himalayan Bank, Prabhu Bank, NIC Asia Bank, and Nepal Investment Mega Bank are facing increased non-performing loans and higher provisioning requirements. Some of these banks have also reported accumulated losses, making them cautious about distributing advance bonuses before their financial statements are finalized and approved.

Prime Commercial Bank, meanwhile, has historically been regarded as one of the banks offering comparatively high employee bonuses. Although it is considered among the banks with the potential to provide a substantial bonus this year, employees say the bank has not yet distributed an advance bonus."
20260723SS007,Sharesansar,Gold Price Slightly Increases by Rs. 300 Per Tola; Check Today's Trading Rate,https://www.sharesansar.com/newsdetail/gold-price-slightly-increases-by-rs-300-per-tola-check-todays-trading-rate-2026-07-23,"Thursday, July 23, 2026",2026-07-23 06:40:15,"Gold prices have witnessed a moderate gain in the domestic market today, gaining by Rs. 300 per tola to settle at Rs.291,300 per tola, up from the previous rate of Rs. 291,000 per tola.

TheFederation of Nepal Gold and Silver Dealers' Association (FENEGOSIDA)reported that Tejabi gold also increases moderate by Rs. 300 per tola to reach Rs. 290,600 per tola, compared to Rs. 290,300 per tola on the previous day.

Similiarly, silver prices move in the same direction, price rises by Rs. 25 per tola, bringing it to Rs.4,505 per tola from Rs. 4,480 per tola on the previous day."
20260723SS008,Sharesansar,ICRA Nepal Reaffirms Ratings for Three Hydropower Firms,https://www.sharesansar.com/newsdetail/icra-nepal-reaffirms-ratings-for-three-hydropower-firms-2026-07-23,"Thursday, July 23, 2026",2026-07-23 06:40:16,"ICRA Nepal has reaffirmed Gaurishankhar Power Development Limited’s issuer rating at [ICRANP-IR] BB-, indicating a moderate risk of default in meeting financial obligations on time. The rating reflects the company’s overall creditworthiness and does not apply to any specific debt instrument. The “–” sign indicates that the rating is one notch below the standard BB category.

Similarly, ICRA Nepal has assigned Bhujung Hydropower Limited an issuer rating of [ICRANP-IR] BB-, indicating a moderate risk of default in timely servicing of its financial obligations. The rating reflects the company’s overall creditworthiness and is not linked to any specific debt instrument. The “–” sign places the rating one notch below the standard BB category.

Also, ICRA Nepal Limited has reaffirmed the issuer rating of Solu Hydropower Limited at [ICRANP-IR] BBB- (pronounced ""ICRA NP Issuer Rating Triple B Minus""), while continuing to keep the Hydropower on ""Watch with Negative Implication.""

The BBB- rating indicates a moderate degree of safety regarding timely servicing of financial obligations, meaning the company carries moderate credit risk but remains capable of meeting its financial commitments."
20260723SS009,Sharesansar,"NIFRA Reports Notable 19.98% Decline in Net Profit for Q4, 2082/83, With EPS at Rs. 4.57",https://www.sharesansar.com/newsdetail/nifra-reports-notable-1998-decline-in-net-profit-for-q4-208283-with-eps-at-rs-457-2026-07-23,"Thursday, July 23, 2026",2026-07-23 06:40:16,"Nepal Infrastructure Bank Limited (NIFRA)has reported a net profit of Rs. 9.87 Crores in the fourth quarter of Fiscal Year 2082/83, reflecting a notable decline of 19.98% compared to Rs. 12.34 Crores earned during the same period last fiscal year.

The bank maintains a total paid-up capital of Rs. 21.60 Arba and reserves and surplus reaching Rs. 3.71 Arba. However, net interest income fell by 23.89%, amounting to Rs. 1.44 Arba against Rs. 1.90 Arba in the previous fiscal year.

NIFRA's core operations show deposits from customers totaling Rs. 7.83 Arba and loans and advances totaling Rs. 31.42 Arba. The bank's personnel expenses declined by 13.52 % to Rs. 23.07 crores.

NIFRA's capital adequacy ratio decreased to 67.15% from 76.76%, while the cost of funds decreased slightly to 6.46%, down from 6.51%. Earnings per share (EPS) declined to Rs. 4.57 from Rs. 5.71. Net worth per share stood at Rs.117.22 for the fourth quarter of this fiscal year.

The quarter-end PE ratio stood at 53.74 times, with a closing market price of Rs. 245.60.

Report:"
20260723SS010,Sharesansar,Sixteen Delhi Metro Stations Closed Temporarily Due to Ongoing Protests,https://www.sharesansar.com/newsdetail/sixteen-delhi-metro-stations-closed-temporarily-due-to-ongoing-protests-2026-07-22,"Wednesday, July 22, 2026",2026-07-23 06:40:17,"Sixteen major metro stations across New Delhi have been temporarily shut down until further notice following ongoing demonstrations organized by the Cockroach Janata Party (Kakaroch Janata Party) at Jantar Mantar.

The Delhi Metro Rail Corporation (DMRC) confirmed that the decision to suspend operations at these locations was taken as a precautionary safety measure to handle public movement and maintain security in the city.

To help minimize travel disruption for daily commuters, the transit authority noted that interchange facilities allowing passengers to switch between different metro lines will remain fully operational at three major hub stations."
20260724SS001,Sharesansar,"Sunwayians’ Innovation Fest 2026 to Showcase AI, Robotics, and Emerging Technologies",https://www.sharesansar.com/newsdetail/sunwayians-innovation-fest-2026-to-showcase-ai-robotics-and-emerging-technologies-2026-07-24,"Friday, July 24, 2026",2026-07-24 06:39:41,"Sunwayians' Innovation Fest 2026 will be held on July 26 at Anupam Foodland, Battisputali, from 9 a.m. to 6 p.m., bringing together students, technology enthusiasts, researchers and industry experts on a single platform.

The event will feature artificial intelligence, robotics, drone technology, research, innovation and career development, with workshops, panel discussions, competitions and exhibitions planned through the day.

A Robotics and Drone Workshop will let participants explore modern robotics and drone technologies firsthand, while a Vibe Coding Workshop and Competition will focus on rapid, AI-assisted software development.

A Student Innovation Showcase will feature final-year projects, first-year ideas, research work and RAIN projects, giving students a platform to present before industry professionals. Career counseling and mock interview sessions will also be held to guide participants on job opportunities and interview preparation. The event will additionally include food stalls, interactive games and a photo booth."
20260724SS002,Sharesansar,Gold Price Plunges By Rs. 5800 Per Tola; Check Today's Trading Rate,https://www.sharesansar.com/newsdetail/gold-price-plunges-by-rs-5800-per-tola-check-todays-trading-rate-2026-07-24,"Friday, July 24, 2026",2026-07-24 06:39:41,"Gold prices have witnessed a sharp loss in the domestic market today, losing by Rs. 5800 per tola to settle at Rs. 285,500 per tola, up from the previous rate of Rs. 291,300 per tola.

TheFederation of Nepal Gold and Silver Dealers' Association (FENEGOSIDA)reported that Tejabi gold also decreases sharply by Rs. 5800 per tola to reach Rs. 284,800 per tola, compared to Rs. 290,600 per tola on the previous day.

Similiarly, silver prices move in the same direction, price declines by Rs. 155 per tola, bringing it to Rs. 4,350 per tola from Rs. 4,505 per tola on the previous day."
20260724SS003,Sharesansar,"Manjushree Finance Limited is Auctioning 8,39,583 Units Promoter Shares From Today",https://www.sharesansar.com/newsdetail/manjushree-finance-limited-is-auctioning-839583-units-promoter-shares-from-today-2026-07-24,"Friday, July 24, 2026",2026-07-24 06:39:42,"The existing promoters ofManjushree Finance Limited(MFIL)are selling 8,39,583 units of promoter shares in an auction to the general public from Today, i.e. 8th Shrawan to 18th Shrawan, 2083 .

The existing promoters, the general public, and institutions are all eligible to bid for the auction. Rs. 120 is the minimum bid rate for the auction.

Although bidders can bid for the entirety of the issue, they are required to abide by Nepal Rastra Bank's rule to not exceed the specified quantity of shares per entity.

NIMB Ace Capital Limited has been appointed as the auction manager.

Auction notice:"
20260724SS004,Sharesansar,Makalu Wine Industries Limited Calls SGM With Agenda to Discuss IPO,https://www.sharesansar.com/newsdetail/makalu-wine-industries-limited-calls-sgm-with-agenda-to-discuss-ipo-2026-07-24,"Friday, July 24, 2026",2026-07-24 06:39:42,"Makalu Wine Industries Limitedcalled its SGM on 23rd Shrawan, 2083. The meeting will be held at Soaltee Westend, Itahari, Dharan, starting at 11:00 AM.

These are the agendas:1) Issuance of 1,000,000 ordinary shares through an Initial Public Offering (IPO), equivalent to 20% of the company’s issued capital.2) Issuance of promoter shares held in the reserve fund at a premium price.3) Miscellaneous.

SGM Notice:"
20260724SS005,Sharesansar,Finance Minister Wagle Says Government Working to Remove Nepal from FATF Grey List,https://www.sharesansar.com/newsdetail/finance-minister-wagle-says-government-working-to-remove-nepal-from-fatf-grey-list-2026-07-24,"Friday, July 24, 2026",2026-07-24 06:39:42,"Finance Minister Dr. Swarnim Wagle has said that the government is working to remove Nepal from the Financial Action Task Force (FATF) Grey List.

Speaking at a virtual interaction with tax officers of the Inland Revenue Department (IRD) from across the country at the IRD office in Lazimpat today, Minister Wagle expressed confidence that Nepal could soon exit the Grey List if the country’s tax administration is made more transparent, effective, and accountable.

He emphasized the need for the tax administration to closely monitor and scrutinize money-laundering offences. He also stressed that taxpayers should be brought into the tax system through voluntary compliance rather than through coercion or intimidation.

Minister Wagle urged officials to openly communicate any shortages of human resources, infrastructure, information technology, or other resources required to make tax administration more efficient.

He said that individuals working in tax administration and contributing to state revenue would be encouraged and recognized. He added that the budget for the next four years would lay the foundation for the type of economy the government intends to build.

The Finance Minister also directed departmental leadership to take all necessary initiatives to implement the tax exemption plan announced in the budget, make taxpayer incentive programmes effective, increase taxpayer awareness, and promote the digitalization of transactions."
20260724SS006,Sharesansar,Laxmi Sunrise Bank Employees to Receive Advance Bonus After Shrawan 15,https://www.sharesansar.com/newsdetail/laxmi-sunrise-bank-employees-to-receive-advance-bonus-after-shrawan-15-2026-07-24,"Friday, July 24, 2026",2026-07-24 06:39:42,"Employees of Laxmi Sunrise Bank are expected to receive their advance bonus only after Shrawan 15, as the bank is waiting to finalize its financial results for the last fiscal year.

While banks and financial institutions have started distributing advance bonuses to employees from the profits earned in the previous fiscal year following the end of the fiscal year, employees of Laxmi Sunrise Bank will have to wait until Shrawan 15.

The delay is linked to a provision by Nepal Rastra Bank allowing banks to recognize interest due by the end of Ashadh as income for the previous fiscal year if the interest is recovered by Shrawan 15. Accordingly, banks are focusing on recovering outstanding interest within the extended period.

Laxmi Sunrise Bank is preparing its financial statements for the previous fiscal year by including interest recovered up to Shrawan 15. The advance bonus for employees will then be determined based on the finalized financial results.

The Bonus Act requires every profit-making establishment to allocate a portion of its net profit for employee bonuses. Section 5 of the Act states that “every establishment earning a profit must set aside an amount equivalent to 10 percent of its net profit earned in a fiscal year for distribution to its employees as a bonus.”"
20260724SS007,Sharesansar,Prime Minister Balen Shah to Hold Talks with Major Export-Oriented Industries,https://www.sharesansar.com/newsdetail/prime-minister-balen-shah-to-hold-talks-with-major-export-oriented-industries-2026-07-24,"Friday, July 24, 2026",2026-07-24 06:39:43,"Prime Minister Balendra Shah (Balen) is scheduled to hold discussions today with representatives of Nepal’s major export-oriented industries and businesses.

The meeting is scheduled to take place at 11:30 a.m. at the Office of the Prime Minister and Council of Ministers. Participants will include Home Prasad Ghimire, President of the Nepal Plywood Producers’ Association; Balaram Gurung, President of the Nepal Carpet Producers and Exporters Association; Dhan Prasad Lamichhane, President of the Nepal Pashmina Industries Association; carpet and plywood exporter Devanand Sarawagi; and Resham Bahadur Pokharel, President of the Nepal Dog Chew Producers’ Association.

Prime Minister Shah is expected to discuss challenges facing export promotion, policy reforms, and possible measures to address the issues confronting export-oriented industries.

In recent weeks, Prime Minister Shah has been holding regular discussions with private-sector industrialists, business leaders, and other relevant stakeholders to promote the country’s economy. Representatives from the private sector have said that the government’s continued engagement has helped boost confidence and morale in the business community."
20260724SS008,Sharesansar,India Poised to Become World’s Fourth-Largest Travel and Tourism Economy by 2036: WTTC,https://www.sharesansar.com/newsdetail/india-poised-to-become-worlds-fourth-largest-travel-and-tourism-economy-by-2036-wttc-2026-07-23,"Thursday, July 23, 2026",2026-07-24 06:39:43,"India is on track to become the world’s fourth-largest travel and tourism economy by 2036, according to new projections from the World Travel & Tourism Council (WTTC).

India, which ranked 10th globally in WTTC’s 2025 Economic Impact Research, is expected to rise into the world’s top four tourism economies over the next decade. The projected growth reflects the country’s expanding domestic travel market, rising investment, improving air connectivity, and continued development of tourism infrastructure.

According to WTTC’s latest research, India’s travel and tourism sector grew by 7.3% in 2025, significantly exceeding the global industry’s growth rate of 4.1%. The sector contributed US$263.6 billion to the Indian economy, equivalent to 6.6% of the country’s gross domestic product (GDP).

The industry also supported approximately 46.2 million jobs across a wide range of sectors, including hospitality, aviation, transportation, retail, and other tourism-related industries.

The figures highlight the growing importance of travel and tourism as a major driver of India’s economic growth. The sector is contributing not only to visitor spending but also to employment generation, infrastructure development, investment, and regional economic activity.

WTTC expects India’s tourism sector to maintain its strong growth momentum in 2026. The country’s travel and tourism GDP is projected to expand by 8.5%, while international visitor spending is forecast to rise by 15.3% to approximately US$38 billion as international travel continues to recover.

Continued investment in airports, highways, railway networks, and tourism facilities is expected to remain a key driver of growth. Rising household incomes, a rapidly expanding middle class, stronger domestic travel demand, and the growing use of digital travel services are also transforming India’s tourism landscape.

Government initiatives aimed at improving destination infrastructure and attracting private-sector investment are expected to further support the sector’s long-term expansion.

WTTC’s outlook suggests that these trends could enable India to enter the world’s top four travel and tourism economies within the next decade. Such a rise would further underline the growing influence of Asian markets in the global tourism industry and strengthen India’s position as both a major international destination and one of the world’s largest outbound travel markets.

The sector’s expansion is also expected to create millions of new employment opportunities. WTTC forecasts that India’s travel and tourism industry will generate an additional 15.4 million jobs between 2026 and 2036.

India’s rapidly expanding outbound travel market could also create opportunities for neighboring destinations, including Nepal. Improved air connectivity and growing demand for multi-destination travel itineraries could support the expansion of pilgrimage, adventure, mountain, and cultural tourism across South Asia.

However, the extent of these benefits will depend on improved regional connectivity, tourism infrastructure, destination preparedness, and the ability of neighboring countries to develop products that appeal to the growing Indian travel market.

WTTC noted that sustaining India’s tourism growth will require continued investment, effective destination management, and the development of a skilled workforce. Nevertheless, the latest outlook indicates that India is well positioned to become one of the world’s most influential travel and tourism markets, with its growth expected to shape regional travel, aviation, and tourism investment over the coming decade."
20260724SS009,Sharesansar,Two Indian National arrested along with eight kilos of marijuana,https://www.sharesansar.com/newsdetail/two-indian-national-arrested-along-with-eight-kilos-of-marijuana-2026-07-23,"Thursday, July 23, 2026",2026-07-24 06:39:43,"Two people have been arrested with eight kilogrammes of marijuana at Tribhuvan International Airport.

Twenty year old Monadevi Hlajom and 23 year old Oniyam Eli from Manipur, India were arrested today with the contraband. The Central Police Newsroom reported that police dispatched from the Narcotics Control Bureau branch office in Gauchar seized the marijuana while searching the suitcases of Hlajom and Eli who came from Bangkok to Kathmandu on a Thai Airways flight, and arrested them.

Meanwhile, police teams on regular patrol have arrested 33 people with drugs from various places in the country. According to the police newsroom, three people each were arrested from Banke, Jumla, Morang, Kanchanpur, Chitwan, and Dang; two each from Rupandehi and Kathmandu; and one each from Surkhet, Bardiya, Kailali, Sarlahi, Bhaktapur, Bara, Salyan, and Sunsari districts. The police have impounded brown heroin and the banned drugs Tramadol, Bomin, and Anargan from them. ---"
20260724SS010,Sharesansar,Miteri Development Bank’s Net Profit Rises 8.98% to Rs. 14.12 Crore in Q4,https://www.sharesansar.com/newsdetail/miteri-development-banks-net-profit-rises-898-to-rs-1412-crore-in-q4-2026-07-23,"Thursday, July 23, 2026",2026-07-24 06:39:43,"Miteri Development Bank Limited (MDB)has posted a net profit of Rs. 14.12 crore in the fourth quarter of FY 2082/83, reporting a minimal rise of 8.98% compared to Rs. 12.95 crore in the same period last fiscal year. The sharp improvement in earnings was driven by strong growth in net interest income and reduced cost of funds.

The bank’s net interest income surged by 50.26% to Rs. 30.74 crore from Rs. 20.45 crore a year earlier. Deposits reached Rs. 8.85 arba, rising by 36.07%, while loans and advances climbed by 29.25% to Rs. 6.69 arba. The company reported a reversal of Rs. 1.60 crore on loans and advances during the review period.

Operating profit stood at Rs. 20.17 crore, a jump from Rs. 18.57 crore in the corresponding period last year. Retained earnings declined to Rs. 15.48 crore, while total reserves reached Rs. 37.08 crore. The bank’s capital adequacy ratio stood at 25.75%, down from 31.54% last year. Non-performing loans (NPL) stood at 0.26%, and the cost of funds decreased to 4.22% from 5.12%.

Earnings per share (EPS) surged to Rs. 11.60 from Rs. 10.65 last year, while net worth per share increased by 1.29% to Rs.143.20. The company’s Price-to-Earnings (P/E) ratio at the end of the quarter was 50.16 times, based on a market price of Rs. 582 per share.

Report:"
20260726SS001,Sharesansar,NRB Mandates National ID Verification for Digital Wallet Registration and Updates,https://www.sharesansar.com/newsdetail/nrb-mandates-national-id-verification-for-digital-wallet-registration-and-updates-2026-07-26,"Sunday, July 26, 2026",2026-07-26 06:48:56,"The Nepal Rastra Bank (NRB) has amended the Integrated Payment Systems Directive, 2082, to introduce provisions related to the National Identity Card (National ID) in the process of opening electronic wallets and updating user details.

The Payment Systems Department issued the 15th amendment to the directive through a circular on Friday, requiring licensed payment service providers to mandatorily verify the electronic record of the National ID of Nepali citizens before opening a digital wallet.

Under the revised provisions, licensed payment service providers must obtain a self-declaration from wallet users by the end of Ashwin 2083 regarding whether or not they possess a National ID. The declaration can be obtained through mobile applications or other appropriate means.

Nepali citizens who already have a National ID must update their wallet details with their National ID number by the end of Ashwin 2083.

For users who do not yet have a National ID, payment service providers must establish a system to notify them every month to update their wallet details after obtaining the identity card.

The existing provision allowing Nepali citizens residing abroad to open electronic wallets online using the required documents will remain unchanged.

However, such users must update their National ID details with the concerned payment service provider within six months of returning to Nepal.

The amended directive has also introduced provisions allowing persons with disabilities and helpless citizens who are unable to manage their own affairs to open wallets and conduct transactions based on other necessary documents, even in the absence of a National ID card or National ID number."
20260726SS002,Sharesansar,Gold Sees Upward Movement Today; Check Today's Trading Rate,https://www.sharesansar.com/newsdetail/gold-sees-upward-movement-today-check-todays-trading-rate-2026-07-26,"Sunday, July 26, 2026",2026-07-26 06:48:57,"Gold prices have witnessed a moderate gain in the domestic market today, gaining by Rs. 1600 per tola to settle at Rs. 287,100 per tola, up from the previous rate of Rs. 285,500 per tola.

TheFederation of Nepal Gold and Silver Dealers' Association (FENEGOSIDA)reported that Tejabi gold price also rose by Rs. 1600 per tola to reach Rs. 286,400 per tola, compared to Rs. 284,800 per tola on the previous day.

Similarly, silver prices moved in the same direction, rising by Rs. 60 per tola to Rs. 4,410 per tola from Rs. 4,350 per tola on the previous day."
20260726SS003,Sharesansar,Finance Minister Wagle Urges Nepali Diaspora to Invest in Nepal,https://www.sharesansar.com/newsdetail/finance-minister-wagle-urges-nepali-diaspora-to-invest-in-nepal-2026-07-26,"Sunday, July 26, 2026",2026-07-26 06:48:57,"Finance Minister Dr Swarnim Wagle has urged Nepalis living abroad to invest in their motherland and contribute to the country’s economic development and prosperity.

Dr Wagle made the remarks during a virtual interaction with young Nepali entrepreneurs residing in Australia on Saturday. He called on the Nepali diaspora to remain connected with Nepal and support the government’s efforts to accelerate economic development.

According to the Finance Minister’s personal secretariat, Dr Wagle urged Nepali youths abroad to embrace the concept of “Once a Nepali, Always a Nepali,” promoted by the government and the Rastriya Swatantra Party (RSP).

He said Nepalis living abroad could play an important role in Nepal’s development by providing investment, expertise, cooperation and other forms of support.

The Minister also described the Nepali diaspora as goodwill ambassadors of the country, saying their contributions could help strengthen Nepal’s economic activities and international engagement.

Dr Wagle said the government had introduced tax and revenue reforms, along with industry-friendly policies, to stimulate economic activities and create a more favourable environment for investment.

He assured potential investors that those willing to invest in Nepal would be able to repatriate their returns through easier and more convenient mechanisms.

“NRN bonds, offshore bonds and alternative finance mobilisation are among the transformative schemes introduced by the government with Nepali diaspora in mind,” Dr Wagle said during the discussion.

He further encouraged young Nepali entrepreneurs in Australia to explore investment opportunities in Nepal and contribute to the country’s long-term economic growth and prosperity."
20260726SS004,Sharesansar,Nabil Bank Wins Best Commercial Bank (Nepal) Award At Fourth Emerging Asia Banking Awards,https://www.sharesansar.com/newsdetail/nabil-bank-wins-best-commercial-bank-nepal-award-at-fourth-emerging-asia-banking-awards-2026-07-26,"Sunday, July 26, 2026",2026-07-26 06:48:57,"Nabil Bank has been named ""Best Commercial Bank (Nepal)"" at the 4th Emerging Asia Banking Conclave and Awards 2026, held by the Indian Chamber of Commerce (ICC) in New Delhi on Friday. Bank director Malay Mukherjee was there to receive the award on the behalf of Nabil Bank.

The bank said the recognition reflects customer trust, employee dedication and continued stakeholder support, adding that it would further strengthen its banking services and innovation. Acting CEO Bhupendra Pandey said he was delighted with the award, expressing heartfelt thanks to all stakeholders for their continuous support, cooperation and encouragement.

The awards saw participation from banks across Nepal, India, Bhutan, Sri Lanka, Myanmar, Thailand and Bangladesh. ICC is one of India's leading industry and commerce bodies, representing major Indian business groups engaged in expanding commercial activity domestically and internationally.

Nabil Bank had recently received three international awards as well, winning ""Nepal's Best Bank,"" ""Nepal's Best Bank for ESG"" and ""Nepal's Best Bank for SME"" under the Euromoney Awars for excellence in recognition of it's strong financial position, customer centric services, digital banking leadership and overall banking excellence."
20260726SS005,Sharesansar,CYC Nepal Laghubitta Calls 7th AGM With These Agendas? When's the Book Closure?,https://www.sharesansar.com/newsdetail/cyc-nepal-laghubitta-calls-7th-agm-with-these-agendas-whens-the-book-closure-2026-07-26,"Sunday, July 26, 2026",2026-07-26 06:48:57,"CYC Nepal Laghubitta Bittiya Sanstha Limited (USLB)has called its 7th AGM on 30th Shrawan, 2083. The meeting will be held in the Pokhara Dipsagar Hotel and Restaurant and bar, Pokhara, starting at 11 am that day.

These are the agendas of the AGM:

1. To discuss and approve the Annual Report for the fiscal year 2081/82 presented by the Chairman on behalf of the Board of Directors.2. To discuss and approve the balance sheet up to Ashad end 2082, profit and loss account, cash flow statement, and other financial statements, along with the auditor’s report for FY 2081/82.3. To appoint an auditor for FY 2082/83 and to determine their remuneration.4. To approve the appointment of one director from the promoter shareholding group.5. To approve the proposal to amend the Memorandum of Association and Articles of Association of the financial institution to restructure the shareholding pattern.6. To authorize the Board of Directors to carry out all necessary procedures related to merger or acquisition with other microfinance financial institutions.7. Misc.

Shrawan 19 is the book closure date. Thus, the shareholders maintained before that day are entitled to attend the AGM.

AGM Notice"
20260726SS006,Sharesansar,"Samsung Innovation Campus Celebrates Coding Graduates, Launches New AI programme in Nepal",https://www.sharesansar.com/newsdetail/samsung-innovation-campus-celebrates-coding-graduates-launches-new-ai-programme-in-nepal-2026-07-24,"Friday, July 24, 2026",2026-07-26 06:48:58,"Samsung Nepal has completed its latest Samsung Innovation Campus (SIC) Coding & Programming course and opened applications for a new Artificial Intelligence (AI) course to build digital talent in the country.

The coding course & Programming course under SIC, held from December 22, 2025 to June 30, 2026, gave students hands on technical training and industry exposure. Graduates were honoured at a ceremony recognising their successful completion of the programme.

Launched in Nepal in 2023 under Samsung's global CSR initiative ""Together for Tomorrow! Enabling People,"" Samsung Innovation Campus trains youth in emerging technologies alongside workplace skills. The new AI course is transforming industries and creating demand for a new generation of digital professionals.

Samsung Nepal will continue mentoring graduates through company employees and industry experts, and plans to launch a Samsung Innovation Campus Alumni Network. The company said stronger collaboration between academia, industry and government is key to building Nepal's AI ecosystem."
20260726SS007,Sharesansar,NEPSE Index Edges Up By 7.88 points On Last Trading Day Of this Week,https://www.sharesansar.com/newsdetail/nepse-index-edges-up-by-788-points-on-last-trading-day-of-this-week-2026-07-24,"Friday, July 24, 2026",2026-07-26 06:48:58,"The Nepal Stock Exchange (NEPSE) recorded a moderate gain today, gaining 7.88 points (0.28%) to close at 2,734.60. This follows a gain of 14.17 points in the previous trading session.

The benchmark index opened at 2719.75 and fluctuated between an intraday high of 2,747.23 and a low of 2,715.51 before settling at the close. Total turnover for the day amounted to Rs. 6.26 Arba, with 13,769,100 shares traded across 353 companies through 70,158 transactions. The total market capitalization stood at Rs. 46.99 Kharba, with a float market capitalization of Rs. 15.83 Kharba.

Ridi Power Company Limited (RIDI) topped the turnover chart, recording transactions worth Rs. 30.93 crores. The company’s stock closed at Rs. 370.00.

Everest Colour Limited (ECL) led the gainers' list with a 14.99%. The stock closed at Rs. 651.10.

Meanwhile, 10% Sanima Bank Limited Debenture (SAND2085) recorded the Highest fall, falling by 8.92%, the last traded price of the company was Rs. 1,100.00 .

Among sectors, Banking SubIndex registered the highest gain, gaining by 1.17%, while Mutual fund recorded highest loss, losing by 2.08%.

Top Buyer Broker's Top 10 Bought Companies

Top Seller Broker's Top 10 Sold Companies"
20260726SS008,Sharesansar,NRB Reissues Guidelines on Bringing Foreign Currency Cash Into and Out of Nepal,https://www.sharesansar.com/newsdetail/nrb-reissues-guidelines-on-bringing-foreign-currency-cash-into-and-out-of-nepal-2026-07-24,"Friday, July 24, 2026",2026-07-26 06:48:58,"Nepal Rastra Bank (NRB) has re-issued it's notice on bringing foreign currency cash into Nepal and taking it out, citing provisions under Section 5 and Section 12 of the Foreign Exchange Regulation Act, 2019, and Section 29(a) of the Asset (Money) Laundering Prevention Act, 2064.

The central bank said the notice reaffirms its earlier circulars published on 32nd Ashad, 2075 and 26th Chaitra 2075 BS. As per those provisions, Nepali or foreign nationals can bring foreign currency cash into Nepal without a customs declaration up to USD 5,000 or its equivalent in Indian currency, or in other foreign currencies for which NRB does not publish an exchange rate. Amounts exceeding this limit must be declared and certified at customs. NRB exercised its authority under Section 12 of the Act to republish the notice, directing the public to comply accordingly.

Citing a notice published in the Nepal Gazette on 28th Poush 2082 BS (Volume 75, Number 57, Part 5), the bank reiterated that one may transact with Indian currency notes of Rs 500 and Rs 1,000 denominations that were in circulation before November 9, 2016. Indian currency notes of Rs 200 and Rs 500 denominations issued after that date can be brought in, taken out, or exchanged by Nepali or Indian citizens up to a limit of Indian Rs 25,000 per person, as per existing provisions.

The bank also reiterated that Nepali citizens are not permitted to carry Indian currency to countries other than India, or bring Indian currency into Nepal from other countries."
20260726SS009,Sharesansar,Adani Enterprises Denies Plans to Enter Airline Business Amid Market Speculation,https://www.sharesansar.com/newsdetail/adani-enterprises-denies-plans-to-enter-airline-business-amid-market-speculation-2026-07-24,"Friday, July 24, 2026",2026-07-26 06:48:59,"Adani Enterprises on Friday dismissed recent media reports and market speculation suggesting that the company was planning to enter the airline business.

In a regulatory filing, the company clarified that it was “not evaluating any proposal to enter the airline business,” rejecting reports that it was considering an expansion into commercial aviation.

“We would like to categorically deny recent media reports and market speculation suggesting that the Company is planning to launch an airline. The reports are entirely baseless and factually incorrect,” the company said.

The clarification came after reports suggested that the Adani Group was exploring changes to existing regulations that prohibit operators of the Delhi and Mumbai airports from holding more than a 10 percent stake in a scheduled airline.

Although the group has ruled out plans to launch an airline, it already maintains a significant presence in India’s aviation sector through its airport operations.

The Adani Group has continued to expand its airport-related businesses. Last month, Adani Airports announced plans to invest more than $2 billion in commercial developments linked to six airports across India. The projects are expected to include hotels, retail outlets, and office complexes as part of a broader strategy to develop business hubs around airports.

The group entered India’s airport sector in 2019 and currently operates eight airports through Adani Enterprises, including airports in Mumbai, Jaipur, and Thiruvananthapuram. The company also has interests in roads, real estate, and infrastructure.

Adani Ports is among India’s largest private port operators by cargo volume and manages 15 ports across the country, including Mundra Port in Gujarat, the country’s busiest private port.

In May, the group partnered with Uber to establish the ride-hailing company’s first data centre in India. Earlier in February, the Adani Group announced plans to invest $100 billion by 2035 in developing AI-ready data centres powered by renewable energy.

The planned investment is part of the group’s broader strategy to expand its presence in technology and infrastructure while contributing to India’s growing artificial intelligence ecosystem."
20260726SS010,Sharesansar,Citizens Bank Customers to Receive Up to 15% Discount at Neoteric Nepal,https://www.sharesansar.com/newsdetail/citizens-bank-customers-to-receive-up-to-15-discount-at-neoteric-nepal-2026-07-24,"Friday, July 24, 2026",2026-07-26 06:48:59,"Citizens Bank International Limited has signed an agreement with Neo Verse Pvt. Ltd. (Neoteric Nepal), based in Jhamsikhel, Lalitpur, to offer discounts to the bank's customers.

Under the agreement, Citizens Bank cardholders and mobile banking customers will get up to 15% discount on various electronic products at Neoteric Nepal. The bank said the partnership will benefit customers while encouraging a shift from cash to digital transactions. Details of the discount are available on the bank's website.

Citizens Bank International Limited serves 2.048 million customers through 200 branches, 169 ATMs, three extension counters and 42 branchless banking units across 61 districts nationwide."
20260727SS001,Sharesansar,"Shinta Mani Mustang Named World’s No. 1 Luxury Hotel, Putting Nepal on the Global Luxury Tourism Map",https://www.sharesansar.com/newsdetail/shinta-mani-mustang-named-worlds-no-1-luxury-hotel-putting-nepal-on-the-global-luxury-tourism-map-2026-07-27,"Monday, July 27, 2026",2026-07-27 07:51:34,"Nepal’s luxury tourism sector has achieved a significant international milestone, with two luxury properties operated by the Sherpa Hospitality Group receiving prestigious global recognition.

Manang Lodge, operated under Mountain Lodges of Nepal, has been included in TIME Magazine’s “World’s Greatest Places to Stay 2026” list. It is reportedly the only hotel from Nepal to feature on this year’s prestigious list.

The 14-room luxury lodge offers high-end accommodation in the Himalayas, featuring heated rooms, panoramic views of Annapurna, Gangapurna and Tilicho mountains, and a unique “luxury base camp” concept.

Located at an altitude of around 3,500 metres along the Marsyangdi River in Manang, the lodge provides convenient access to attractions including Braga Monastery, glacial lakes and snow leopard habitats. Its location has made it a popular choice among domestic and international travellers undertaking the Annapurna Circuit trek.

In another major achievement, Shinta Mani Mustang has been named the world’s No. 1 luxury hotel in Robb Report’s “50 Greatest Luxury Hotels on Earth 2026” list.

The resort’s recognition is based on evaluations by 24 international luxury travel experts and follows its previous global awards in 2024 and 2025.

Tourism stakeholders have said that the international recognition of Nepal’s luxury properties will help strengthen the country’s image as a premium adventure and luxury tourism destination.

The achievements highlight Nepal’s natural beauty, Himalayan culture and growing standard of hospitality, while also demonstrating the country’s potential to attract high-end international travellers beyond its traditional reputation as an adventure tourism destination."
20260727SS002,Sharesansar,South Asian Internet Pioneers Honoured at SANOG 44 in Kathmandu,https://www.sharesansar.com/newsdetail/south-asian-internet-pioneers-honoured-at-sanog-44-in-kathmandu-2026-07-27,"Monday, July 27, 2026",2026-07-27 07:51:34,"Internet pioneers from five South Asian countries were honoured at the 44th South Asian Network Operators Group (SANOG) conference held in Kathmandu for their contributions to expanding internet access and developing commercial internet services in the region.

The Internet Enablers Awards were presented twere Dilip Agrawal (Nepal), Neeraj Sonker and Suchit Nanda (India), Tariq Mustafa (Pakistan), Sumon Ahmed Sabir (Bangladesh), and Jichen Thinley (Bhutan) in recognition of their role in shaping the region's digital landscape.

Nepal's Dilip Agrawal, founder of WorldLink, was recognised for transforming the company from a dial-up internet provider into the country's largest internet service provider and for expanding broadband connectivity across Nepal, including remote areas.

According to Internet Enablers, the awards recognise individuals whose technical leadership and vision helped lay the foundation for internet infrastructure across the Asia-Pacific region, preserving the history of the internet while acknowledging the pioneers behind its growth. The three-day SANOG conference began in Kathmandu on Sunday."
20260727SS003,Sharesansar,"Nepal’s Electricity Demand Reaches 73,629 MWh as NEA Exports Surplus Power",https://www.sharesansar.com/newsdetail/nepals-electricity-demand-reaches-73629-mwh-as-nea-exports-surplus-power-2026-07-27,"Monday, July 27, 2026",2026-07-27 07:51:34,"Nepal’s total electricity demand has reached 73,629 megawatt-hours (MWh), while the country has continued exporting surplus electricity during the monsoon season.

According to the Nepal Electricity Authority (NEA), Nepal is currently not importing electricity from India. Instead, the country is exporting a total of 22,102 MWh of electricity as domestic power generation exceeds demand during the monsoon season.

Private energy producers are currently contributing 47,563 MWh of electricity to the national power system, making them the largest source of electricity supply.

Similarly, NEA subsidiary companies are generating 17,108 MWh, while 8,959 MWh of electricity is being generated from projects directly owned by the NEA.

The figures reflect the increased availability of electricity during the monsoon season, when river and stream levels rise, and hydropower plants operate at higher capacity.

The NEA has reported that electricity demand during the evening peak period has reached 3,248 MWh.

Despite continuous rainfall across various parts of the country, the authority has stated that electricity supply has remained uninterrupted nationwide.

The NEA has also kept technical personnel on standby to respond promptly to any power disruptions and carry out necessary maintenance.

Maintenance teams have been placed on round-the-clock standby at all seven provincial offices as well as in Kathmandu. The authority said the teams are prepared to immediately mobilise in the event of any technical fault or disruption to the electricity supply."
20260727SS004,Sharesansar,Gold Price Goes Up; Check Today's Trading Rate,https://www.sharesansar.com/newsdetail/gold-price-goes-up-check-todays-trading-rate-2026-07-27,"Monday, July 27, 2026",2026-07-27 07:51:34,"Gold prices have witnessed a moderate gain in the domestic market today, gaining by Rs. 1400 per tola to settle at Rs. 288,500 per tola, up from the previous rate of Rs. 287,100 per tola.

TheFederation of Nepal Gold and Silver Dealers' Association (FENEGOSIDA)reported that Tejabi gold price also rose by Rs. 1400 per tola to reach Rs. 287,800 per tola, compared to Rs. 286,400 per tola on the previous day.

Similarly, silver prices moved in the same direction, rising by Rs. 35 per tola to Rs. 4,445 per tola from Rs. 4,410 per tola on the previous day."
20260727SS005,Sharesansar,"Nagdhunga - Sisnekhola Tunnel Inaugurated, Open Initially to Emergency Vehicles",https://www.sharesansar.com/newsdetail/nagdhunga-sisnekhola-tunnel-inaugurated-open-initially-to-emergency-vehicles-2026-07-27,"Monday, July 27, 2026",2026-07-27 07:51:35,"The Nagdhunga - Sisnekhola tunnel was officially inaugurated today (27 July 2026) by Infrastructure Development Minister Sunil Lamsal. During this initial stage, entry through the tunnel is strictly limited to emergency and essential vehicles, such as ambulances and fire engines.

According to project officials, no tolls or fees will be charged for using the tunnel during its trial testing period. Once regular full scale operations begin, vehicle tolls will range between 60 rupees and 600 rupees, depending on the size and type of the vehicle.

Certain restrictions will remain in place to ensure safety and smooth traffic flow. Two wheelers like motorcycles, as well as pedestrians, will not be permitted to use the tunnel."
20260727SS006,Sharesansar,"Eroded Capital, Elevated Prices: Where Is the Real Value Hiding in NEPSE?",https://www.sharesansar.com/newsdetail/eroded-capital-elevated-prices-where-is-the-real-value-hiding-in-nepse-2026-07-27,"Monday, July 27, 2026",2026-07-27 07:51:35,"An analysis of 278 listed companies, prices (average) as of 16–17 July 2026, and other indicators for the 3rdQuarter of FY 2082-83

Walk into any tea shop in Nepal these days, and someone is talking about shares. Which hydropower IPO is opening, which stock doubled last month, which symbol to buy before Sunday. But the exchange's own data tells a quieter, more uncomfortable story: in one out of every five listed companies, the shareholders' original money has already been partly eaten, and the market is paying premium prices for it anyway.

Meanwhile, the most profitable, most regulated companies in the country sit ignored at throwaway valuations. This article walks through that paradox using nothing but publicly available numbers and two ideas simple enough to explain over tea.

Net worth per share (book value): Imagine a company sold everything it owns today, paid off every loan, and split the leftover cash among shareholders. Each share's portion is its net worth per share. Nepali shares carry a face value of Rs 100, so if net worth per share has slipped below Rs 100, the company has lost part of the money investors originally put in. In finance-speak, the capital has been eroded.

P/E ratio: How many years of the company's current profit are you paying for one share? A P/E of 15 means 15 years of earnings. Globally, 15–25 is normal. A P/E of 100 means you are paying for a century of today's profit, pure faith in a very different tomorrow.

Hold these two ideas. The entire market becomes readable.

Of 269 companies reporting net worth, 61, more than one in five, have net worth per share below the Rs 100 face value. Two are negative: liabilities exceed everything they own.

Erosion alone is not a scandal. A young hydropower plant burns money before its turbines earn. The scandal is the price tag: 40 of the 61 eroded companies trade above Rs 300, and 15 trade above Rs 500. Their median price is about Rs 341, three and a half times the face value that is already partly gone. Where measurable, they trade at a median of 4.7 times book value.

Table 1: Weak on the inside, expensive on the outside

Company

Symbol

Sector

Net worth/share (Rs)

Price (Rs)

EPS (Rs)

Menchhiyam Hydropower

MCHL

Hydro

−23.87

285

0.93

Janaki Finance

JFL

Finance

−6.46

386

−4.21

Dibyashwori Hydropower

DHPL

Hydro

5.06

282

2.92

Narayani Dev. Bank

NABBC

Dev. Bank

39.19

825

−10.98

Upper Tamakoshi

UPPER

Hydro

46.69

197

1.81

Barahi Hydropower

BHPL

Hydro

50.03

479

−0.59

Shiva Shree Hydropower

SSHL

Hydro

54.59

204

−311.00

Modi Energy

MEL

Hydro

58.62

223

−3.11

Read the first row twice. Menchhiyam's net worth per share is minus Rs 24 on paper; shareholder capital is more than fully wiped out, yet the share changes hands near Rs 285. Narayani Development Bank has lost two-thirds of its capital, is losing Rs 9.48 per share every year, and trades above Rs 825.

What are buyers paying for? Hope. Hope of full generation, of a rights issue, of a merger, of a greater fool next month. Hope is not always wrong, but it should be priced like hope, not like certainty.

Across 226 companies with a valid ratio, the median P/E is about 54, double or triple what the world calls normal. Sixty companies trade above 100 times earnings; the champion, Kalinchock Hydropower, trades above 3,300 times. The market's median price-to-book is 4.5. And 45 companies (17%) are currently loss-making, more than half of them in hydropower.

Now look at where the cheapness and the expensiveness actually live:

Table 2: What each sector really costs

Sector

Companies

Median P/E

Median P/B

Loss-makers

Commercial Banks

19

18.7

1.4

0

Development Banks

16

26.9

2.7

3

Manufacturing

17

46.6

4.8

3

Microfinance

50

46.6

5.7

1

Life Insurance

14

57.1

3.8

0

Hydro Power

110

64.0

4.3

24

Finance

13

67.6

4.0

3

Investment

7

93.3

9.4

1

Non-Life Insurance

13

107.6

3.0

1

Hotels & Tourism

8

—

7.3

6

Hotels & tourism has too few profitable companies for a meaningful median P/E; six of its eight companies are loss-making.

Chart 1: Median P/E by sector, commercial banks are the outlier

Why should a high P/E worry you? Because it quietly decides your returns before you even buy. Think of it this way: if you pay Rs 100 for a share of a company earning Rs 2 per share (a P/E of 50), the company is generating just 2% a year on your money, less than half of what a fixed deposit pays, with far more risk attached. For that trade to make sense, the company's profit must grow dramatically, year after year, without fail. If growth merely turns out to be ordinary, the price has only one direction to travel.

This is the trap of high-P/E markets: the danger is invisible on the way up, because rising prices feel like proof that everything is fine. But a stock bought at 54 times earnings does not need bad news to fall; it only needs the good news to stop. And when many investors have paid such prices with borrowed money, a small disappointment in one corner of the market can turn into selling pressure everywhere. High P/E, in short, is not a prediction of a crash; it is a measure of how little room the market has left itself for anything to go wrong.

Table 3: The ten most expensive shares on NEPSE — priced for a miracle

Company

Symbol

Sector

Price (Rs)

EPS (Rs)

P/E

Return on your money*

Kalinchock Hydropower

KHPL

Hydro

963

0.29

3,321

0.03%

Hathway Investment Nepal

HATHY

Investment

706

0.95

936

0.11%

Shreenagar Agritech

SAIL

Manufacturing

916

1.64

588

0.17%

Dolti Power

DOLTI

Hydro

331

0.83

578

0.17%

Multipurpose Finance

MPFL

Finance

595

1.16

577

0.17%

Crest Micro Life Insurance

CREST

Life Insurance

1,200

2.15

565

0.18%

Guardian Micro Life Insurance

GMLI

Life Insurance

1,205

2.59

475

0.21%

Pure Energy

PURE

Others

838

1.95

466

0.21%

SY Panel Nepal

SYPNL

Manufacturing

1,318

3.08

434

0.23%

Menchhiyam Hydropower

MCHL

Hydro

285

0.93

423

0.24%

*Earnings yield: the company's current annual profit as a percentage of the price you pay. For comparison, a bank fixed deposit pays around 5–6%.

Look at the first row, because it is the honest one. Kalinchock Hydropower earns 29 paisa per share per year, yet trades at Rs 963; at that pace, the company's profit would need over three thousand years to return your investment. Crest and Guardian, both micro life insurers, sell above Rs 1,200 while earning barely Rs 2–3 per share.

Buyers of these shares are earning a 0.03–0.24% return on their money from the business itself, one-twentieth of a humble fixed deposit and betting everything on the price rising further or profits multiplying fifty-fold. To be fair, some of these are young companies whose annualised EPS understates a normal year, and a few may genuinely grow into their prices. But that defence has limits: when ten companies across five different sectors, hydro, insurance, finance, manufacturing, investment, all trade above 400 times earnings simultaneously, the explanation is no longer hidden potential in each company.

It is the mood of the market itself. These prices are not valuations; they are votes of faith, cast mostly with other people's example as evidence. And faith-based prices share one property: they hold perfectly right up until the moment everyone asks the same question at once. Notice, too, that Menchhiyam and Dolti appear both here and in Table 1: the same companies are simultaneously among the market's most expensive and its weakest.

On 17 July 2026, NEPSE's total market capitalization, every listed share at market price, stood at Rs 4,600,568.5 million: Rs 4.6 trillion.

Nepal's GDP for FY 2082/83 (2025/26), per the National Statistics Office's preliminary estimate, is roughly Rs 6,600 billion. Divide one by the other, and you get the ratio Warren Buffett famously called the best single measure of market valuation:

Rs 4,600.6 billion ÷ Rs 6,600 billion ≈ 70%

The stock market is now priced at seventy paisa for every rupee the entire country produces in a year, every sack of rice, every hotel bed, every remittance included.

Chart 2: NEPSE market cap against GDP, in the caution zone

Is 70% a lot? Mature markets like India or the USA run above 100%, but there, the market contains the economy: technology, energy, retail, agriculture giants, everything. Nepal's market does not.  Agriculture, about a quarter of GDP, has essentially no listing. Remittances, the engine of household income, are not listed. Trade, transport, construction: barely represented. NEPSE is essentially banks, insurance, microfinance and hydropower.

So, a market that mirrors only a slice of the economy is valued at 70% of the whole economy. Comparable frontier markets in South Asia typically sit at 10–25%. Nepal's own comfort zone before 2020 was 30–50%. The last time this ratio raced toward 100%, the 2021 bull run, a long, painful correction followed. Seventy percent is not that peak. But it is the neighbourhood where caution, not euphoria, should be the default mood.

Here is the irony of NEPSE in 2026. The sector with the strongest profits, the tightest regulation by Nepal Rastra Bank, decades of dividends, and zero loss-making companies is also the cheapest sector on the entire exchange: commercial banks, median P/E 18.7, median price-to-book 1.4.

In fact, only three companies in the whole market trade below their own net worth per share, and two are commercial banks.

Table 4: The only three shares priced below their own wealth

Company

Symbol

Price (Rs)

Net worth/share (Rs)

P/E

Nepal Lube Oil

NLO

269

559

3.5

Nepal Bank

NBL

262

273

11.0

Nepal Investment Mega Bank

NIMB

195

200

17.1

Nepal Lube Oil is the market's strangest sight: it earns Rs 78 per share a year, its net worth is Rs 559 per share, and it sells for Rs 269. Less than half its book value, at 3.5 times earnings, in a market where loss-makers fetch four times book.(An anomaly this extreme also deserves homework; thin trading volume or governance issues can keep a cheap stock cheap.)

Widen the filter to “profitable and priced under 20 times earnings” and only 18 of 278 companies qualify, ten of them commercial banks:

Table 5: The cheapest profitable companies on NEPSE (P/E < 20)

Company

Symbol

Sector

Price (Rs)

EPS (Rs)

P/E

P/B

Nepal Lube Oil

NLO

Manufacturing

269

78.19

3.5

0.48

Kumari Bank

KBL

Comm. Bank

217

21.24

10.8

1.44

Nepal Bank

NBL

Comm. Bank

262

25.34

11.0

1.02

Prime Commercial Bank

PCBL

Comm. Bank

235

19.66

12.5

1.43

NMB Bank

NMB

Comm. Bank

238

16.87

14.7

1.41

Global IME Bank

GBIME

Comm. Bank

240

15.40

15.5

1.33

Machhapuchhre Bank

MBL

Comm. Bank

252

15.65

16.1

1.50

Sanima Bank

SANIMA

Comm. Bank

358

21.45

16.3

1.80

Nabil Bank

NABIL

Comm. Bank

542

31.36

16.9

2.18

Nepal Investment Mega Bank

NIMB

Comm. Bank

195

12.29

17.1

1.05

Garima Bikas Bank

GBBL

Dev. Bank

399

23.21

17.8

2.46

Sahas Urja

SAHAS

Hydro

653

34.48

18.1

3.53

Nepal Telecom

NTC

Others

859

46.47

18.3

1.55

Citizens Bank

CZBIL

Comm. Bank

196

11.23

18.7

1.35

Deprosc Laghubitta

DDBL

Microfinance

850

44.13

19.1

3.96

Jyoti Bikas Bank

JBBL

Dev. Bank

340

19.09

19.4

2.27

Grameen Bikas Laghubitta

GBLBS

Microfinance

731

40.00

19.6

2.66

Shine Resunga Dev. Bank

SHINE

Dev. Bank

405

20.93

19.7

2.70

Even Nepal Telecom, one of the country's steadiest profit machines, earning Rs 46 per share, sits quietly at 18 times earnings while tiny loss-making companies trade at ten times book.

The price-to-book ratio tells the same story from a different door, and it may be the scarier version. If P/E asks “how many years of profit am I paying for?”, P/B asks something even more basic: “how many rupees am I paying for each rupee the company actually has?” A P/B of 1 means you pay exactly what the company is worth on paper; anything above it is a premium you pay for its future.

On NEPSE today, that premium has lost all sense of proportion. Of 251 companies with a measurable ratio, 204, four out of every five, trade above three times their book value, 102 trade above five times, and 21 trade above ten times. Exactly one company in the whole market sells below its own worth. Most telling of all: 27 companies that are currently losing money still command more than three times book, investors paying triple for capital that is actively shrinking.

The champion is Dibyashwori Hydropower at nearly 61 times book value: its entire net worth is about Rs 5 per share, yet the market pays Rs 282 for it. Why does this matter? Because book value is the floor a shareholder stands on when things go wrong. When a company stumbles, its price does not fall to zero; it falls toward its book value. A market standing at 4.5 times book has, quite simply, built its house four and a half floors above the ground. High P/B does not tell you when the fall comes; it tells you how far down the ground is.

Table 6: The ten most expensive shares relative to their own wealth (highest P/B)

Company

Symbol

Sector

Price (Rs)

Net worth/share (Rs)

P/B

EPS (Rs)

Dibyashwori Hydropower

DHPL

Hydro

282

5.06

60.9

2.92

Soaltee Hotel

SHL

Hotels

497

26.73

19.0

6.25

Bhujung Hydropower

BJHL

Hydro

726

88.82

14.0

−2.44

Sagar Distillery

SAGAR

Manufacturing

1,680

127.08

13.5

−6.49

Aatmanirbhar Laghubitta

ANLB

Microfinance

6,262

484.74

13.3

82.49

Hathway Investment Nepal

HATHY

Investment

706

67.44

13.2

0.95

Corporate Development Bank

CORBL

Dev. Bank

1,529

139.27

13.1

12.26

Kutheli Bukhari Hydropower

KBSH

Hydro

1,218

130.20

12.9

9.93

Jhapa Energy

JHAPA

Others

1,095

102.36

12.8

5.63

SY Panel Nepal

SYPNL

Manufacturing

1,318

108.94

12.3

3.08

Read this table alongside the P/E table, and a pattern emerges: Hathway and SY Panel appear on both lists, expensive by every measure at once, while Bhujung and Sagar Distillery trade at 13–14 times book while actively losing money. Notice also who is absent: not a single commercial bank appears here. The premium is concentrated precisely where the earnings are thinnest.

At Rs 4.6 trillion, NEPSE is no longer a casino sealed off from daily life. Its excesses now touch the economy through four doors.

Household savings:Millions of demat accounts from every district mean a large chunk of national savings is riding on 54-times-earnings hope. If valuations normalise, families far beyond Kathmandu's trading rooms feel poorer and poorer-feeling people spend less at shops, restaurants, and land offices.

Bank credit: Banks lend against shares as collateral. Rising prices make margin loans feel safe, pulling more money into the market, a loop. If prices fall hard, collateral shrinks, margin calls hit, and banks tighten lending to everyone, including genuine businesses. A stock problem quietly becomes a credit problem.

Capital allocation:To NEPSE's credit, IPOs have genuinely financed dozens of hydropower projects with ordinary Nepalis' savings; electricity is now one of the fastest-growing pieces of GDP. That is the market doing its job. But the secondary market mostly chases existing shares of weak companies: rupees spent bidding a loss-maker from Rs 300 to Rs 500 build no turbine and hire no worker.

The liquidity mirage:With inflation subdued, interest rates low, and remittances strong, surplus money in the banking system has few exciting homes, and it has found NEPSE. Today's market strength reflects liquidity searching for returns as much as company performance. An economy growing near 4% cannot forever justify a market priced at 54 years of median earnings. Either the economy speeds up dramatically, or the market eventually slows down.

Check three numbers before any buy: net worth per share (above Rs 100?), EPS (actually earning?), and P/E (how many years of profit?). Two minutes on the NEPSE website would have flagged every company in Table 1.

Treat capital erosion as a warning light, not a death sentence, but ask whether the price already assumes the best possible future that hasn't arrived yet.

Remember that cheap-and-boring has historically beaten exciting-and-expensive. Today's excitement is concentrated where the losses are; today's profits are concentrated where nobody is looking. That gap never stays open forever: either the weak get cheaper, or the ignored catch up.

Diversify, and stay humble. No single ratio tells everything; a cheap bank may hide bad loans; a loss-making hydro may become a giant. But a portfolio built on real earnings and intact capital starts the race several steps ahead.

Nepal's share market is paying premium prices for eroded capital and discount prices for solid earnings, while ballooning to 70% of the nation's GDP on the back of a narrow slice of the real economy. The last visit to this neighbourhood ended in a multi-year correction. Markets reward patience and punish fashion, eventually. The numbers above suggest which side of that trade an ordinary Nepali investor, and the country itself, might want to be on.

Disclaimer

This article is for informational and educational purposes only and reflects the author's personal analysis of publicly available NEPSE data as of 16–17 July 2026. It is not investment advice or a recommendation to buy, sell, or hold any security. The author is not a licensed investment advisor and does not guarantee the accuracy or completeness of data, which may contain errors at source. Companies are named solely as factual illustrations, without intent to disparage or predict performance. Investing involves risk of loss; readers are solely responsible for their decisions and should consult a licensed advisor. The author accepts no liability for losses arising from this article.

By: CA. Tej Prakash Dixit"
20260727SS007,Sharesansar,Nepal Rastra Bank to Collect 30 Billion from Bank and Financial Institution Today,https://www.sharesansar.com/newsdetail/nepal-rastra-bank-to-collect-30-billion-from-bank-and-financial-institution-today-2026-07-27,"Monday, July 27, 2026",2026-07-27 07:51:35,"Nepal Rastra Bank (NRB) has announced that it will collect deposits worth Rs. 30 billion from banks and financial institutions through a bidding process today.

According to a notice published today, the central bank will collect the deposits for a period of 179 days. The bidding will take place on Shrawan 11 (July 27) through the Online Bidding System at 3 Pm.

The interest rate will be decided through the bidding process. The minimum amount for bidding has been set at Rs. 10 crore, while the maximum limit is (In multiples of) 5 Crore, up to the total issue amount. However, institutions can submit multiple bids within the total announced amount.

Only licensed ‘A’, ‘B’, and ‘C’ class banks and financial institutions approved by NRB are allowed to take part in the bidding. The deposits collected will be returned along with interest on Magh 8, 2083 (January 22, 2026)."
20260727SS008,Sharesansar,"Sanima Bank Posts 38.01% Rise in Net Profit in Q4; Distributable Profit Soars, EPS Reaches to Rs. 24.92",https://www.sharesansar.com/newsdetail/sanima-bank-posts-3801-rise-in-net-profit-in-q4-distributable-profit-soars-eps-reaches-to-rs-2492-2026-07-27,"Monday, July 27, 2026",2026-07-27 07:51:35,"Sanima Bank Limited (SANIMA)reported a net profit of Rs. 2.55 arba in the fourth quarter of FY 2082/83, marking a notable improvement of 38.01% compared to Rs. 2.57 arba in the corresponding period of the previous fiscal year.

The bank’s net interest income increased by 10% to Rs. 6.99 arba, up from Rs. 6.35 arba in Q4 FY 2082/83, reflecting growth in its core banking operations. Total deposits stood at Rs. 2.49 Kharba, while loans and advances expanded to Rs. 1.95 Kharba during the review period.

Operating profit also witnessed a sharp growth of 44.44%, reaching Rs. 5.16 arba. However, personnel expenses rose to Rs. 2.26 arba during the period. Distributable Profit increased by 34.66% to Rs.2.83 arba.

The bank posted an earnings per share (EPS) of Rs. 24.92, while net worth per share reached Rs.188.42. The capital adequacy ratio improved to 13.10 percent, and the cost of funds declined to 3.51 percent.

At the end of the fiscal year, Sanima Bank’s shares were trading at Rs. 350, with a price-earnings (PE) ratio of 14.04 times.

Report:

Major Financial Highlights:"
20260727SS009,Sharesansar,"Lock-in Period of 71,100 Units of Ridge Line Energy Limited Shares Held by Mutual Funds to Expire on 13th Bhadra",https://www.sharesansar.com/newsdetail/lock-in-period-of-71100-units-of-ridge-line-energy-limited-shares-held-by-mutual-funds-to-expire-on-13th-bhadra-2026-07-27,"Monday, July 27, 2026",2026-07-27 07:51:36,"Ridge Line Energy Limited (RLEL)has informed that the lock-in period of 71,100 ordinary shares allocated to mutual funds will end on 13th Bhadra, 2083.

The company has an issued capital of Rs. 1.18 Arba. Out of the total 14,22,000 units, 71,100 (i.e., 5% of 14,22,000 ) were set aside for mutual funds, subject to a mandatory six-month lock-in period.

Upon completion of the lock-in period, these shares will be free to trade from the specified date. This notice is intended to inform all investors and other concerned stakeholders.

Notice:"
20260727SS010,Sharesansar,Curfew Imposed in Parts of Sunsari Until Further Notice,https://www.sharesansar.com/newsdetail/curfew-imposed-in-parts-of-sunsari-until-further-notice-2026-07-27,"Monday, July 27, 2026",2026-07-27 07:51:36,"The District Administration Office, Sunsari, has imposed a curfew in several areas of the district from 7:00 am today until further notice.

The curfew order has been issued under Section 6(a) of the Local Administration Act, 2028 BS, according to the District Administration Office.

The curfew applies to the area from Bhantabari Bazaar to Juniya Tole in the east, Ghuski Dhar in the west, the Harinagar Rural Municipality Office in the north and Basantapur in the south.

Similarly, the order covers the Ghuski Bazaar area bounded by the Moranga Dhar River to the east, Inglis to the west, the Sunsari River to the north and the Harinagar Rural Municipality Office to the south.

The Kaptanganj Bazaar area, stretching from Yadav Tole in the east to Risal Secondary School in the west, Krishna Secondary School in the north and the Nepal-India border in the south, has also been placed under curfew.

Likewise, the curfew covers the Basti Bazaar area between Kasimiya Madrasa in the east, Ghuski Police Post in the west, Isha Hardware in the north and Dilshad Public School in the south.

The Dewanganj Bazaar area, extending from Musahar Tole along the road to Biratnagar in the east, Moriya Khola in the west, Bidra Mills in the north and the Rural Municipality Office in the south, is also subject to the curfew order.

Meanwhile, the Sunsari District Security Committee has imposed a prohibitory order across the entire area of Harinagar Rural Municipality and Dewanganj Rural Municipality.

Under the order, the gathering of more than five people at a time is prohibited from 7:00 am to 7:00 pm today.

The District Administration Office has warned that anyone violating the curfew or prohibitory order may face a fine of up to Rs. 5,000 and imprisonment for up to one month.

Authorities have urged the public to comply with the orders and cooperate with security agencies to maintain peace and security in the district."
20260728SS001,Sharesansar,"Progressive Finance is Auctioning 2,18,692 Units Promoter Shares from Today",https://www.sharesansar.com/newsdetail/progressive-finance-is-auctioning-218692-units-promoter-shares-from-today-2026-07-28,"Tuesday, July 28, 2026",2026-07-28 06:40:30,"The existing promoter ofProgressive FinanceLimited (PROFL)is auctioning 2,18,692 units of shares to the interested promoter shareholders from today.

2,18,692 units of promoter shares will be auctioned. Interested individuals are requested to bid for the auction within 35 days from this notice's publication date, i.e.,12th Shrawan, 2083.

The shareholders should submit their bids at the central office of the company located at Tinkune, Kathmandu. If no bids are received from existing promoter shareholders within the specified timeframe, the shares will later be auctioned to the general public.

PROFL closed at Rs. 437.90.

Auction Notice:"
20260728SS002,Sharesansar,Inland Revenue Department Clarifies VAT on Electricity Consumption to Apply Only from Shrawan 1,https://www.sharesansar.com/newsdetail/inland-revenue-department-clarifies-vat-on-electricity-consumption-to-apply-only-from-shrawan-1-2026-07-28,"Tuesday, July 28, 2026",2026-07-28 06:40:30,"The Inland Revenue Department (IRD) has clarified that the newly introduced Value Added Tax (VAT) on electricity consumption will apply only to electricity used from Shrawan 1, 2083 onwards, addressing widespread confusion among consumers and businesses over the implementation of the new tax provision.

In a public notice issued on Tuesday, the department explained that although the Economic Act, 2083 amended the Value Added Tax Act, 2052 to impose VAT on electricity services, the provision becomes effective only from Shrawan 1. Under the amended law, electricity supplied to final consumers will be subject to 5 percent VAT, while electricity supplied to other consumers, including businesses falling under the applicable category, will attract 13 percent VAT.

The clarification comes after concerns were raised regarding electricity bills issued on or after Shrawan 1 for power consumed during the month of Ashadh. The department stated that electricity consumed up to Ashadh 32, 2083, even if billed after Shrawan 1, will remain exempt from VAT because electricity was still listed under the VAT-exempt essential goods and services schedule during that period. Therefore, VAT will not be charged on electricity consumed before the new provision came into force.

The IRD further clarified that the VAT will apply to all electricity consumption from Shrawan 1 onwards, regardless of the billing date. It also stated that minimum charges and demand charges collected by the Nepal Electricity Authority as part of the approved electricity tariff are considered components of the electricity service. Consequently, these charges will also be subject to VAT on electricity consumed from Shrawan 1.

The department said the clarification was issued to eliminate confusion among the general public, electricity consumers, and businesses regarding the implementation of the new VAT provisions. It urged all stakeholders to follow the revised tax rules as stipulated in the Economic Act, 2083."
20260728SS003,Sharesansar,Gold Price Falls Today; Check Updated Rate,https://www.sharesansar.com/newsdetail/gold-price-falls-today-check-updated-rate-2026-07-28,"Tuesday, July 28, 2026",2026-07-28 06:40:30,"Gold prices have witnessed a moderate fall in the domestic market today, falling by Rs. 4300  per tola to settle at Rs. 284,200 per tola, down from the previous rate of Rs. 288,500 per tola.

TheFederation of Nepal Gold and Silver Dealers' Association (FENEGOSIDA)reported that Tejabi gold price also decreases by Rs. 4300 per tola to reach Rs. 283,500 per tola, compared to Rs. 287,800 per tola on the previous day.

Similarly, silver prices moved in the same direction, falling by Rs. 135 per tola to Rs.4,310 per tola from Rs. 4,445 per tola on the previous day."
20260728SS004,Sharesansar,"Don't sell, distribute banned goods: Commerce Department",https://www.sharesansar.com/newsdetail/dont-sell-distribute-banned-goods-commerce-department-2026-07-28,"Tuesday, July 28, 2026",2026-07-28 06:40:30,"The Department of Commerce, Supplies and Consumer Protection has urged everyone not to sell and distribute banned items. The Department reminded the provision of the Import and Export (Control) Act, 2013, as per which it can determine the goods to bed prohibited and controlled for the export or import. So, the items banned by the authority are not allowed sales and distribution.

The importers, hoarders and traders are especially urged to pay heed to the legal facts- engaging in business by complying with the set obligations and conditions. If anyone or business entity is found ignoring the diktat, it would face stringent actions as per Import and Import (Control) Act, 2013, the Consumer Protection Act, 2075 and other existing laws. The authority also shared that it has beefed up market monitoring of late.

On Monday, various nine commercial firms were monitored in Kathmandu and corrective measures suggested for reform. The Department shared the information that it had been conducting regular market monitoring by ensuring participation of consumer rights activists and local stakeholders onboard."
20260728SS005,Sharesansar,Construction of 28.3 MW Middle Chameliya Hydropower Project Set to Begin in Darchula,https://www.sharesansar.com/newsdetail/construction-of-283-mw-middle-chameliya-hydropower-project-set-to-begin-in-darchula-2026-07-28,"Tuesday, July 28, 2026",2026-07-28 06:40:31,"Sudurpashchim Province is expanding its renewable energy capacity as preparations begin for the construction of a new 28.30 megawatt hydropower plant on the Chameliya River. Promoted by Darchula Power Company, the Middle Chameliya Hydropower Project will be located in Marma Rural Municipality of Darchula district, situated within the protected Api Nampa Conservation Area.

The project has reached several key regulatory and financial milestones to pave the way for development.The Department of Electricity Development granted the generation license for the run-of-river project in March 2025. Following an initial Environmental Impact Assessment (EIA) approval in March 2024, developer Chameliya Power Limited secured permission to conduct a Supplementary EIA to assess minor layout revisions and structural relocations on the river's left bank.The Ministry of Agriculture, Forestry and Environment recently issued a public notice requesting feedback on the supplementary study.

Commercial preparations for the plant are already in place.The developer signed a Power Purchase Agreement (PPA) with the state-owned Nepal Electricity Authority (NEA) in October 2023 and completed financial closure in June 2025. All electricity generated by the project will be fed directly into the national grid via the NEA's nearby Balach Substation.

Located approximately 30 kilometers northwest of Gokuleshwar, the plant will operate between two existing projects on the same river, athe 40 MW Upper Chameliya project upstream and the 30 MW Chameliya Khola project downstream.Once operational, the Middle Chameliya plant is projected to supply 118.52 gigawatt hours (GWh) of electricity during the wet season and 67.10 GWh during the dry season.

With an estimated total investment of NPR 6.23 billion (approx. Rs 6.236 billion), construction is targeted for completion within three years."
20260728SS006,Sharesansar,NEPSE Opens Applications for Chief Executive Officer; Finance Ministry Invites Qualified Candidates,https://www.sharesansar.com/newsdetail/nepse-opens-applications-for-chief-executive-officer-finance-ministry-invites-qualified-candidates-2026-07-28,"Tuesday, July 28, 2026",2026-07-28 06:40:31,"The Government of Nepal has formally initiated the recruitment process for the vacant post of Chief Executive Officer (CEO) of the Nepal Stock Exchange (NEPSE), inviting applications from qualified Nepali citizens through an open competitive selection process.

A public notice published by the Selection and Recommendation Committee formed to appoint the CEO states that interested candidates must submit their applications within 15 days from the date of publication. Applications, along with a sealed business action plan, must be submitted during office hours to the Financial Sector Management and Corporation Coordination Division under the Ministry of Finance at Singha Durbar, Kathmandu.

The recruitment process follows the recently approved Procedure for the Selection and Recommendation of the Chief Executive Officer of Nepal Stock Exchange Limited, 2083.

According to the vacancy notice, candidates must possess at least a Master's degree from a recognised institution in Economics, Commerce, Finance, Management, Information Technology, Business, or Law, or hold a Chartered Accountancy (CA) qualification or an equivalent degree.

Applicants are also required to have a minimum of 15 years of professional experience in the capital market, financial sector, or management, including at least seven years in a managerial position.

The notice clarifies that a managerial position refers to at least a Second Class Officer level in the Government of Nepal or an equivalent role, or executive leadership positions up to two levels below the chief executive in a company or organised institution.

Applicants must be Nepali citizens aged between 30 and 65 years as of the application deadline.

In addition, candidates must not be disqualified under the CEO Selection Procedure, 2083, or the Standards for Appointment and Nomination of Office Bearers and Members of Public Bodies under the Ministry of Finance, 2073 (as amended).

The notice states that the following individuals are ineligible:1. Non-Nepali citizens.2. Persons convicted of corruption, money laundering, human trafficking, narcotics offences, crimes involving archaeological artefacts or protected wildlife, or other criminal offences involving moral turpitude.3. Individuals blacklisted under prevailing laws who have not completed three years since being removed from the blacklist.4. Persons holding permanent residency in a foreign country.5. Individuals currently engaged in contractual work with a public institution in the capacity of an executive head.6. Persons declared mentally unfit.

Besides the standard application documents, applicants are required to submit a detailed business action plan outlining their vision and strategy for leading Nepal's only stock exchange.

The business action plan must be submitted in three sealed copies. The outer envelope must clearly mention the applicant's name and indicate that it contains the application and business action plan for the post of NEPSE CEO.

Applicants must also submit all documents specified under the CEO Selection Procedure, including self-certified copies of academic and professional certificates, prescribed application forms, and two passport-sized photographs.

Candidates must deposit a non-refundable application fee of Rs. 5,000 at the designated revenue account of the Ministry of Finance through the Singha Durbar branch of Rastriya Banijya Bank and submit the original payment voucher along with the application.

The selected CEO will receive salary, allowances, and other benefits as determined by the Government of Nepal.

The Selection and Recommendation Committee will assess applicants based on their academic qualifications, professional experience, business action plan, and presentation before recommending suitable candidates for appointment.

The committee has reserved the right to reject any application with or without assigning reasons. It has also warned that any applicant found submitting false information or forged documents will have their application cancelled and may face legal action under prevailing laws.

The vacancy marks the formal commencement of the process to appoint a new chief executive for NEPSE, a key institution in Nepal's capital market that has been operating without a permanent CEO."
20260728SS007,Sharesansar,Finance Minister Wagle Directs SEBON to Strengthen Regulatory Quality and Accelerate Capital Market Development,https://www.sharesansar.com/newsdetail/finance-minister-wagle-directs-sebon-to-strengthen-regulatory-quality-and-accelerate-capital-market-development-2026-07-27,"Monday, July 27, 2026",2026-07-28 06:40:31,"Finance Minister Dr Swarnim Wagle visited the office of the Securities Board of Nepal (SEBON) on Monday and guided the development and expansion of the country’s capital market.

The programme held on the occasion of the minister’s visit was attended by Finance Secretary Dr Ghanshyam Upadhyaya, senior officials from the Ministry of Finance, members of the SEBON Board of Directors and senior officials of the securities regulator.

SEBON Chairman Dr Gopal Prasad Bhatta welcomed Finance Minister Wagle and other distinguished guests on behalf of the Board. During the programme, Chairman Bhatta briefed the minister on the initiatives undertaken by SEBON to promote the development and expansion of Nepal’s capital market.

Chairman Bhatta informed the minister that SEBON has prepared and begun implementing a Capital Market Development Blueprint as its overall vision for the development of the capital market. He also stated that the Board has initiated the implementation of the capital market policy and action plan for the fiscal year 2083/84.

According to Bhatta, SEBON is preparing consultative papers, rules and directives related to various primary and secondary market instruments and activities outlined in the current fiscal year’s policy and programme. These include initial public offerings (IPOs), intraday trading, margin lending and short selling, among other areas.

The Board plans to prepare the necessary consultative papers, rules and directives by the month of Shrawan 2083. Following the collection of suggestions and feedback, consultations with stakeholders are expected to begin from Bhadra 2083. The policies, rules and directives will then be reviewed and amended as necessary based on stakeholder feedback.

During the programme, the SEBON chairman also briefed the finance minister on the existing challenges and problems facing Nepal’s capital market. He requested the Ministry of Finance to facilitate the Board in addressing those challenges and provide necessary support for effective policy formulation and implementation.

Bhatta also stressed the need to effectively implement policy programmes to enhance the motivation of SEBON employees and strengthen the institutional capacity of the regulator.

Addressing the programme, Finance Minister Wagle directed SEBON to advance capital market development by improving regulatory quality and maintaining high ethical standards.

He said the appointment of new leadership at SEBON and the Board’s decision to move forward with a long-term strategy had sent a positive message to the market. According to him, efforts to accelerate capital market development have also generated positive expectations among investors.

Minister Wagle stressed that SEBON should develop into a strong regulator with a stature comparable to the role played by Nepal Rastra Bank in the country’s financial system.

He also urged the Board to develop itself as a robust and credible regulator without deviating from its core responsibilities. With the rapid growth of dematerialised (demat) accounts in Nepal, investor expectations have increased significantly, and the minister called for institutional development and regulatory capacity-building to match those expectations.

The finance minister further emphasised the importance of adopting a political-economy perspective while formulating capital market policies. He said that policies should be developed after adequate consultation and discussion with all concerned stakeholders to ensure the sustainable development of the capital market.

Minister Wagle said the changes in SEBON’s working approach under the new government and new leadership had conveyed a positive message to investors. He assured that the Government of Nepal would provide all necessary facilitation and support for regulatory and legal reforms aimed at strengthening the capital market.

The minister’s visit and directives come at a time when SEBON has announced plans to introduce and reform several capital market instruments and regulatory frameworks, intending to strengthen market infrastructure, expand investment opportunities, and improve the overall efficiency and credibility of Nepal’s capital market."
20260728SS008,Sharesansar,Mechi Industries Signs MoU with Laxmi EN FAB for Production Capacity Expansion,https://www.sharesansar.com/newsdetail/mechi-industries-signs-mou-with-laxmi-en-fab-for-production-capacity-expansion-2026-07-27,"Monday, July 27, 2026",2026-07-28 06:40:31,"Nepal’s leading AAC block manufacturer, Mechi Industries Limited, has signed an MoU with India-based technology provider Laxmi EN FAB Pvt. Ltd. to increase its production capacity by an additional 5,000 cubic metres of AAC blocks per month. The company is also expanding its product portfolio by investing in modern plants and equipment to produce mortar adhesive, ready-mix plaster, tile adhesive and wall putty.

In addition, Mechi Industries has received three international ISO certifications: ISO 9001:2015 for Quality Management, ISO 14001:2015 for Environmental Management, and ISO 45001:2018 for Occupational Health and Safety, reflecting its commitment to quality, environmental responsibility, corporate governance and workplace safety."
20260728SS009,Sharesansar,Supreme Court Orders Separate Reserve Fund for Premium Share Proceeds in Himalayan Reinsurance Case,https://www.sharesansar.com/newsdetail/supreme-court-orders-separate-reserve-fund-for-premium-share-proceeds-in-himalayan-reinsurance-case-2026-07-27,"Monday, July 27, 2026",2026-07-28 06:40:31,"The Supreme Court has directed that amounts collected above the face value of shares issued at a premium be kept separately in a dedicated reserve fund, citing the need to ensure compliance with the law and protect investors’ interests.

The directive was issued while deciding a writ petition related to the initial public offering (IPO) of Himalayan Reinsurance Limited (HRL), which had issued shares to the general public at a premium price.

A joint bench of Justices Dr Manoj Kumar Sharma and Shree Kanta Paudel ruled that the responsibility of regulatory authorities does not end with merely granting permission to issue shares at a premium.

The Supreme Court stated that regulatory bodies must thoroughly examine the prospectus and other documents submitted by an issuing company before approving a premium-priced share issue.

In the case of Himalayan Reinsurance, the court noted that regulators were required to ensure that the interests of investors were protected and that all legal requirements were properly fulfilled before approving.

The ruling has emphasised that the Nepal Insurance Authority and the Securities Board of Nepal (SEBON) must exercise greater diligence when approving premium-priced share issues in the future.

The court has also directed the authorities not to allow the issuance of shares at premium prices in violation of existing laws.

The Supreme Court has issued a directive to the Nepal Insurance Authority, SEBON and Himalayan Reinsurance to coordinate and establish an appropriate mechanism for keeping the amount collected above the face value of shares in a separate reserve fund.

Under the court’s interpretation, the amount collected above the face value of shares should not be treated as ordinary income that can be freely distributed or spent by the company.

In simple terms, Himalayan Reinsurance issued shares with a face value of NPR 100 at NPR 206 per share, including a premium of NPR 106. The court’s directive means that the additional amount collected above the face value must be managed separately in accordance with the applicable legal provisions.

The court has directed the concerned regulators to coordinate and make necessary arrangements for the management of such premium proceeds.

The provisions of the Companies Act, 2063, and the Insurance Act, 2079, have been considered in relation to the management and use of premium proceeds. The ruling indicates that a clear regulatory framework is required to determine how such funds should be held and under what circumstances they may be utilised.

Although the Supreme Court issued important directives to the regulators, it did not invalidate Himalayan Reinsurance’s IPO.

The court dismissed the writ petition filed against the company’s premium-priced share issue, concluding that there was no sufficient basis to cancel the share issuance and allotment process.

The court also considered the fact that the IPO and share allotment had already been completed while the writ petition was under consideration. Therefore, it found no justification for cancelling the completed issuance and allotment process.

The ruling noted that Himalayan Reinsurance had fulfilled the required criteria for issuing shares at a premium.

According to the judgment, the company had remained profitable for the previous three consecutive financial years, its net worth per share was higher than its paid-up capital, and it had fulfilled relevant requirements, including credit-rating criteria.

The court also interpreted the provisions of the Insurance Act, 2079, alongside the Companies Act, 2063, and the Securities Registration and Issue Regulations, 2073.

While the Insurance Act requires companies to call for 100 percent of the face value when inviting the public to purchase shares, company and securities laws allow eligible institutions to issue shares at a price higher than their face value, subject to the fulfilment of prescribed conditions.

The Companies Act defines shares sold above their face value as premium shares, while the Securities Registration and Issue Regulations specify the conditions that an institution must fulfil to issue shares at a premium.

The Supreme Court’s ruling has broader implications for premium-priced share issues in Nepal’s capital market.

Although the court did not cancel Himalayan Reinsurance’s IPO, it has clearly highlighted the responsibility of regulatory authorities to conduct detailed scrutiny of a company’s financial condition, prospectus, legal basis and other relevant documents before approving.

The ruling has also stressed that regulatory approval should not weaken corporate governance or undermine investor confidence in the securities market.

The court has effectively directed the Nepal Insurance Authority and SEBON to ensure greater transparency and stronger regulatory oversight in future premium share issues.

The decision is expected to influence how premium proceeds are managed by companies and how regulators coordinate to protect investors and ensure that funds collected above the face value of shares are used in accordance with the law."
20260728SS010,Sharesansar,Nepal Rastra Bank Penalizes Three Financial Institutions Over Regulatory Breaches,https://www.sharesansar.com/newsdetail/nepal-rastra-bank-penalizes-three-financial-institutions-over-regulatory-breaches-2026-07-27,"Monday, July 27, 2026",2026-07-28 06:40:32,"Nepal Rastra Bank (NRB), the country’s central bank, has taken disciplinary action against three financial institutions, Narayani Development Bank, Saptakoshi Development Bank, and Reliance Finance for breaking regulatory rules during the fourth quarter of the fiscal year 2082/83.

Narayani Development Bankran into trouble over its lending practices. When NRB previously removed the bank from its list of troubled institutions, it set a strict condition: total loans and credit facilities to any single customer, business, or connected group of clients could not exceed 10% of the bank's core capital. An investigation revealed that the bank violated this threshold during the 2024/25 fiscal year (FY 2081/82). As a result, the central bank issued an official caution to Bishnu Regmi, who served as Chief Executive Officer during that period, instructing him to ensure such errors do not happen again.

Saptakoshi Development Bankwas called out for severe internal management failures following a routine inspection based on its financial statements from mid-October 2025 (Ashwin 2082). Inspectors discovered missing cash in the bank’s vault along with unauthorized employee access to customer accounts. The central bank noted that even after learning about these breaches, Saptakoshi's management failed to conduct a thorough investigation, punish those responsible, or update its internal control policies to prevent future abuse. The institution was issued a formal warning to fix its operational oversight.

Reliance Financefaced a financial penalty for failing to maintain its required cash reserve levels between February 22, 2026, and April 18, 2026 (Phagun 10, 2082 to Baishakh 5, 2083). Because the company fell short of keeping the mandated amount of liquid cash on hand, the central bank fined it NPR 2,924.48 in accordance with current financial regulations."
20260729SS001,Sharesansar,Himalayan Bullion’s Revenue Soars to Rs. 9.79 Billion in First Nine Months of FY2026,https://www.sharesansar.com/newsdetail/himalayan-bullions-revenue-soars-to-rs-979-billion-in-first-nine-months-of-fy2026-2026-07-29,"Wednesday, July 29, 2026",2026-07-29 06:45:20,"Himalayan Bullion Company Limited (HBCL), Nepal’s only organised participant in the silver bullion trading market, has reported a sharp improvement in its business performance during the first nine months of the fiscal year 2026, with revenue soaring to Rs. 9.79 billion, driven by rising global silver prices and strong demand for investment-grade silver.

The company's operational scale expanded significantly during the first nine months of FY2026 (unaudited period ended mid-April 2026), leading to a marked improvement in its financial risk profile, supported by a stronger capital structure and enhanced debt servicing indicators.

According to a recent report by CARE Ratings Nepal Limited, the company generated Rs. 9.789 billion in operating income during the first nine months of FY2026, a substantial increase from Rs. 302 million recorded in the entire FY2025. The rating agency, however, noted that the sustainability of this strong operational performance remains to be seen.

Despite the decline in FY2025, HBCL reported a remarkable turnaround during the first nine months of FY2026, with operating income soaring to Rs. 9.79 billion. The sharp growth was primarily driven by a significant rise in global silver prices and higher demand for investment-grade silver, along with increased trading volumes.

The company's operating profitability showed gradual improvement over the review period. The Profit Before Interest, Lease Rentals, Depreciation and Tax (PBILDT) margin increased to 4.23% in FY2025 from 3.77% in FY2024. During the first nine months of FY2026, the margin further improved to 5.64%, supported by bulk silver imports that reduced logistics costs and premium charges. The improvement in profitability significantly boosted the company's Gross Cash Accruals (GCA), which increased to Rs. 505 million during the first nine months of FY2026 from Rs. 42 million in FY2025.

HBCL's capital structure improved considerably during the review period. The company's Overall Gearing Ratio, which measures debt relative to shareholders' equity, declined from 1.22 times in FY2024 to 1.01 times in FY2025. Following fresh capital infusion by promoters, the ratio further improved to 0.48 times during the first nine months of FY2026. The company's equity base nearly doubled to Rs. 307 million by mid-April 2026, strengthening its financial position.

HBCL's debt servicing indicators also witnessed notable improvement. The Interest Coverage Ratio remained modest at 1.10 times in FY2025 compared to 1.20 times in FY2024. However, the ratio surged to 54.73 times during the first nine months of FY2026, reflecting the substantial increase in operating earnings.

Similarly, the Total Debt to Gross Cash Accruals Ratio improved significantly from 45.88 times in FY2024 to 2.84 times in FY2025 and further to 0.55 times during the first nine months of FY2026. CARE Ratings Nepal noted that while the company has achieved a significant scale-up in operations and profitability, the sustainability of this performance remains to be seen.

Established in 2000, Himalayan Bullion Company Limited is headquartered in Kathmandu and is the only organised participant in Nepal's silver bullion trading market. The company procures raw silver granules, refines them into silver bullion bars and coins, and trades certified 99.99% pure silver products.

Its silver bars are backed by certificates of authenticity, assuring customers of their purity and quality. HBCL is chaired by Bhisma Gautam, who has over two decades of experience in the silver business. Director Suman Gautam also brings extensive experience in investment management.

CARE Ratings Nepal Limited has assigned 'CARE-NP BB+ (Issuer Rating)' to Himalayan Bullion Company Limited. According to the rating agency, entities with this rating are considered to have a moderate risk of default regarding the timely servicing of financial obligations in Nepal.

The company is also preparing to launch an Initial Public Offering (IPO) for the general public. HBCL plans to issue 1.25 million ordinary shares with a face value of Rs. 100 per share, amounting to a total issue size of Rs. 125 million. The company has already formally initiated the IPO process and has appointed Jyoti Capital Limited as the issue and sales manager for the proposed public offering."
20260729SS002,Sharesansar,"Nepal’s Wild Tiger Population Reaches 429, Latest National Survey Reveals",https://www.sharesansar.com/newsdetail/nepals-wild-tiger-population-reaches-429-latest-national-survey-reveals-2026-07-29,"Wednesday, July 29, 2026",2026-07-29 06:45:21,"Nepal's wild tiger population has risen to 429, up by 74 from the 355 recorded in 2021, according to the latest national survey results announced on World Tiger Day in Chitwan.

The monitoring, conducted by the Department of National Parks and Wildlife Conservation using camera trap technology, shows population growth across four of the country's five tiger habitats: Chitwan leads with 145 tigers (up from 128), followed by Parsa with 71 (up from 41), Banke with 51 (up from 25), and Shuklaphanta with 50 (up from 36). Bardiya National Park was the only location to record a decrease, dropping from 125 to 112 tigers.

Overall, while Nepal's total tiger count continues its steady upward trend, the growth rate slowed to 21 percent over the past four years compared to the 51 percent jump observed between 2018 and 2021.

Tiger Count by Region

National Park

Current Count

Previous Count

Change

Chitwan National Park

145

128

+17

Bardiya National Park

112

125

-13

Parsa National Park

71

41

+30

Banke National Park

51

25

+26

Shuklaphanta National Park

50

36

+14

Total

429

355

+74"
20260729SS003,Sharesansar,Federation Of Truck Transport Entrepreneurs Seeks Separate Relief fund for Accident Victims Uncovered by Insurance,https://www.sharesansar.com/newsdetail/federation-of-truck-transport-entrepreneurs-seeks-separate-relief-fund-for-accident-victims-uncovered-by-insurance-2026-07-29,"Wednesday, July 29, 2026",2026-07-29 06:45:21,"The Federation Of Truck Transport Entrepreneurs Nepal has urged the government to establish a separate fund to provide relief and treatment support to victims of public vehicle accidents not adequately covered by existing insurance provisions. A federation delegation led by its chairman, Rajendra Bikram Baniya, met Finance Minister Swarnim Wagle on Tuesday and presented the demand, citing gaps in the current insurance framework.

Under the FY 2083/84 budget, insurance provides Rs. 10 Lakhs to the families of accident victims who die and Rs. 3 Lakhs for the medical treatment of injured victims. The federation said actual hospital bills often run into lakhs of rupees, far exceeding this coverage, forcing transport operators, vehicle owners and related associations to bear the additional cost.

The federation has demanded that a dedicated ""Injured Relief Fund"" be established through legislation, to be operated via transport associations under a separate directive, using contributions collected from operators to support victim's families and fund treatment and rehabilitation for the injured and disabled. It also sought a Value Added Tax exemption on such relief contributions, arguing the funds are used purely for humanitarian purposes and should be included in Schedule 1 of the Value Added Tax Act, 2052.

Minister Wagle said he was positive about creating a separate relief fund to address issues not covered under insurance law, suggesting a directive could be framed with liability resting either solely with operators or shared with the government. However, he said VAT provisions could not be changed immediately within the current fiscal year, asking the federation to approach the ministry roughly five months ahead of the next budget for further discussion.

Separately, the federation drew the government's attention to prolonged disruption at the Tatopani border point, a key Nepal-China trade route blocked by a landslide following heavy rainfall. It said the closure, unresolved for weeks, was costing the country billions of rupees in daily revenue and urged authorities to restore full operations at the crossing immediately."
20260729SS004,Sharesansar,Gold Price Falls by Rs. 1000; Check Today's Trading Rate,https://www.sharesansar.com/newsdetail/gold-price-falls-by-rs-1000-check-todays-trading-rate-2026-07-29,"Wednesday, July 29, 2026",2026-07-29 06:45:21,"Gold prices have witnessed a moderate fall in the domestic market today, falling by Rs. 1000 per tola to settle at Rs. 283,200 per tola, down from the previous rate of Rs. 284,200 per tola.

TheFederation of Nepal Gold and Silver Dealers' Association (FENEGOSIDA)reported that Tejabi gold price also decreases by Rs. 1000 per tola to reach Rs. 282,500 per tola, compared to Rs. 283,500 per tola on the previous day.

Meanwhile, silver prices moved in the opposite direction, rises by Rs. 10 per tola to Rs.4320 per tola from Rs. 4310 per tola on the previous day."
20260729SS005,Sharesansar,"Lock-in Period of 77,500 Units of Super Khudi Hydropower Limited Shares Held by Mutual Funds to Expire on 16th Bhadra",https://www.sharesansar.com/newsdetail/lock-in-period-of-77500-units-of-super-khudi-hydropower-limited-shares-held-by-mutual-funds-to-expire-on-16th-bhadra-2026-07-29,"Wednesday, July 29, 2026",2026-07-29 06:45:22,"Super Khudi Hydropower Limited (SKHL)has informed that the lock-in period of 77,500 ordinary shares allocated to mutual funds will end on 16th Bhadra, 2083.

The company has an issued capital of Rs. 1.55 Arba. Out of the total 15,50,000 units, 77,500 (i.e., 5% of 15,50,000 ) were set aside for mutual funds, subject to a mandatory six-month lock-in period.

Upon completion of the lock-in period, these shares will be free to trade from the specified date. This notice is intended to inform all investors and other concerned stakeholders.

Notice:"
20260729SS006,Sharesansar,Central Bank to Collect Rs. 30 Billion Deposits from Bank and Financial Institution,https://www.sharesansar.com/newsdetail/central-bank-to-collect-rs-30-billion-deposits-from-bank-and-financial-institution-2026-07-29,"Wednesday, July 29, 2026",2026-07-29 06:45:22,"Nepal Rastra Bank (NRB) has announced that it will collect deposits worth Rs. 30 billion from banks and financial institutions through a bidding process today.

According to a notice published today, the central bank will collect the deposits for a period of 61 days. The bidding will take place on Shrawan 13 (July 29) through the Online Bidding System at 3 Pm.

The interest rate will be decided through the bidding process. The minimum amount for bidding has been set at Rs. 10 crore, while the maximum limit is (In multiples of) 5 Crore, up to the total issue amount. However, institutions can submit multiple bids within the total announced amount.

Only licensed ‘A’, ‘B’, and ‘C’ class banks and financial institutions approved by NRB are allowed to take part in the bidding. The deposits collected will be returned along with interest on Ashoj 12, 2083 (September 12, 2026)."
20260729SS007,Sharesansar,"Finance Minister Urges Private Sector to Invest Confidently, Pledges Pro-Investment Reforms",https://www.sharesansar.com/newsdetail/finance-minister-urges-private-sector-to-invest-confidently-pledges-pro-investment-reforms-2026-07-29,"Wednesday, July 29, 2026",2026-07-29 06:45:22,"Finance Minister Dr. Swarnim Wagle has encouraged the private sector to invest with greater confidence, assuring businesses that the government is committed to fostering a secure and investment-friendly environment.

Speaking at the inaugural session of the Ministry of Finance's budget implementation discussion series, the Minister said the government is prepared to create favourable conditions for investment while ensuring its protection.

He noted that the government's Rs. 2,124 billion budget is designed to support the country's Rs. 6,600 billion economy, with the private sector expected to play a leading role in driving economic growth.

Highlighting the reform-oriented nature of the budget, Dr. Wagle said it includes several measures aimed at expanding investment opportunities for businesses. He also called on industrialists and entrepreneurs to identify any remaining policy hurdles that require government attention.

The Minister said the current fiscal year marks the beginning of the government's five-year economic roadmap. He added that a number of reform initiatives have already been launched, with several more planned in the coming years, and urged the private sector to work closely with the government in implementing these reforms.

The discussion session, held on Tuesday, lasted for around five hours and brought together more than two dozen representatives from the business community. During the interaction, the Minister assured participants that concerns related to excise and customs duties, export incentives, and the banking sector would be addressed through an institutional mechanism."
20260729SS008,Sharesansar,"All-Party Meeting Underway at Singha Durbar to Discuss Sunsari Incident, Current Political Issues",https://www.sharesansar.com/newsdetail/all-party-meeting-underway-at-singha-durbar-to-discuss-sunsari-incident-current-political-issues-2026-07-29,"Wednesday, July 29, 2026",2026-07-29 06:45:22,"An all-party meeting convened by ruling Rastriya Swatantra Party (RSP) PresidentRabi Lamichhaneis currently underway at Singha Durbar.

The meeting is focused on discussing key contemporary issues, with the recent Sunsari incident among the major agenda items.

According to RSP General Secretary Bipin Kumar Acharya, the meeting is being held at the Public Accounts Committee meeting hall within the House of Representatives complex at Singha Durbar.

Leaders attending the meeting includeGagan Kumar Thapa,Shankar Pokharel,Pushpa Kamal Dahal,Rajendra Lingden, and Aaren Rai, General Secretary of the Shram Sanskriti Party, among others.

Political parties led byUpendra Yadav,Mahantha Thakur, andCK Rautwere also invited to participate in the meeting."
20260729SS009,Sharesansar,"Nepal, WFP Launch Two Reports Showcasing Progress in Food Security and School Meals Programme",https://www.sharesansar.com/newsdetail/nepal-wfp-launch-two-reports-showcasing-progress-in-food-security-and-school-meals-programme-2026-07-28,"Tuesday, July 28, 2026",2026-07-29 06:45:23,"The Government of Nepal and the United Nations World Food Programme (WFP) on Monday unveiled two reports showcasing the country's significant progress in strengthening food security, nutrition, education, climate resilience and social protection through strong government leadership and strategic partnerships.

The two publications, The Journey of the National Mid-Day Meals Programme and WFP's Annual Country Report 2025—highlight Nepal's development achievements and its transition from externally supported initiatives to nationally led systems that have improved the lives of millions, according to a WFP press release.

The reports demonstrate how sustained investment, collaboration and effective government leadership have strengthened national institutions while accelerating progress towards the Sustainable Development Goals (SDGs), WFP said.

""The achievements celebrated today reflect the power of partnership,"" said Riaz Lodhi, WFP Representative and Country Director in Nepal. ""Together with the Government of Nepal, development partners and communities, WFP has helped advance solutions that strengthen food security, improve nutrition, build resilience and support human capital development.""

The Journey of the National Mid-Day Meals Programme in Nepal traces the evolution of the country's school meals programme over more than five decades. Launched in 1967 as a small initiative to address classroom hunger, it has grown into one of Nepal's largest social protection programmes, benefiting nearly three million children across all 77 districts and becoming fully funded by the Government of Nepal in 2025.

The report highlights the programme's role in improving school enrolment, attendance, retention and nutrition, while also promoting local food systems through the Home-Grown School Feeding approach, which connects schools with smallholder farmers through cooperatives.

""Finland is proud to support Nepal's education sector through the School Sector Education Plan and Home-Grown School Feeding programme,"" said Petri Puhakka, Ambassador of Finland to Nepal. ""School meals in Nepal are not just about feeding children; they bring together schools, local governments, parents and farmer groups, creating a shared commitment to children's wellbeing and education.""

U.S. Embassy Nepal Chargé d'Affaires Scott Urbom said, ""The best development investments deliver results far beyond their original purpose. School meals improve education and nutrition while creating reliable markets for Nepali farmers, cooperatives and local businesses. The U.S. Department of Agriculture has proudly partnered with Nepal on this effort since 2005 because a healthier, better educated and more prosperous Nepal is also a stronger partner for the United States, creating new opportunities for trade, investment and cooperation between our countries.""

Vice Chair of the National Planning Commission (NPC), Dr. Gunakar Bhatta, stressed that investing in children remains a national priority, noting that strengthening school meals is key to securing Nepal's future prosperity.

He described school meals as a strategic investment that simultaneously advances education, nutrition, agriculture and local economic development, contributing to the country's long-term human capital development.

Minister of Social Development of Sudurpaschim Province, Bel Bahadur Rana Magar, said the nationalisation of the Mid-Day Meals Programme demonstrates what can be achieved through strong government leadership, sustained partnerships and innovation.

He also acknowledged WFP's contribution to strengthening local food systems and creating market opportunities for women and local farmers through stronger school-farmer linkages, while reaffirming the government's commitment to building resilient systems that benefit children, communities and future generations.

The publication further outlines Nepal's plan to expand the programme up to Grade 8 and increase its coverage to around 4.5 million children in the coming years, reinforcing school meals as a key pillar of the country's social protection and human capital development agenda.

Meanwhile, the Annual Country Report 2025 highlights WFP's support to more than 438,000 people through programmes focused on emergency preparedness and response, school meals, nutrition, climate resilience, sustainable livelihoods and food systems transformation. Among its key achievements, the Home-Grown School Feeding initiative benefited more than 208,000 students across Nepal, further strengthening connections between schools, farmers and local markets."
20260729SS010,Sharesansar,Right Shares of  NIC Asia Bank & Chandragiri Hills Limited Added in SEBON Pipeline,https://www.sharesansar.com/newsdetail/right-shares-of-nic-asia-bank-chandragiri-hills-limited-added-in-sebon-pipeline-2026-07-28,"Tuesday, July 28, 2026",2026-07-29 06:45:25,"The Securities Exchange Board of Nepal (SEBON) has added the right shares ofNIC Asia Bank Limitedto its pipeline under preliminary review. The application was submitted to the board on Ashad 24, 2083.

The company is looking to issue 50% i.e (2:1) rights shares worth Rs. 7.45 arba through the issue of 74,587,835 (2:1) units of rights shares to its existing shareholders. The current paid-up capital of the company is Rs. 1.57 Arba.

NIMB Ace Capital Limited is appointed as the issue manager.

The Securities Exchange Board of Nepal (SEBON) has added the right shares ofChandragiri Hills Limitedto its pipeline under preliminary review. The application was submitted to the board on Shrawan 06, 2083.

The company is looking to issue 100% i.e (1:1) rights shares worth Rs. 1.61 arba through the issue of 16,107,955 (1:1) units of rights shares to its existing shareholders. The current paid-up capital of the company is Rs. 1.61 Arba. After the adjustment of the proposed right share, the paid-up capital of the company will increase to Rs. 3.22 Arba.

Global IME Capital Limited is appointed as the issue manager."
20260730SS001,Sharesansar,Dr. Subash Pyakurel Appointed as Chairman of Nepal's Health Insurance Board,https://www.sharesansar.com/newsdetail/dr-subash-pyakurel-appointed-as-chairman-of-nepals-health-insurance-board-2026-07-30,"Thursday, July 30, 2026",2026-07-30 06:41:13,"Dr. Subash Pyakurel has been appointed as the Chairman of Nepal's Health Insurance Board. Following his appointment by the Ministry of Health, Dr. Pyakurel officially took the oath of office and secrecy by Minister for Health Nisha Mehta and is set to assume his responsibilities immediately.

Dr. Pyakurel is a prominent healthcare analyst, policy commentator, and social entrepreneur in Nepal. He serves as the founder and CEO of Health Concern Nepal, an organization focused on public health initiatives and healthcare services. Throughout his career, he has been a vocal advocate for public health reform, frequently emphasizing the need for decentralized local healthcare, digital health infrastructure, and the ethical integration of technology in medical services. Additionally, he has been actively involved in discussions surrounding medical education reforms and the creation of equitable healthcare models tailored to strengthen Nepal's overall public health system."
20260730SS002,Sharesansar,Government Forms Talks Committee to Negotiate with Microfinance Victims,https://www.sharesansar.com/newsdetail/government-forms-talks-committee-to-negotiate-with-microfinance-victims-2026-07-30,"Thursday, July 30, 2026",2026-07-30 06:41:13,"Finance Minister Dr. Swarnim Wagle has formed a government committee to engage in formal negotiations with protesting microfinance victims. The decision was made through a ministerial level ruling, with Minister Wagle issuing immediate instructions for the newly appointed panel to initiate dialogue with the protesters today.

The negotiation team is led by Mahesh Acharya, a Joint Secretary at the Ministry of Finance. The panel comprises key officials from relevant state institutions, including Joint Secretary Binod Kumar Bhattarai from the Ministry of Law, Joint Secretary Suresh Panthi from the Ministry of Home Affairs, and Executive Director Ramu Paudel from Nepal Rastra Bank. Bolaraj Acharya, an Under Secretary at the Ministry of Finance, serves as the committee's member secretary.

The committee is convening its inaugural meeting at the Ministry of Finance to map out the negotiation framework. Immediately following the preliminary meeting, the panel is scheduled to begin direct discussions with the representatives of the microfinance victims today."
20260730SS003,Sharesansar,Gold Price Rises by Rs. 800 Per Tola; Check Today's Trading Rate,https://www.sharesansar.com/newsdetail/gold-price-rises-by-rs-800-per-tola-check-todays-trading-rate-2026-07-30,"Thursday, July 30, 2026",2026-07-30 06:41:13,"Gold prices have witnessed a moderate rise in the domestic market today, rises by Rs. 800 per tola to settle at Rs. 284,000 per tola, up from the previous rate of Rs. 283,200 per tola.

TheFederation of Nepal Gold and Silver Dealers' Association (FENEGOSIDA)reported that Tejabi gold price also increases by Rs. 800 per tola to reach Rs.283,300 per tola, compared to Rs. 282,500 per tola on the previous day.

Meanwhile, silver prices moved in the opposite direction, falls by Rs. 10 per tola to Rs.4,310 per tola from Rs. 4320 per tola on the previous day."
20260730SS004,Sharesansar,Sun Nepal Life Insurance Announces Conclusion of Lock-in Period for Promoters and Employee Shares on Bhadra 14,https://www.sharesansar.com/newsdetail/sun-nepal-life-insurance-announces-conclusion-of-lock-in-period-for-promoters-and-employee-shares-on-bhadra-14-2026-07-30,"Thursday, July 30, 2026",2026-07-30 06:41:14,"Sun Nepal Life Insurance Company Limited (SNLI)published a notice regarding the expiration of the lock-in period for its promoters' and employees' shares, which will expire on 14th Bhadra, 2083.

According to the recent guidelines issued by the Securities Board of Nepal (SEBON), Sun Nepal Life Insurance Company Limited (SNLI) has officially notified its investors and stakeholders that the lock-in period for the shares held by its promoters and employees has concluded. On Bhadra 14th, 2083, the lock-in period will end.

SNLI now has 52,827,936 units of shares listed on the Nepal Stock Exchange (NEPSE). Of these, the promoters held 3,69,79,555 units, and the company's employees held 7,92,469 units. These shares have been subject to a lock-in period since the IPO allotment three years ago.

As outlined in the official notice, the shares held by the Board of Directors and employees at higher management will not be tradable after the lock-in period.

SNLI closed at Rs. 430.10."
20260730SS005,Sharesansar,Samsung Posts 19-Fold Jump in Q2 Operating Profit Amid Strong AI Demand,https://www.sharesansar.com/newsdetail/samsung-posts-19-fold-jump-in-q2-operating-profit-amid-strong-ai-demand-2026-07-30,"Thursday, July 30, 2026",2026-07-30 06:41:14,"South Korean technology giant Samsung Electronics reported a sharp surge in second-quarter earnings on Thursday, driven by robust demand for memory chips used in artificial intelligence (AI) data centres. The company posted a 19-fold increase in operating profit compared to the same period last year, highlighting the continued momentum in the AI semiconductor market.

Samsung's operating profit for the April–June quarter reached 89.5 trillion won (US$62 billion), representing an increase of more than 1,800% year-on-year. Revenue climbed 130% to 171.5 trillion won, while net profit soared nearly 1,300% to 71.6 trillion won, in line with market expectations.

The strong performance comes despite recent volatility in semiconductor stocks, as investors debate whether the rapid growth driven by AI demand can be sustained. On Wednesday, Samsung shares fell more than 12%, while rival SK hynix dropped nearly 20% after posting earnings that fell short of expectations, although both companies recorded significantly higher profits than a year ago.

Samsung, alongside SK hynix and US-based Micron, remains one of the world's leading producers of high-bandwidth memory (HBM) chips, a critical component powering AI processors used for applications such as chatbots and AI-generated content. The company said its memory business delivered another record-breaking quarter, supported by strong demand for server products.

Looking ahead, Samsung expects server demand to remain robust in the second half of 2026, fuelled by continued investment in AI infrastructure and the broader adoption of agentic AI technologies. Chief Financial Officer Park Soon-cheol also projected that the global memory chip shortage could intensify in 2027 and remain tight through 2028.

Samsung confirmed that its first semiconductor manufacturing facility in Taylor, Texas, remains on schedule to begin operations later this year. Construction of a second plant is expected to commence later in 2026, with mass production targeted for 2030.

Industry analysts noted that the AI boom has also strengthened demand for conventional NAND and DRAM memory chips, further benefiting Samsung's semiconductor business. Recently, the company announced a strategic partnership with US chipmaker Broadcom to supply advanced memory solutions, including HBM, for next-generation AI accelerators. The agreement is estimated to be worth more than US$200 billion through 2030.

Despite speculation about a potential US stock market listing following SK hynix's recent fundraising, Samsung dismissed the possibility, stating that its strong cash generation leaves it with no immediate need to raise additional capital.

The semiconductor industry's rapid growth has also boosted South Korea's economy, prompting the government to support major investments in chip manufacturing. Samsung and SK hynix plan to invest a combined 800 trillion won in developing four advanced semiconductor fabrication plants in Gwangju, although analysts caution that the long-term project may not be completed until after the current semiconductor supercycle has peaked."
20260730SS006,Sharesansar,Super Madi Hydropower Reports 277.68% Rise in Net Profit in Q4; EPS Reaches to Rs. 18.40,https://www.sharesansar.com/newsdetail/super-madi-hydropower-reports-27768-rise-in-net-profit-in-q4-eps-reaches-to-rs-1840-2026-07-30,"Thursday, July 30, 2026",2026-07-30 06:41:14,"Super Madi Hydropower (SMHL)has published its fourth-quarter financial results for FY 2082/83, reporting a strong improvement in profitability, driven primarily by a sharp decline in financing costs alongside higher revenue from power sales.

The company's paid-up capital increased by 5% to Rs. 2.31 Arba, while other equity surged by 219.05% to Rs. 45.14 Crore. Property, plant, and equipment stood at Rs. 8.14 Arba, reflecting a 3.64% decline compared to the previous fiscal year. During the review period, the company made investments worth Rs. 1 Arba, compared to no investment in the corresponding period last year.

Revenue from power sales grew by 18.10% year-on-year to Rs. 1.33 Arba. Meanwhile, finance costs declined significantly by 15.29% to Rs. 46.05 Crore, contributing to a substantial improvement in earnings. Consequently, net profit jumped by 277.68% to Rs. 42.59 Crore. Earnings per share (EPS) rose to Rs. 18.40 from Rs. 5.12, representing a 259.69% increase, while net worth per share edged up by 12.29% to Rs. 119.50.

As of the end of Q4 FY 2082/83, the company's price-to-earnings (P/E) ratio stood at 26.36 times, based on a closing market price of Rs. 485 per share.

Report"
20260730SS007,Sharesansar,"Laxmi Sunrise Bank Limited Opening the Issue of ""7% Laxmi Sunrise Debenture 2092"" From Today",https://www.sharesansar.com/newsdetail/laxmi-sunrise-bank-limited-opening-the-issue-of-7-laxmi-sunrise-debenture-2092-from-today-2026-07-30,"Thursday, July 30, 2026",2026-07-30 06:41:14,"Laxmi Sunrise Bank Limited has issued 30,00,000 units of""7% Laxmi Sunrise Debenture 2092""to the general public.

The debenture, with a maturity period of 10 years and a coupon rate of 7%, will be open for application from today, i.e., from 14th Shrawan to 19th Shrawan, 2083. If the issue isn't fully subscribed, the deadline can be extended to Shrawan 28, 2083.

30,00,000 units will be issued at a par value of Rs. 1000 per unit. Out of the total units being issued, 60%, i.e., 18 lakh units, will be subscribed via private placement, while the remaining 40%, i.e., 12 lakh units worth Rs. 1.20 Arba, will be issued to the general public and institutions.

Machapuchhre Capital Limited is the issue manager. Investors can apply for a minimum of 25 units and a maximum of whole units."
20260730SS008,Sharesansar,"SEBON, Non-Resident Nepali Representatives Discuss Measures to Facilitate Capital Market Participation",https://www.sharesansar.com/newsdetail/sebon-non-resident-nepali-representatives-discuss-measures-to-facilitate-capital-market-participation-2026-07-29,"Wednesday, July 29, 2026",2026-07-30 06:41:15,"The Securities Board of Nepal (SEBON) on Wednesday held a discussion and interaction programme with representatives of the Non-Resident Nepali (NRN) community to explore ways to facilitate greater participation of NRNs in Nepal's capital market.

The meeting was attended by SEBON Chairman Dr. Gopal Prasad Bhatta along with senior officials of the board. During the programme, Chairman Bhatta said the discussion marks the beginning of efforts to implement the government's commitment, announced in the national budget, to amend the legal framework allowing Non-Resident Nepalis to participate in Nepal's secondary securities market.

He noted that the initiative has also been incorporated into SEBON's capital market policy and annual programme for the fiscal year 2083/84, with the board set to move forward with the necessary legal and regulatory reforms.

Chairman Bhatta also emphasized that SEBON is ready to facilitate policies that channel the skills, knowledge and capital acquired by Non-Resident Nepalis abroad into Nepal's infrastructure development and broader economic growth.

During the discussion, NRN representatives welcomed the recent initiatives taken by the Government of Nepal and SEBON, stating that they are helping create an enabling environment for Non-Resident Nepalis to invest in Nepal's securities market.

They further shared plans for an investment company jointly established by the Government of Nepal and the NRN community. According to the representatives, the company intends to raise funds through an initial public offering (IPO), issuing ordinary shares to Non-Resident Nepalis and Nepalis living abroad, with the proceeds earmarked for investment in Nepal's physical infrastructure projects.

The representatives also said the company plans to mobilise additional capital in the future by issuing project-specific debt instruments, including bonds and debentures, to finance infrastructure investments. They requested SEBON to facilitate the necessary legal and regulatory reforms to support the implementation of these initiatives."
20260730SS009,Sharesansar,"Bhagawati Hydropower Announces Conclusion of Lock-in Period for Promoters, Project-Affected Area Locals, and Employee Shares on Bhadra 17",https://www.sharesansar.com/newsdetail/bhagawati-hydropower-announces-conclusion-of-lock-in-period-for-promoters-project-affected-area-locals-and-employee-shares-on-bhadra-17-2026-07-29,"Wednesday, July 29, 2026",2026-07-30 06:41:15,"Bhagawati Hydropower Development Company Limited (BGWT)published a notice regarding the expiration of the lock-in period for its promoters, residents of the project-affected area, and employee shares, which will expire on 17th Bhadra, 2083.

According to the recent guidelines issued by the Securities Board of Nepal (SEBON), Bhagawati Hydropower Development Company Limited (BGWT) has officially notified its investors and stakeholders that the lock-in period for the shares held by its promoters, residents of the project-affected area, and employees has concluded. On Bhadra 17th, 2083, the lock-in period will end.

BGWT now has 6,782,399 units of shares listed on the Nepal Stock Exchange (NEPSE). Of these, the promoters held 50,86,799.25 units, the residents of the project-affected area held 6,78,239.90 units, and the company's employees held 20,347.20 units. These shares have been subject to a lock-in period since the IPO allotment three years ago.

As outlined in the official notice, the shares held by the Board of Directors and employees at higher management will not be tradable after the lock-in period.

BGWT closed at Rs. 597.00."
20260730SS010,Sharesansar,"NEPSE Index Loses For Third Consecutive Day to Close at 2,688.88 Level",https://www.sharesansar.com/newsdetail/nepse-index-loses-for-third-consecutive-day-to-close-at-268888-level-2026-07-29,"Wednesday, July 29, 2026",2026-07-30 06:41:15,"The Nepal Stock Exchange (NEPSE) recorded a moderate loss today, falling by 7.79 points (0.28%) to close at 2,688.88. This follows a loss of 4.64 points in the previous trading session.

The benchmark index opened at 2698.55 and fluctuated between an intraday high of 2,706.85 and a low of 2,681.15 before settling at the close. Total turnover for the day amounted to Rs. 4.02 Arba, with 9,777,442 shares traded across 343 companies through 48,071 transactions. The total market capitalization stood at Rs. 46.21 Kharba, with a float market capitalization of Rs. 15.59 Kharba.

Himalayan Power Partner Ltd. (HPPL) topped the turnover chart, recording transactions worth Rs. 22.48 crores. The company’s stock closed at Rs. 394.70.

Everest Colour Limited (ECL) led the gainers' list with a 14.99% gain. The stock closed at Rs. 990.10.

Meanwhile, Civil Bank Debenture 2088 (CBLD88) recorded the Highest fall, falling by 7.08%. The last traded price of the company was Rs. 1,221.00.

Among sectors, the Others Index recorded the highest gain, up 0.43%, while the Microfinance  Index recorded the largest loss, down 0.60%.

Top Buyer Broker's Top 10 Bought Companies

Top Seller Broker's Top 10 Sold Companies"
20260731SS001,Sharesansar,NRB to Collect 25 Billion from BFI's for 61 Days,https://www.sharesansar.com/newsdetail/nrb-to-collect-25-billion-from-bfis-for-61-days-2026-07-31,"Friday, July 31, 2026",2026-07-31 07:13:54,"Nepal Rastra Bank (NRB) has announced that it will collect deposits worth Rs. 25 billion from banks and financial institutions through a bidding process today.

According to a notice published today, the central bank will collect the deposits for a period of 61 days. The bidding will take place on Shrawan 15 (July 31) through the Online Bidding System at 3 Pm.

The interest rate will be decided through the bidding process. The minimum amount for bidding has been set at Rs. 10 crore, while the maximum limit is (In multiples of) 5 Crore, up to the total issue amount. However, institutions can submit multiple bids within the total announced amount.

Only licensed ‘A’, ‘B’, and ‘C’ class banks and financial institutions approved by NRB are allowed to take part in the bidding. The deposits collected will be returned along with interest on Ashoj 14, 2083 (September 30, 2026)."
20260731SS002,Sharesansar,Prime Minister Balendra Shah Holds Talks with Madhesh Leaders Over Madhesh Tensions,https://www.sharesansar.com/newsdetail/prime-minister-balendra-shah-holds-talks-with-madhesh-leaders-over-madhesh-tensions-2026-07-31,"Friday, July 31, 2026",2026-07-31 07:13:54,"Prime Minister Balendra Shah has started discussions with leaders of various political parties representing the Madhesh region. The meeting was called to address the current political situation and recent tensions reported in several Madhesh districts, including Sunsari.

The high level meeting is taking place at the Office of the Prime Minister and Council of Ministers in Singha Durbar. Discussions are primarily focused on reviewing the security situation in affected areas and finding a peaceful resolution through dialogue and mutual agreement.

Prominent Madhesh focused political figures are participating in the talks, including Janamat Party Chairman Dr. C.K. Raut, Loktantrik Samajwadi Party Chairman Mahantha Thakur, senior leader Rajendra Mahato, former Madhesh Province Chief Minister Lalbabu Raut, and Nepal Samajwadi Party Chairman Samim Miya Ansari. Other leaders present include Ram K. Sharma, Prabhu Sah, Amaresh Kumar Singh, Sharat Singh Bhandari, and Jayakanta Raut.

According to government officials, the meeting was organized as part of an effort to resolve recent regional unrest peacefully. The primary goal is to maintain local peace, strengthen social harmony, and guarantee safety and security for all citizens."
20260731SS003,Sharesansar,Rajiv Kumar Sharma Appointed Executive Head of Sopan Pharmaceuticals,https://www.sharesansar.com/newsdetail/rajiv-kumar-sharma-appointed-executive-head-of-sopan-pharmaceuticals-2026-07-31,"Friday, July 31, 2026",2026-07-31 07:13:54,"Sopan Pharmaceuticals Limited has officially appointed Rajiv Kumar Sharma as its new Chief Executive Officer. The decision was finalized during a board of directors meeting held on Wednesday, Shrawan 13, 2083 (July 29, 2026).

A chartered accountant by profession, Mr. Sharma brings extensive corporate and financial experience to his new leadership role. A permanent resident of Shambhunath Municipality, Ward No. 10, Saptari district, he previously served as the company's Chief Financial Officer and took on the duties of Acting Chief Executive Officer prior to this formal executive appointment."
20260731SS004,Sharesansar,Muktinath Bikas Bank Signs Agreement with Nagarjun Municipality for Concessional Loans,https://www.sharesansar.com/newsdetail/muktinath-bikas-bank-signs-agreement-with-nagarjun-municipality-for-concessional-loans-2026-07-31,"Friday, July 31, 2026",2026-07-31 07:13:54,"Muktinath Bikas Bank Limited has signed an agreement with Nagarjun Municipality to provide concessional loans aimed at promoting agriculture, tourism, small and medium enterprises and women entrepreneurship to generate local employment and boost economic activity.

The agreement was signed by Tej Bahadur Giri, Chief of the Agriculture and Inclusive Investment Department at Muktinath Bikas Bank and Sushila Karki, Acting Mayor of Nagarjun municipaltiy, in the presence of bank staff and represantives of the local body.

Under the agreement, eligible entrepreneurs recommended by the municipality can obtain collateral-free loans of up to Rs 200,000 from the bank, depending on the nature of their business. Additionally, eligible borrowers will receive a 100 percent interest subsidy under the municipality's ""Concessional Interest Subsidy Procedure, 2080.""

On the occasion, the bank reiterated its commitment to contributing to entrepreneurship development, expanding financial access, financial inclusion, and sustainable economic development through collaboration with local governments."
20260731SS005,Sharesansar,"Gold Price Reaches Rs. 285,000 Per Tola; Check How Much it Increases Today",https://www.sharesansar.com/newsdetail/gold-price-reaches-rs-285000-per-tola-check-how-much-it-increases-today-2026-07-31,"Friday, July 31, 2026",2026-07-31 07:13:55,"Gold prices have witnessed a moderate rise in the domestic market today, rises by Rs. 1000 per tola to settle at Rs. 285,000 per tola, up from the previous rate of Rs. 284,000 per tola.

TheFederation of Nepal Gold and Silver Dealers' Association (FENEGOSIDA)reported that Tejabi gold price also increases by Rs. 1000 per tola to reach Rs.284,300 per tola, compared to Rs. 283,300 per tola on the previous day.

Similiarly, silver prices moved in the same direction, rises by Rs. 50 per tola to Rs.4,360 per tola from Rs. 4,310 per tola on the previous day."
20260731SS006,Sharesansar,Indefinite curfew enforced in some areas in Rajbiraj,https://www.sharesansar.com/newsdetail/indefinite-curfew-enforced-in-some-areas-in-rajbiraj-2026-07-31,"Friday, July 31, 2026",2026-07-31 07:13:55,"The District Administration Office, Saptari, has imposed an indefinite curfew in some sensitive areas of the district headquarters of Rajbiraj Municipality. According to the order issued by Chief District Officer Shyam Krishna Thapa, the curfew was enforced based on the decision of the District Security Committee meeting, effective from 5:00 am today until further notice.

The order states that the curfew has been issued under Section 6 of the Local Administration Act, 2028, and no one is allowed to move around, gather, hold processions, demonstrations, meetings or sit-ins in the designated areas.

According to the administration, the areas where the curfew is in effect include Khandokhola (river) in the east, the Judani-Dhalai road section of the postal highway in the west, Basbitti Chowk of the Rupani road in the north and the Koshi Paschim main canal (Bishnupur Rural Municipality) in the south.

The administration has asked the public to fully comply with the curfew order, stating that curfew order was issued keeping in mind the sensitive situation and to maintain security."
20260731SS007,Sharesansar,Saptakoshi Development Bank Posts 86.18% jump in Net Profit as  Cost of Fund Drops to 3.7,https://www.sharesansar.com/newsdetail/saptakoshi-development-bank-posts-8618-jump-in-net-profit-as-cost-of-fund-drops-to-37-2026-07-31,"Friday, July 31, 2026",2026-07-31 07:13:55,"Saptakoshi Development Bank Limited (SAPDBL)has posted a net profit of Rs. 15.04 crore in the Fourth quarter of FY 2082/83, marking an impressive 86.18% rise compared to Rs. 8.08 crore in the same period last fiscal year.

Total deposits increased by 66.48%, reaching Rs. 8.88 arba, while loans and advances rose by 10.41% to Rs. 5.56 arba. Despite these improvements, net interest income dipped slightly by 0.47%, to Rs. 23.34 crores.

Personnel expenses rose slightly by 0.25 percent to Rs 13.69 crore. Meanwhile, Impairment charges on loans and other losses saw a reversal of Rs 19.69 crore in the fourth quarter, compared with a reversal of Rs 4.08 crore in the same quarter last fiscal year. These cost efficiencies contributed to an operating profit of Rs. 24.79 crores, up by 132.05% compared to last fiscal year.

Saptakoshi Development Bank strengthened its capital position, with the capital adequacy ratio increasing to 11.29% from 8.29%. Likewise, net worth per share rose by 30.23% to Rs. 86.71. Non-performing loans (NPL) stood at 6.15%, and the cost of funds decreased to 3.70% from 4.30%.

Earnings per share (EPS) surged to Rs. 18.04 from Rs. 9.69 last year. The company’s Price-to-Earnings (P/E) ratio at the end of the quarter was 40.48 times, based on a market price of Rs. 730.1 per share.

Report:

Major Financial Highlights:"
20260731SS008,Sharesansar,"Ten Climbers, Including Five Nepalis, Feared Missing After Avalanche on Pakistan’s Broad Peak",https://www.sharesansar.com/newsdetail/ten-climbers-including-five-nepalis-feared-missing-after-avalanche-on-pakistans-broad-peak-2026-07-31,"Friday, July 31, 2026",2026-07-31 07:13:55,"The world renowned climber Nirmal Purja led international expedition team of 10 mountaineers is feared missing after an avalanche struck Broad Peak in Pakistan. The Alpine Club of Pakistan received reports on Thursday that an avalanche had struck the team led by Purja, 43, and there has been no communication from the climbers since, the Associated Press (AP) reported quoting club vice-president, Karrar Haidri.

According to the AP, the team consists of five Nepalis, a Pakistani, an Omani, an American, a Chinese and next one whose nationality is not confirmed. Meanwhile, Minister for Culture, Tourism and Civil Aviation Ganesh Paudel has expressed a deep concern to the reports of an avalanche and the loss of contact with Nirmal Purja 'Nims Dai' and fellow Nepali climbers in Pakistan.

Taking to his social site, Minister Paudel stated, ""We are in regular contact with the Pakistani authorities and receiving updates on the situation"". The Minister has expressed hope for the safe return of all Nepali climbers missing in the avalanche."
20260731SS009,Sharesansar,Sanima Bank Ltd.: A Fourteen - Year Financial Performance Review (Q4 2069/70 - Q4 2082/83),https://www.sharesansar.com/newsdetail/sanima-bank-ltd-a-fourteen-year-financial-performance-review-q4-206970-q4-208283-2026-07-31,"Friday, July 31, 2026",2026-07-31 07:13:55,"Background ofSanima Bank Limited(SANIMA)

Sanima Bank Ltd. (SANIMA) is one of the prominent commercial banks in Nepal. It was established in 2004 A.D. Sanima Bank is promoted by a group of prominent and dynamic Non-Resident Nepalese (NRNs) businesspersons. The bank initially commenced operations in 2004 as a National Level Development Bank. Since February 2012, Sanima Bank has been functioning as an ""A"" Class Commercial Bank with its registered office at 'Alakapuri', Naxal, Kathmandu.

Sanima Bank will start its operations as the 32nd commercial bank of the country from Wednesday Feb 15, 2012 (Falgun 3, 2068 B.S.). Afterward, the bank is operating as one of the most competitive commercial bank. Currently, the bank is serving the nation thorough its 106 full-fledged branches and 28 extension counters spread from all 7 provinces across the country by employing 1,219 staff (As of Annual report 2081/82) nationwide. As of Q4 2082/83, banks total’s assets stood at Rs. 291.21 billion. At the same time, total equity stood at Rs 27.59 billion.

How has SANIMA emerged over the period and role as a national level player in own class? Let’s look at its ups and downs on financial performance during this journey (Q4 2069/70 to Q4 2082/83) of 14 years.

Balance Sheet Analysis

Assets

The overall asset size of SANIMA has increased by 13.25 times, from Rs. 21.97 billion to Rs. 291.21 billion. The proportion of Loans and Advances to Customers to Total Liabilities and Equity remained around the same level at 68.67% in the base year to 67.25% in Q4 2082/83. Below are the major asset indicators over the review period.

1.Cash and Cash Equivalents

Cash and cash equivalents increased from Rs. 1.68 billion to Rs. 18.96 billion. Holding cash and cash equivalents above regulatory requirement is generally not considered efficient for banks. In this regard, SANIMA has an excess position due to higher liquidity in the market.

2.Loans and Advances to Customers

The bank has remarkably expanded its core lending business. Loans and advances increased by 12.98 times, from Rs. 15.09 billion as of Q4 2069/70 to Rs. 195.88 billion by Q4 2082/83. Over the fourteen - year period, the bank achieved remarkable growth in business expansion.

3.Property and Equipment

Property and Equipment initially stood at Rs. 46.94 crore and showed an increasing trend and reached Rs. 1.34 billion in Q4 2082/83. This category may also include certain non-banking properties.

4.Total Assets

Total assets increased with higher growth during the initial years. Although the growth rate slowed in recent years, assets continued to grow steadily. Overall, SANIMA's asset base expanded by 13.25 times, increasing from Rs. 21.97 billion in Q4 2069/70 to Rs. 291.21 billion in Q4 2082/83.

Liabilities

Total liabilities (excluding equity) stood at Rs. 19.54 billion in Q4 2069/70. They increased by 13.49 times, reaching Rs. 263.62 billion by Q4 2082/83. Deposits from customers, the bank's core liability, grew at a median annual growth rate of 13.57%, increasing from Rs. 17.78 billion to Rs. 249.11 billion. Meanwhile, total liabilities and equity combined increased from Rs. 21.97 billion to Rs. 291.21 billion. The major liability trends are discussed below.

1.Deposits from Customers

Deposits from customers increased at a median annual growth rate of 13.57%. Within total liabilities (excluding equity), deposits accounted for 91% of total liabilities in Q4 2069/70, increased to 95% by Q4 2082/83. This indicates that the bank remains highly dependent on customer deposits and may need to diversify its funding sources by utilizing other financial instruments.

2.Other Liabilities

Other liabilities are steadily increasing throughout the review period. From Q4 2069/70 to Q4 2082/83, they increased by 14.10 times. This category reached its highest level in recent review period, which is in increasing trend.

3.Total Liabilities

Total liabilities followed a pattern similar to customer deposits, recording a median annual growth rate of 16.73%. Since deposits constitute the largest portion of liabilities, total liabilities closely tracked deposit growth.

4.Equity Analysis

Total equity of SANIMA increased at a median annual growth rate of 13.28%. During the same period, share capital grew at a median annual rate of 10%, while reserves increased at a median annual rate of 23.85%.

Profit and Loss Analysis

1.Interest Income and Expenses

Interest income and interest expense represent the bank's core revenue-generating activities and the cost of funding those assets, respectively. Interest income declined after reaching its peak of Rs. 21.61 billion in Q4 2079/80. Thereafter, both interest income and interest expense decreased steadily. By Q4 2082/83, interest income had fallen to Rs. 16.60 billion.

During the declining interest rate environment, SANIMA’s net interest income continued to increase. Although the interest spread rate narrowed, the bank appeared to have successfully expanded its lending business.

2.Net Fees and Commission Income

Another positive aspect of SANIMA is the steady growth in its net fees and commission income. SANIMA earned Rs. 1.49 billion in Q4 2082/83, representing a significant increasement of 63.99 times over review period.

3.Operating Profit and Net Profit

Operating profit reflects the bank's profitability before taxation and provisioning, while distributable net profit represents earnings attributable to shareholders.

SANIMA recorded its highest-ever net profit of Rs. 3.55 billion in Q4 2082/83. Overall, the bank has maintained a steady growth trend in net profits. Over the review period, the bank has achieved media growth rate of 30.27 percent in net profits.

Interest expense remains the bank's largest expense and is considered the primary direct cost in the banking industry. This expense has shown a declining trend. However, persistently lower interest expenses may make it more challenging for the bank to retain depositors' funds. Other operating expenses have remained at a moderate level.

Personnel expense of SANIMA is in increasing trend. Tax liability is directly related to profit. Rising profit increases tax liability of SANIMA.

Trends in Key Performance Indicators

Earnings Metrics

Earnings Per Share (EPS)

The bank's Earnings Per Share (EPS) has experienced considerable stable over the past ten fiscal years, reflecting bank’s strength to absorb external shock. The profitability remain relatively stable.

EPS remained above Rs. 15 and in increasing trend from 2080/81. A sharp decline from Rs. 34.17 in 2072/73 to Rs. 18.85 in 2073/74 represents the higher decline in earnings performance during the review period.

The bank recorded an stable recovery with EPS rising to Rs. 28.04 on 2075/76 from Rs. 18.85 in 2073/74, the trend fluctuating with lower spread in the series. As of Q4 2082/83, EPS reached Rs. 24.92.

Q4 2082/83 closed with Distributable EPS of Rs. 20.85, indicating that profitability has stable compared to the last year, it is ascending to the peak achieved in 2082/83.

Overall, the long - term trend suggests that the bank has successfully stabilizing profitability even in the various earnings shock.

Efficiency Measures

Return on Equity (RoE)

RoE broadly mirrors the movement in EPS. The ratio declined sharply to 14.35% during Q4 2073/74 due to weak profitability. It rebounded to 18.85% in Q4 2075/76, afterward RoE is in declining trend this is because of equity stably increasing meanwhile profit is fluctuating and profit growth rate is not significant.

FY2082/83 recorded 13.23%, reflecting improved earnings generation from shareholders' equity. Although current returns not a remarkable own previous level but can say the bank has restored a healthy profitability profile.

Return on Assets (RoA)

RoA followed a similar trajectory. It achieved highest RoA 2.06 on Q4 2075/76 deep the lowest at 0.98% on Q4 2081/82.  The ratio recovered afterward, in Q4 2082/83 recorded 1.22%, the highest level in the last five years. This indicates the bank retaining good return on asset and efficiency in utilizing total assets to generate profits.

Valuation Multiples

Price-to-Earnings (P/E) Ratio

The exceptionally high 31.17 times P/E in Q4 2070/71 was primarily driven market sentiment and stock price in ascending trends as well as SANIMA's earnings were also on an upward trend. This ratio should not be evaluated in isolation; it should be compared with industry peers.

Over the last five years, the P/E ratio has fluctuated between 12 and 20 times, suggesting relatively stable market valuation.

Price-to-Book (P/B) Ratio

The P/B ratio remained close to 1.67 times in Q4 2079/80 lower in over review period. A marginaly increase to 1.86 times on Q4 2082/83. Since then, the ratio has stabilized below 3 times.

Q4 2082/83 recorded 1.86 times, median pb ratio of SANIMA stay at 2.31 times. The ratio increased to 1.86 times in Q4 2082/83, both the share price and net worth have shown an increasing trend. Indicating the market continues to value the bank well above its book value, reflecting positive investor expectations.

Health Indicators

The Capital Fund to Risk-Weighted Assets Ratio never exceeded 16%. SANIMA's risk-weighted assets did not fluctuate significantly over the period indicating smoot and efficient assets management capacity on such assets. It stood at 13.1% in Q4 2082/83.

The NPL ratio has shown a consistent upward trend over the review period. In last ten year, it increased from 0.01% in Q4 2073/74 to 2.87% in 2082/83, indicating gradual deterioration in loan quality. This ratio increased in recent years with higher rate, this is a matter of concern.

The cost of funds declined significantly from the peak level 8.27% in Q4 2079/80 to 3.51% in Q4 2082/83, reflecting easing interest rates and lower deposit costs. Similarly, Base Rate declined from 10.15% to 4.91% just over the last four years.

Interest Spread remained at lower side, SANIMA median spread rate 3.98% in study base year it was 4% to 3.39% the most recent review period, indicating compliance with NRB directives and increasing competition. This may put pressure on profit margins.

Dividend History

The bank's dividend history demonstrates that shareholder returns have closely followed its earnings performance. Dividend payouts weakened significantly during periods of lower profitability. Profitability may be affected by economic or policy shocks, business slowdown or higher NPL provisioning. SANIMA has distributed median total dividends of 14.15 percent. Another aspect of SANIMA didn’t leave shareholder hand empty based on the fourteen-year reviewed period.

Data: The data for this article has been taken from SS Pro by ShareSansar."
20260731SS010,Sharesansar,Former President Bidya Devi Bhandari Calls for Peace and Harmony Following Violent Clashes in Sunsari,https://www.sharesansar.com/newsdetail/former-president-bidya-devi-bhandari-calls-for-peace-and-harmony-following-violent-clashes-in-sunsari-2026-07-30,"Thursday, July 30, 2026",2026-07-31 07:13:56,"Former President Bidya Devi Bhandari has urged the public to exercise maximum restraint and maintain social harmony during the current sensitive situation, cautioning everyone against spreading rumors or making provocative statements.

In a press statement issued on Thursday, the former president expressed deep concern over recent community tensions and violent incidents reported in Sunsari and several other parts of the country over the past few days. She offered her heartfelt condolences to the families of those who lost their lives in the violence and wished a speedy recovery for those injured.

Emphasizing Nepal’s rich heritage as a nation of diverse ethnicities, languages, religions, and cultures, Bhandari highlighted that unity in diversity, mutual respect, and social harmony are the core strengths of the country. She stressed that protecting this legacy, handed down through generations, is a shared responsibility that must not be compromised under any circumstances.

Calling for peace and accountability, the former president urged the government, administrative authorities, and security agencies to conduct a fair, transparent, and credible investigation into the incidents. She emphasized that lasting solutions can only be achieved through the rule of law, mutual trust, and ongoing dialogue, requesting swift action to bring offenders to justice, ensure support for victims, and restore safety and trust in the affected regions."
20260802SS001,Sharesansar,Nepal Rastra Bank Takes Action Against Three Commercial Banks,https://www.sharesansar.com/newsdetail/nepal-rastra-bank-takes-action-against-three-commercial-banks-2026-08-02,"Sunday, August 2, 2026",2026-08-02 06:45:16,"Nepal’s central bank, Nepal Rastra Bank (NRB), has taken supervisory action against three major commercial banks, Prabhu Bank, Rastriya Banijya Bank, and Agriculture Development Bank, for failing to comply with regulatory standards and financial guidelines. As part of these enforcement actions, NRB also imposed a cash fine of Rs 500,000 on Prabhu Bank’s former Chief Executive Officer, Ashok Sherchan.

According to the central bank's Bank Supervision Department, the action against Prabhu Bank and its executive leadership stems from multiple compliance failures. Inspections revealed that the bank failed to adhere to mandatory loan classification rules, did not set aside sufficient funds for potential loan losses, and submitted loan records to the central bank that did not match the data in its internal core banking system. Consequently, the central bank fined Sherchan under Section 100(2)(c) of the Nepal Rastra Bank Act, 2058.

Meanwhile, state-owned Rastriya Banijya Bank was issued a formal caution under Section 100(1)(a) of the NRB Act after it failed to freeze specified bank accounts within required timelines, violating the updated bank account management regulations. Additionally, Agriculture Development Bank was required to sign a written commitment to undertake corrective measures after supervisory audits identified operational deficiencies.

The regulatory body stated that these supervisory actions aim to strengthen institutional governance, maintain transparency in financial reporting, and ensure strict compliance across Nepal's banking sector."
20260802SS002,Sharesansar,"Sahas Urja Posts 51.84% Profit Growth, EPS Climbs to Rs. 29.72",https://www.sharesansar.com/newsdetail/sahas-urja-posts-5184-profit-growth-eps-climbs-to-rs-2972-2026-08-02,"Sunday, August 2, 2026",2026-08-02 06:45:16,"Sahas Urja Limited (SAHAS)has posted a strong financial performance in the fourth quarter of fiscal year 2082/83, with its net profit increasing by 51.84% year-on-year to Rs. 1.35 Arba.

The company's reserves and surplus grew by 16.39%, reaching Rs. 3.68 Arba, reflecting a stronger financial position. Meanwhile, investment in property, plant, and equipment increased by 5.88% to Rs. 30.28 crores.

One of the key highlights of the quarter was a significant decline in administrative expenses, which fell by 54.69% to Rs. 3.54 crores, contributing to improved overall profitability. Consequently, earnings per share (EPS) rose by 25.49% to Rs. 29.72. However, the company's net worth per share declined slightly by 1.73% to Rs. 180.47.

As of the end of the fourth quarter, SAHAS closed at a market price of Rs. 636 per share, with a price-to-earnings (P/E) ratio of 21.40 times.

Report:

Major Highlights:"
20260802SS003,Sharesansar,Gold Price Falls by Rs. 1800 Per Tola; Check Today's Updated Rate,https://www.sharesansar.com/newsdetail/gold-price-falls-by-rs-1800-per-tola-check-todays-updated-rate-2026-08-02,"Sunday, August 2, 2026",2026-08-02 06:45:16,"Gold prices have witnessed a moderate fall in the domestic market today, Falling by Rs. 1800 per tola to settle at Rs. 283,200 per tola, down from the previous rate of Rs. 285,000 per tola.

TheFederation of Nepal Gold and Silver Dealers' Association (FENEGOSIDA)reported that Tejabi gold price also falls by Rs. 1800 per tola to reach Rs.282,500 per tola, compared to Rs. 284,300 per tola on the previous day.

Similarly, silver prices moved in the same direction, falls by Rs. 45 per tola to Rs. 4,315 per tola from Rs. 4,360 per tola on the previous day."
20260802SS004,Sharesansar,Kakarvitta imports petroleum products worth over Rs 24.5 billion in year,https://www.sharesansar.com/newsdetail/kakarvitta-imports-petroleum-products-worth-over-rs-245-billion-in-year-2026-08-02,"Sunday, August 2, 2026",2026-08-02 06:45:16,"Petroleum products worth over Rs 24.5 billion were imported via the Kakarvitta point along Nepal-India border in Jhapa during the last fiscal year (2082-83 BS).

The imports mainly include petrol, diesel and cooking or liquefied petroleum gas (LPG). According to the Kakarvitta Customs Office, petrol worth Rs 12.18 billion, diesel worth Rs 9.55 billion and cooking gas worth over Rs 2.77 billion were imported during the period.

In the previous fiscal year, petrol imports amounted over Rs 8.92 billion, while diesel imports were valued at Rs 7.03 billion. As said by Office Chief Shibalal Neupane, the government collected Rs 5.85 billion from petrol imports and Rs 2.93 billion from diesel imports during the last fiscal year."
20260802SS005,Sharesansar,Mountaineering Legend Nirmal Purja Dies in Broad Peak Avalanche; Elite Exped Confirms Tragic Loss,https://www.sharesansar.com/newsdetail/mountaineering-legend-nirmal-purja-dies-in-broad-peak-avalanche-elite-exped-confirms-tragic-loss-2026-08-01,"Saturday, August 1, 2026",2026-08-02 06:45:17,"World-record-holding Nepali mountaineer Nirmal ""Nimsdai"" Purja has died in an avalanche on Pakistan's Broad Peak (8,047m), his expedition company Elite Exped confirmed on Saturday.

Purja was among three Nepali climbers who lost their lives in the tragic avalanche. His trusted climbing companions, Purba Bahadur Gurung (Yukta) and Nima Sherpa, also died during the expedition.

In a statement shared on social media, Elite Exped expressed profound grief, describing Purja as an extraordinary leader who inspired millions through his courage, humility, and determination. The company said his legacy would continue to inspire future generations and extended heartfelt condolences to the families of all those who lost their lives.

The company also thanked the search and rescue teams for their efforts and requested the public to respect the privacy of the bereaved families. It added that no further comments would be made beyond information confirmed by the relevant authorities.

The bodies were located during a drone search near Camp 1 before ground rescuers successfully recovered and identified them despite challenging weather and terrain.

A former British Gurkha soldier, Purja achieved global recognition in 2019 after setting a world record by climbing all 14 of the world's 8,000-meter peaks in just 6 months and 6 days. His remarkable achievement was featured in the acclaimed Netflix documentary ""14 Peaks: Nothing Is Impossible."""
20260802SS006,Sharesansar,Miteri Development Bank Ltd. (MDB): A Fourteen - Year Financial Performance Review (Q4 2069/70 - Q4 2082/83),https://www.sharesansar.com/newsdetail/miteri-development-bank-ltd-mdb-a-fourteen-year-financial-performance-review-q4-206970-q4-208283-2026-07-31,"Friday, July 31, 2026",2026-08-02 06:45:17,"Background of Miteri Development Bank Ltd. (MDB)

Miteri Development Bank (MDB) commenced operations on 13 October 2006. This is a regional -level class ‘B’ bank. Its head office is located at Mahendrapath, Dharan – 5, Sunsari district, Koshi Province. The bank provides development banking products and services in the eastern region of Nepal. It has been serving people across three districts while contributing to society and the nation to the best of its capacity.

Here, we examine its financial performance over the past fourteen fiscal years based on fourth-quarter unaudited reports. In this article, we will evaluate from fiscal year 2069/70 to 2082/83. How the regional level development bank performing?

Balance Sheet Analysis

Assets

The overall asset size of MDB has increased by 9.29 times, from Rs. 1.15 billion to Rs. 10.72 billion. The proportion of Loans and Advances to Customers to Total Liabilities and Equity decreased from 85.66% in the base year to 82.54% in Q4 2082/83. Below are the major asset indicators over the review period.

1.Cash and Cash Equivalents

Cash and cash equivalents have fluctuated over the period. This item stood at Rs. 27.79 crore in the latest review period, compared with Rs. 22.19 crore in the base year. Holding cash and cash equivalents above the regulatory requirement is generally not considered efficient for banks. In this regard, MDB maintains moderate liquidity position.

2.Loans and Advances to Customers

The bank has remarkably expanded its core lending business. Loans and advances increased by 7.93 times, from Rs. 84.36 crore as of Q4 2069/70 to Rs. 6.69 billion by Q4 2082/83. Over the fourteen - year period, the bank achieved remarkable growth in business expansion based on the bank’s size and permitted area for operation.

3.Property and Equipment

Property and equipment initially stood at Rs. 87.95 lakh and showed an increasing trend and reached Rs. 5.51 crore as of Q4 2082/83. it peaked highest in Q4 2079/80 reached Rs. 5.58 crore. This category may also include certain non-banking properties.

4.Total Assets

Total assets increased at a higher growth rate during the initial years. Although the growth rate slowed in recent years, assets continued to grow steadily. Overall, MDB's asset base expanded by 9.29 times, increasing from Rs. 1.15 billion in Q4 2069/70 to Rs. 10.72 billion in Q4 2082/83.

Liabilities

Total liabilities (excluding equity) stood at Rs. 1 billion in Q4 2069/70. They increased by 8.97 times, reaching Rs. 8.98 billion by Q4 2082/83. Deposits from customers, the bank's core liability, grew at a median annual growth rate of 18.14%, decrease from Rs. 9.88 billion to Rs. 8.85 billion. Meanwhile, total liabilities and equity combined increased from Rs. 1.15 billion to Rs. 10.72 billion. The major liability trends are discussed below.

1.Deposits from Customers

Deposits from customers increased at a median annual growth rate of 18.14%. Within total liabilities (excluding equity), deposits accounted for 98.70% in Q4 2069/70, decreased marginally to 98.59% by Q4 2082/83. This indicates that the bank remains highly dependent on customer deposits and may need to diversify its funding sources by utilizing other financial instruments.

2.Other Liabilities

Other liabilities increased steadily throughout the review period. From Q4 2069/70 to Q4 2082/83, they increased from Rs. 1.20 crore to Rs. 7.88 crore. This category reached its highest level of Rs. 12.76 crores in Q4 2076/77.

3.Total Liabilities

Total liabilities followed a pattern like customer deposits, recording a median annual growth rate of 18.94%. Since deposits constitute the largest portion of liabilities, total liabilities closely tracked deposit growth.

4.Equity Analysis

Total equity of MDB increased at a median annual growth rate of 17.19%. During the same period, share capital grew at a median annual rate of 16%, while reserves increased at a median annual rate of 16.50%.

Profit and Loss Analysis

1.Interest Income and Expenses

Interest income and interest expense represent the bank's core revenue-generating activities and the cost of funding those assets, respectively. Interest income declined after reaching its peak of Rs. 97.65 crore in Q4 2079/80. Thereafter, both interest income and interest expense decreased steadily. By Q4 2082/83, interest income had fallen to Rs. 67.41 crore.

During the declining interest rate environment, MDB median growth of interest income and expense didn’t differ significantly. On the positive side, net interest income continued to increase. The interest spread rate narrowed, the bank may affect negatively.

2.Net Fees and Commission Income

Another positive aspect of MDB is the steady growth in its net fees and commission income. MDB earned Rs. 3.83 crore in Q4 2082/83, representing an increase of approximately 18 times over the review period.

3.Operating Profit and Net Profit

Operating profit reflects the bank's profitability before taxation and provisioning, while distributable net profit represents earnings attributable to shareholders.

MDB’s net profit of seemed as stagnated for growth. After reaching the highest peak on Rs. 16.73 crore in 76/77 afterward, growth either in negative or lower growth. MDB earned Rs. 14.12 crore in Q4 2082/83.

4.Expenses

Interest expense remains the bank's largest expense and is considered the primary direct cost in the banking industry. This expense has shown a declining trend. However, persistently lower interest expenses may make it more challenging for the bank to retain depositors' funds. Other operating expenses have remained at a moderate level.

Trends in Key Performance Indicators

Earnings Metrics

Earnings Per Share (EPS)

The bank's Earnings Per Share (EPS) has been on declining trend. After reaching the peak in Q4 2072/73 at Rs. 46.02. The bank’s eps sharply for next two years after reached on top. Overall, EPS has followed a declining trend.

Till recent year, the bank has maintained EPS above Rs. 10. A sharp decline from Rs. 46.02 in 2072/73 to Rs. 22.59 in 2074/75 represents the higher decline in earnings performance during the review period.

Q4 2082/83 closed with Distributable EPS of Rs. 12.73, indicating that profitability has substantially improved compared to the post-pandemic years.

Overall, the long - term trend suggests the bank needs to think and operate more creatively to restored profitability and develop strength to absorb external shocks.

Efficiency Measures

Return on Equity (RoE)

RoE broadly mirrors the movement in EPS. he ratio declined sharply from 27.67% in Q4 2072/73 to 16.15% in Q4 2074/75. This fall occurred due to weak profitability. It hasn’t rebound, indicating the bank appears to be in a consolidation phase and needs to expand its business.

FY2082/83 recorded 8.1%, The ratio remained low and relatively stable for this year. Although current returns remain stable there is fear of declining in coming year if bank couldn’t expand business.

Return on Assets (RoA)

RoA followed a similar trajectory. The bank achieved its highest RoA, 3.6% in FY2072/73. The ratio declines steadily afterward. Q4 2082/83 recorded 1.32%, the lowest level in the entire review period. This indicates the bank unable to show efficiency in utilizing total assets to generate profits.

Valuation Multiples

Price-to-Earnings (P/E) Ratio

The P/E ratio of the bank from Q4 2075/76, in this year ratio was 9.31 times. On this year EPS was Rs. 25.12. Although the price of MDB wasn’t rise significantly meanwhile, declining eps fuel the P/E ratio to higher level. MDB highest P/E ratio was 64.23 times on Q4 2081/82.

Price-to-Book (P/B) Ratio

The P/B ratio also has shown increasing trend. close to 0.97 times in Q4 2069/70 lowest in review period. A sharp increase to 4.06 times on Q4 2082/83.

Q4 2082/83 recorded 4.06 times, median P/B ratio of MDB stay at 3.24 times. The share price is in increasing trend and net worth have shown a decreasing trend. Indicating the market may overvalue stock price.

Health Indicators

The Capital Fund to Risk-Weighted Assets remained at a high level in Q4 2080/81%. MDB's risk-weighted assets fluctuated significantly over the period indicating lower efficiency in assets management capacity on such assets. The bank’s RWA stood at 25.75% as of Q4 2082/83. It improved and maintained at comply with regulatory requirement and optimize to mobilize capital in higher return generating sectors.

The NPL ratio has shown the bank has maintained high quality loan. MDB’s highest NPL stood 1.25% on Q4 2079/80. Then MDB maintain NPL below 1%. As of Q4 2082/83 NPL stood at0.26%, indicating the bank isn’t rushing for lending.

The cost of funds declined significantly from the peak level 9.83% in Q4 2079/80 to 4.22% in Q4 2082/83, reflecting easing interest rates and lower deposit costs. Similarly, Base Rate declined from 12.12% to 5.98% in the last four year.

Interest Spread narrowed from 9.27% on Q4 2072/73 to 4.37% the most recent review period, indicating compliance with NRB directives and increasing competition. This may put pressure on profit margins in coming time.

Dividend History

The bank's dividend history demonstrates that shareholder returns have closely followed its earnings performance. Dividend payouts weakened significantly during periods of lower profitability. Profitability may be affected by economic or policy shock, business slowdown or higher NPL provisioning. MDB has distributed average total dividends of 19. 83 percent. Another aspect of MDB didn’t make shareholder hand empty based on the last fourteen years.

Data Source: The data used in this article has been obtained from SS Pro by ShareSansar."
20260802SS007,Sharesansar,NEPSE Index Rebounds By 0.48% After Yesterday's 16.29 Points Slide,https://www.sharesansar.com/newsdetail/nepse-index-rebounds-by-048-after-yesterdays-1629-points-slide-2026-07-31,"Friday, July 31, 2026",2026-08-02 06:45:17,"The Nepal Stock Exchange (NEPSE) recorded a moderate loss today, falling by 12.96 points (0.48%) to close at 2,685.54. This follows a loss of 16.29 points in the previous trading session.

The benchmark index opened at 2665.82 and fluctuated between an intraday high of 2,692.23 and a low of 2,653.23 before settling at the close. Total turnover for the day amounted to Rs. 3.75 Arba, with 8,851,216 shares traded across 337 companies through 46,752 transactions. The total market capitalization stood at Rs. 46.15 Kharba, with a float market capitalization of Rs. 15.59 Kharba.

Ridi Power Company Limited (RIDI) topped the turnover chart, recording transactions worth Rs. 17.26 crores. The company’s stock closed at Rs. 370.00.

Everest Colour Limited (ECL) led the gainers' list with a 14.99% gain. The stock closed at Rs. 1,309.30.

Meanwhile, Bottlers Nepal (Terai) Limited (BNT) recorded the Highest fall, falling by 5.33%. The last traded price of the company was Rs. 11,000.50.

Among sectors, the Others Index recorded the highest fall, falling by 0.93%, while the Non Life Insurance recorded the least loss, down 0.16%.

Top Buyer Broker's Top 10 Bought Companies

\

Top Seller Broker's Top 10 Sold Companies"
20260802SS008,Sharesansar,Chhurpi Export up by 27 Percent; Transaction Reaches Rs 1.79 Billion in a year,https://www.sharesansar.com/newsdetail/chhurpi-export-up-by-27-percent-transaction-reaches-rs-179-billion-in-a-year-2026-07-31,"Friday, July 31, 2026",2026-08-02 06:45:17,"Chhurpi amounting to over Rs 1.79 billion 2.8 million has been exported from the Mechi Customs Office in the last year alone. With the rise in the demand for Nepali Chhurpi products in the international market, the export in the last fiscal year has increased by around 27 percent compared to the previous fiscal year.

According to the Mechi Customs Office, Chhurpi worth Rs 1.41 billion 7.1 million was exported in fiscal year 2081/82 BS. Information Officer at the Office, Mangal Rai shared Chhurpi exports have been continuously rising in the last consecutive years. Chhurpi is used as feed for dogs and cats. It is mainly produced in Ilam, Panchthar and Taplejung."
20260802SS009,Sharesansar,Sana Kisan Bikas Laghubitta's Net Profit Declined By 25.36% in Q4; Distributable Profit Hits Rs. 1.64 Arba,https://www.sharesansar.com/newsdetail/sana-kisan-bikas-laghubittas-net-profit-declined-by-2536-in-q4-distributable-profit-hits-rs-164-arba-2026-07-31,"Friday, July 31, 2026",2026-08-02 06:45:18,"Sana Kisan Bikas Laghubitta Bittiya Sanstha (SKBBL)has published its Fourth-quarter report of FY 2082/83, with a decline in net profit by 25.36% . As per the report, the net profit decreased to Rs. 65.31 crore as compared to Rs. 87.50 crore in the corresponding quarter of the previous year.

The company’s paid-up capital stood at Rs. 4.92 arba, while reserves and surplus stood at Rs. 4.33 arba, up by 4.57% compared to the previous fiscal year. However, retained earnings declined by 10.85%, amounting to Rs. 1.64 arba compared to 1.84 arba in the previous year.

Similarly, loans and advances to MFIs increased by 3.18% to Rs. 35.39 arba, while borrowings also decreased by 4.04%, totaling Rs. 19.75 arba. Also, net interest income dropped sharply by 29.08% and totaled Rs. 1.27 arba. The company recorded a reversal of Rs. 3.26 crore compared to impairment charges of Rs. 10.40 crores in the same period last year.

The company’s Capital Adequacy Ratio (CAR) improved to 17.31%, up from 16.02%. However, its Non-Performing Loan (NPL) ratio inched upto 2.96%, from 2.65% in the previous fiscal year. The cost of funds also improved significantly, declining by 12.74% to 2.74%.

The company’s Earnings Per Share (EPS) for the period stood at Rs. 13.26. The net worth per share remained steady at Rs. 221.76. The company’s Price-to-Earnings (P/E) ratio at the end of the quarter was 56.72 times, based on a market price of Rs. 751.9 per share.

Report"
20260802SS010,Sharesansar,Kumari Bank Limited Provides Rs. 10 Lakhs Insurance Claim to Deceased Customer's Family,https://www.sharesansar.com/newsdetail/kumari-bank-limited-provides-rs-10-lakhs-insurance-claim-to-deceased-customers-family-2026-07-31,"Friday, July 31, 2026",2026-08-02 06:45:18,"Kumari Bank Limited's Gaumul Branch has transferred an insurance claim of Rs 10 lakh to the family of a deceased customer under its Parivar Suraksha Bachat Khata (Family Security Savings Account) scheme.

The claim was processed following the accidental death of the husband of Bana Devi Bohara. The bank said the amount is expected to provide financial support to the grieving family during a difficult time.

Kumari Bank has been offering attractive insurance benefits alongside various savings schemes to prioritize customers' financial security and family protection. The insurance facility under the Parivar Suraksha Bachat Khata aims to provide financial relief to families affected by unforeseen events and strengthen a sense of future financial security.

Kumari Bank has been providing banking services for the past 25 years, currently serving customers through 285 branches, 41 extension counters, 302 ATMs, and 40 branchless banking points across the country."
20260803SS001,Sharesansar,Tea exports to India decline through Kakarvitta point,https://www.sharesansar.com/newsdetail/tea-exports-to-india-decline-through-kakarvitta-point-2026-08-03,"Monday, August 3, 2026",2026-08-03 07:46:25,"Exports of Nepali tea to India through the eastern border point at Kakarvitta in Jhapa have declined. According to the Kakarvitta Customs Office, both the volume and value of tea exports declined during the last fiscal year 2082/83 BS compared to the previous fiscal year.

Customs Office statistics indicate that Nepal exported 13,045 metric tons of tea worth Rs 3.53 billion to India in fiscal year 2082/83 BS, down from 15,311 metric tons worth Rs 4.17 billion in fiscal year 2081/82 BS. Along with the decline in the export volume, tea export earnings also fell by Rs 639.69 million. According to Chief Customs Administrator Shivlal Neupane, tea is the second-largest export commodity, after cardamom, shipped through the Karkarvitta border point.

Neupane said that since India is the primary market for Nepali tea, exports have been affected by price fluctuations in the Indian market, non-tariff barriers related to quality testing, and changes in production and pricing driven by international market demand.

A significant portion of CTC and orthodox tea produced in Nepal is supplied to the Indian market via the Karkarvitta point. The decline in exports is expected to adversely affect tea farmers, industrialists and suppliers, while also widening the country's trade deficit."
20260803SS002,Sharesansar,Ridi Power Shuts Down 9.9 MW Iwa Khola Hydropower Project After Flood Damage to Pipeline Infrastructure,https://www.sharesansar.com/newsdetail/ridi-power-shuts-down-99-mw-iwa-khola-hydropower-project-after-flood-damage-to-pipeline-infrastructure-2026-08-03,"Monday, August 3, 2026",2026-08-03 07:46:25,"Ridi Power Company Limited has announced the temporary shutdown of its 9.9 MW Iwa Khola Hydropower Project in Panchthar district after severe flood and landslide damage rendered the project's pipeline unsafe for operation.

According to the company, continuous heavy rainfall since Jestha triggered floods and landslides that caused significant riverbank erosion around the project's headrace pipeline. The erosion damaged critical support structures, including anchor blocks, pipe supports, and other civil infrastructure.

The company stated that persistent rainfall also caused erosion beneath the pipeline, creating excessive pressure that led to multiple pipe bursts and cracks at various locations.

Following the damage, Ridi Power carried out repair works and conducted phased testing in an effort to resume electricity generation. However, during the testing process, additional damage was detected at several points along the pipeline.

After conducting a detailed technical assessment, the company concluded that routine repairs or welding alone would not be sufficient to restore the project safely, necessitating more extensive rehabilitation work.

As a result, the Iwa Khola Hydropower Project has remained under plant shutdown since Ashadh 26 to facilitate permanent repair and technical restoration.

Ridi Power said that comprehensive technical inspections and permanent repair works are currently underway. The company added that it will issue another formal notice to inform stakeholders once the exact date and time for the project's recommissioning have been confirmed."
20260803SS003,Sharesansar,Samudayik and Sanjeevani Microfinance Initiate Merger Process,https://www.sharesansar.com/newsdetail/samudayik-and-sanjeevani-microfinance-initiate-merger-process-2026-08-03,"Monday, August 3, 2026",2026-08-03 07:46:25,"Samudayik Laghubitta Bittiya Sanstha Limited and Sanjeevani Laghubitta Bittiya Sanstha Limited have officially begun the process to merge into a single entity.

The two financial institutions signed a preliminary Memorandum of Understanding (MoU) on August 3 (Shrawan 18) to formalize their agreement to combine operations. Following the signing, Samudayik Laghubitta submitted an official notification letter to the Nepal Stock Exchange (NEPSE) to inform the market regulator about the decision.

According to the company, the merger is being carried out under the Bank and Financial Institutions Merger and Acquisition Guidelines (2079) set by Nepal Rastra Bank, the country's central monetary authority.

To ensure a fair transition during the ongoing procedure, Samudayik Laghubitta has requested NEPSE to freeze the stock trading of its major shareholders. This suspension on share transactions will remain in effect until the merger is fully finalized and approved during the upcoming annual general meetings of both organizations."
20260803SS004,Sharesansar,ICFC Finance's Net Profit Declined By 20.67% in Q4; EPS Jumps to Rs.22.23,https://www.sharesansar.com/newsdetail/icfc-finances-net-profit-declined-by-2067-in-q4-eps-jumps-to-rs2223-2026-08-03,"Monday, August 3, 2026",2026-08-03 07:46:26,"ICFC Finance Limited (ICFC)has published its fourth-quarter report of FY 2082/83, with a decline in net profit by 20.67%. As per the report, net profit decreased to Rs. 26.42 crore from Rs. 33.30 crore in the corresponding quarter of the previous year.

The company’s paid-up capital stood at Rs. 1.18 arba, while reserves and surplus stood at Rs. 91.53 crores, up by 18.44% compared to the previous fiscal year. However, retained earnings declined by 35.18%, amounting to Rs. 14.17 crores compared to 21.86 crores in the previous year.

Similarly, loans and advances increased by 10.89% to Rs. 18.69 arba, while deposits also increased by 11.22%, totaling Rs. 22.23 arba. Also, net interest income saw a moderate gain by 8.59% and totaled Rs. 64.54 crores. The company recorded an impairment charges of Rs. 2.32 crore compared to a reversal of Rs. 5.65 crores in the same period last year.

The company’s Capital Adequacy Ratio (CAR) improved to 14.38%, up from 14.05%. The cost of funds also improved significantly, declining by 29.78% to 4.22%.

The company’s  Earnings Per Share (EPS) for the period stood at Rs. 22.23. The net worth per share remained steady at Rs. 189.32. The company’s Price-to-Earnings (P/E) ratio at the end of the quarter was 26.38 times, based on a market price of Rs. 589 per share.

Report:

Major Highlights:"
20260803SS005,Sharesansar,"Himalayan Laghubitta's Q4 Profit Jumps 49%, EPS Climbs to Rs. 31.26",https://www.sharesansar.com/newsdetail/himalayan-laghubittas-q4-profit-jumps-49-eps-climbs-to-rs-3126-2026-08-03,"Monday, August 3, 2026",2026-08-03 07:46:26,"Himalayan Laghubitta Bittiya Sanstha Limited (HLBSL)has published its unaudited financial results for the fourth quarter of fiscal year 2082/83, reporting a strong improvement in profitability. The microfinance institution recorded a net profit of Rs. 10.66 crore, representing a 49.18% increase from Rs. 7.14 crore in the corresponding period of the previous fiscal year. The growth was largely driven by higher net interest income and a lower cost of funds.

The company's net interest income climbed 19.22% year-on-year to Rs. 44.21 crore, while operating profit rose 44.39% to Rs. 15.21 crore from Rs. 10.54 crore a year earlier. Reflecting the stronger earnings, earnings per share (EPS) increased to Rs. 31.26, up from Rs. 22.34 in the same period last year.

On the balance sheet, loans and advances expanded by 1.37% to Rs. 4.96 billion, while customer deposits grew 15.15% to Rs. 1.27 billion. The institution also reported a significant recovery in retained earnings, which reached Rs. 9.25 crore, compared to Rs. 3.86 crore in the previous fiscal year. Likewise, reserves increased 23.92% to Rs. 15.36 crore.

Despite the strong earnings performance, asset quality weakened during the review period. The Non-Performing Loan (NPL) ratio rose from 7.48% to 9.04%, reflecting a 20.86% deterioration. Likewise, impairment charges surged 58.97%, indicating higher provisioning against potential loan losses. Meanwhile, the Capital Adequacy Ratio (CAR) declined from 11.18% to 8.54%, suggesting a weaker capital buffer and an area investors may monitor closely.

On a positive note, the cost of funds declined 14.35% to 5.55% from 6.48%, supporting stronger interest margins. The company's net worth per share also improved by 9.69% to Rs. 162.52. As of the end of the fourth quarter, HLBSL's price-to-earnings (P/E) ratio stood at 27.82 times, based on a market price of Rs. 869.40.

Report:"
20260803SS006,Sharesansar,Five House of Representatives Thematic Committees to Hold Separate Meetings Today,https://www.sharesansar.com/newsdetail/five-house-of-representatives-thematic-committees-to-hold-separate-meetings-today-2026-08-03,"Monday, August 3, 2026",2026-08-03 07:46:26,"Today, five thematic committees under the Federal Parliament, House of Representatives, will hold their meetings separately. The meetings of the Finance Committee, Women and Social Affairs Committee, Education, Health and Information Technology Committee, State Affairs and Good Governance Committee, and Public Account Committee are all on the agenda.

According to the Federal Parliament Secretariat, the Finance Committee will meet at 1:00 p.m., while the Account Committee will meet at 2:00 p.m. to address the complaints that have been brought to their attention. In addition, the Women and Social Affairs Committee will engage in a theoretical and periodic discussion regarding the report from the sub-committee focused on drafting procedures and the Bill, 2083, which pertains to the implementation of the provisions of the Nepal Special Service Act, 2042.

Meanwhile, the Education, Health and Information Technology Committee is expected to discuss the National Forensic Science Laboratory (Establishment and Operation) Bill 2081 during their meeting, which is running from 11:00 a.m."
20260803SS007,Sharesansar,Gold Price Rises by Rs. 800 Per Tola; Check Today's Trading Rate,https://www.sharesansar.com/newsdetail/gold-price-rises-by-rs-800-per-tola-check-todays-trading-rate-2026-08-03,"Monday, August 3, 2026",2026-08-03 07:46:26,"Gold prices have witnessed a moderate rise in the domestic market today, Rises by Rs. 800 per tola to settle at Rs. 284,000 per tola, up from the previous rate of Rs. 283,200 per tola.

TheFederation of Nepal Gold and Silver Dealers' Association (FENEGOSIDA)reported that Tejabi gold price also rises by Rs. 800 per tola to reach Rs. 283,300 per tola, compared to Rs. 282,500 per tola on the previous day.

Similarly, silver prices moved in the same direction, rises by Rs. 35 per tola to Rs. 4,350 per tola from Rs. 4,315 per tola on the previous day."
20260803SS008,Sharesansar,Nepal Oil Corporation Raises Fuel Prices; Petrol Hits Rs. 200 Per Liter in Kathmandu,https://www.sharesansar.com/newsdetail/nepal-oil-corporation-raises-fuel-prices-petrol-hits-rs-200-per-liter-in-kathmandu-2026-08-03,"Monday, August 3, 2026",2026-08-03 07:46:27,"The Nepal Oil Corporation (NOC) has increased the prices of petroleum products, with the revised rates set to take effect from 12:01 am tonight.

According to the corporation, the price of petrol has been increased by Rs. 3 per liter, while diesel and kerosene have each been raised by Rs. 5 per liter. The price of domestic aviation fuel has also been increased by Rs. 20 per liter, while international aviation fuel has been raised by USD 131 per kiloliter.

NOC said the price adjustment follows the latest fuel procurement rates sent by the Indian Oil Corporation (IOC) on July 31, 2026. Under the revised import prices, the cost of petrol increased by Rs. 20.19 per liter, diesel by Rs. 39.67 per liter, and aviation fuel by Rs. 19.06 per liter.

Under the new retail price structure, petrol and diesel will cost Rs. 200 per liter in Kathmandu, Pokhara, and Dipayal. The retail price has been fixed at Rs. 199 per liter in Surkhet and Dang, while consumers in Charali, Biratnagar, Janakpur, Amlekhgunj, Bhalwari, Dhangadhi, and Birgunj will pay Rs. 197.50 per liter.

The corporation has kept the price of liquefied petroleum (LPG) cooking gas unchanged.

Before the latest revision, petrol was priced at Rs. 197 per liter, while diesel and kerosene were sold at Rs. 195 per liter.

Despite the latest increase in retail fuel prices, NOC stated that it is still projected to incur a fortnightly loss of approximately Rs. 1.49 billion after adjusting petroleum product prices, according to a statement issued on Monday."
20260803SS009,Sharesansar,IPPAN Urges Hydropower Developers to Issue Local Shares at Face Value of Rs. 100,https://www.sharesansar.com/newsdetail/ippan-urges-hydropower-developers-to-issue-local-shares-at-face-value-of-rs-100-2026-08-03,"Monday, August 3, 2026",2026-08-03 07:46:27,"TheIndependent Power Producers' Association, Nepal(IPPAN) has urged all hydropower promoter companies to continue issuing shares to project-affected local communities at the face value of Rs. 100 per share, in line with existing legal provisions.

In a statement issued on Monday, IPPAN expressed serious concern over discussions by some hydropower developers about issuing local shares at a premium price due to delays in the initial public offering (IPO) approval process for certain hydropower projects.

According to IPPAN PresidentMohan Kumar Dangi, prolonged delays in the IPO issuance process have prompted some companies to consider alternative pricing for shares allocated to residents directly affected by hydropower projects. However, the association emphasized that such a move would contradict the spirit of the existing legal framework and could undermine the objectives of local share allocation.

Under the Securities Registration and Issue Regulations, 2073 (2017), hydropower companies are required to allocate 10 percent of their issued shares to project-affected local communities. IPPAN has called on all its member companies to ensure that these shares continue to be offered at their face value of Rs. 100 per share.

The association stressed that hydropower development is not merely an investment opportunity but also a long-term development partnership built on trust, cooperation, and shared ownership with local communities.

IPPAN noted that the provision for allocating shares to residents was introduced to recognize the contributions and sacrifices of communities that provide land for projects, bear environmental and social impacts, endure construction-related inconveniences, and support the successful implementation of hydropower projects.

The association warned that issuing local shares at a premium price would limit the participation of affected communities, weaken their sense of ownership, and potentially damage the trust that has been built over the years between project developers and residents.

According to IPPAN, providing shares at face value enables local communities to become genuine stakeholders in hydropower projects, strengthens their ownership, and helps minimize social disputes and project-related obstacles during construction and operation. The association believes this approach also fosters stronger local cooperation, facilitates timely project completion, and creates long-term economic benefits for residents through increased financial participation, local development, and social harmony.

IPPAN further urged the Government of Nepal, relevant regulatory authorities, and all hydropower developers to prioritize the interests of project-affected communities, ensure the long-term sustainability of hydropower projects, and preserve the healthy relationship between the private sector and local communities by maintaining the policy of issuing local shares at the face value of Rs. 100 per share.

The association also called on the government and regulatory agencies to simplify, improve transparency, and expedite the regulatory process related to IPO approvals. It stated that delays in the share issuance process have created significant challenges for hydropower projects and urged authorities to establish a more efficient and time-bound approval mechanism to ensure timely public offerings."
20260803SS010,Sharesansar,"Mahuli Laghubitta Delivers Exceptional Q4, Net Profit Skyrockets 1,036% to Rs. 19.32 Crore",https://www.sharesansar.com/newsdetail/mahuli-laghubitta-delivers-exceptional-q4-net-profit-skyrockets-1036-to-rs-1932-crore-2026-08-03,"Monday, August 3, 2026",2026-08-03 07:46:27,"Mahuli Laghubitta Bittiya Sanstha Limited (MSLB) has delivered an exceptional financial performance in the fourth quarter of FY 2082/83, reporting a remarkable 1036.40% surge in net profit to Rs. 19.32 crore, compared to Rs. 1.70 crore in the corresponding quarter of the previous fiscal year.

The impressive earnings growth was primarily supported by a significant increase in core banking income and a sharp reduction in impairment charges. Net interest income climbed 39.74% year-on-year to Rs. 49.74 crore, while impairment charges plunged 93.85%, reflecting improved asset quality. As a result, the company's operating profit soared from Rs. 2.23 crore to Rs. 27.61 crore during the review period.

The microfinance institution also strengthened its financial position, with retained earnings rising 245.84% to Rs. 16.50 crore, while reserves increased 17.89% to Rs. 33.06 crore. Loans and advances expanded 20.66% to Rs. 617.39 crore, supported by a 13.11% increase in customer deposits. Meanwhile, borrowings grew 17.98% year-on-year to Rs. 343.34 crore.

Key financial indicators also improved during the quarter. The capital adequacy ratio increased to 10.61% from 9.38%, while the cost of funds declined to 6.32% from 7.51%. The non-performing loan (NPL) ratio also improved, falling to 9.80% from 12.16% a year earlier.

The company's Earnings Per Share (EPS) stood at Rs. 49.88, while Net Worth Per Share reached Rs. 227.91. At the close of the quarter, MSLB shares were trading at Rs. 1,230, representing a P/E ratio of 24.66 times.

Report:"
20260804SS001,Sharesansar,Central Bank Digital Currency (CBDC) Set to Become Legal Money in Nepal,https://www.sharesansar.com/newsdetail/central-bank-digital-currency-cbdc-set-to-become-legal-money-in-nepal-2026-08-04,"Tuesday, August 4, 2026",2026-08-04 06:40:56,"Nepal is taking a major step toward recognizing digital money issued by its central bank, while maintaining a strict stance against private cryptocurrencies. A proposed amendment bill to the Nepal Rastra Bank Act, 2058 seeks to give official legal status to Central Bank Digital Currency (CBDC), classifying it alongside traditional paper notes and physical coins.

The scope and legal boundaries of digital money were discussed during a clause-by-clause review of the bill by the Finance Committee of the House of Representatives. Officials clarified that the term ""digital currency"" in the new law applies strictly to money issued, regulated, and backed by Nepal Rastra Bank (NRB), the nation's central bank. In contrast, privately issued digital assets, such as cryptocurrencies and virtual currencies, will not be recognized as official currency or legal money.

Addressing lawmakers, NRB Executive Director Deergha Rawal explained that incorporating digital currency into the Act specifically enables the launch and management of a central bank digital currency. He noted that private cryptocurrencies do not belong in the central banking law, as regulatory concerns surrounding them are already covered under anti-money laundering legislation.

Finance Secretary Dr. Ghanashyam Upadhyay emphasized the distinction between digital currency and digital banking, advising that they should not be conflated. Because digital currency naturally functions within its own operational framework, he noted that adding a separate operational system definition is unnecessary. To ensure clarity, he suggested defining digital currency simply as any digital money issued or designated by the central bank, which maintains sole authority over official currency.

Under the proposed amendment to Section 2 of the Act, the definition of ""currency"" will be officially expanded. While the current law recognizes only paper banknotes and metal coins, the updated provision will define currency to include bank notes in active circulation, coins, and digital currency issued directly by the central bank. Proposers of the amendment further recommended explicit language stating that any private virtual currency or cryptocurrency remains strictly excluded from being considered lawful money under the Act."
20260804SS002,Sharesansar,Shine Resunga Reports 82.97% Rise in Net Profit for Q4; Operating Profit Reaches Rs. 1.73 Arba,https://www.sharesansar.com/newsdetail/shine-resunga-reports-8297-rise-in-net-profit-for-q4-operating-profit-reaches-rs-173-arba-2026-08-04,"Tuesday, August 4, 2026",2026-08-04 06:40:57,"Shine Resunga Development Bank Limited (SHINE)has reported a strong financial performance in the fourth quarter of FY 2082/83, posting a net profit of Rs. 1.18 Arba, an impressive 82.97% increase from Rs. 64.56 crore recorded in the corresponding period of the previous fiscal year. The substantial growth in profitability was primarily supported by higher net interest income, lower funding costs, and improved operational efficiency.

The bank's net interest income increased by 6.90% year-on-year to Rs. 2.82 Arba, compared to Rs. 2.64 Arba in the previous year. Total deposits rose by 8.48% to Rs. 77.85 Arba, while loans and advances expanded by 11.18% to Rs. 63.26 Arba. During the review period, the bank also reported a loan and advances reversal of Rs. 20.79 crore, contributing positively to its earnings.

Operating profit nearly doubled, reaching Rs. 1.73 Arba from Rs. 91.11 crore a year earlier. Retained earnings increased to Rs. 84.64 crore, while total reserves grew to Rs. 2.14 Arba. The bank further strengthened its capital position, with the capital adequacy ratio improving to 13.70% from 12.55% in the previous fiscal year. Meanwhile, the cost of funds declined to 3.68% from 4.85%, although the non-performing loan (NPL) ratio stood at 4.93%.

Reflecting the stronger earnings, earnings per share (EPS) surged to Rs. 23.52 from Rs. 13.24 in the previous year, while net worth per share improved by 5.31% to Rs. 159.48. Based on the quarter-end market price of Rs. 415 per share, the bank's price-to-earnings (P/E) ratio stood at 17.64 times.

Report:

Major Financial Highlights:"
20260804SS003,Sharesansar,"""Siddhartha Equity Fund 2"" Mutual Fund Scheme Listed on NEPSE",https://www.sharesansar.com/newsdetail/siddhartha-equity-fund-2-mutual-fund-scheme-listed-on-nepse-2026-08-04,"Tuesday, August 4, 2026",2026-08-04 06:40:57,"Today, an agreement between representatives of the Siddhartha Capital Limited (SIDCL) and the Nepal Stock Exchange (NEPSE) was signed for the listing of ""Siddhartha Equity Fund 2  SEF2"".

Following the agreement, 12,50,00,000 units are being listed at a par value of Rs. 10 per unit. The issue was opened from 21st Baisakh to 28th Baisakh, 2082 to the general public.

The trading of the shares is expected to begin on Tuesday. ""Siddhartha Equity Fund 2 (SEF2)"" is a closed-end fund that will be traded in NEPSE.

Note that the listed shares will be traded under the symbol 'SEF2'."
20260804SS004,Sharesansar,Finance Minister Dr. Swarnim Wagle to Meet Top Commercial Bank CEOs to Discuss Economic Reforms Today,https://www.sharesansar.com/newsdetail/finance-minister-dr-swarnim-wagle-to-meet-top-commercial-bank-ceos-to-discuss-economic-reforms-today-2026-08-04,"Tuesday, August 4, 2026",2026-08-04 06:40:59,"Finance Minister Dr. Swarnim Wagle is holding a high level meeting today with the chief executive officers (CEOs) of Nepal’s 20 major commercial banks to review the state of the financial market and discuss key economic reforms.

The meeting, scheduled for 3:00 PM at the Ministry of Finance, brings together the heads of all commercial banks recognized by Nepal Rastra Bank, the country's central bank.

The primary goal of the discussion is to evaluate the practical implementation of economic reform measures announced in the national budget. Finance Minister Wagle aims to assess the current financial market conditions while outlining the active role and cooperation needed from leading financial institutions to drive these reforms forward."
20260804SS005,Sharesansar,"Deadline Extended for ""7% Laxmi Sunrise Debenture 2092""; Issue to Close on Shrawan 28",https://www.sharesansar.com/newsdetail/deadline-extended-for-7-laxmi-sunrise-debenture-2092-issue-to-close-on-shrawan-28-2026-08-04,"Tuesday, August 4, 2026",2026-08-04 06:40:59,"Laxmi Sunrise Bank Limited has extended the deadline for issuing 30,00,000 units of""7% Laxmi Sunrise Debenture 2092""to the general public and institutions until 28th Shrawan, 2083.

The debenture, with a maturity period of 10 years and a coupon rate of 7%, was open for application from the 14th Shrawan, 2083.

30,00,000 units will be issued at a par value of Rs. 1000 per unit. Out of the total units being issued, 60%, i.e., 18 lakh units, of the total issue will be subscribed via private placement, while the remaining 12 lakh units worth Rs. 1.22 Crore will be open for public issue.

According to CDSC, 7,390 applicants have applied for 10,55,426 units worth Rs. 1.05 arba so far. This data is as of yesterday.

Machapuchhre Capital Limited is the issue manager. Investors can apply for a minimum of 25 units and a maximum of the total issued units."
20260804SS006,Sharesansar,Abhijit K.C. Appointed Acting CEO of Crest Micro Life Insurance,https://www.sharesansar.com/newsdetail/abhijit-kc-appointed-acting-ceo-of-crest-micro-life-insurance-2026-08-04,"Tuesday, August 4, 2026",2026-08-04 06:41:00,"Crest Micro Life Insurance Limited has appointed its Deputy Chief Executive Officer, Mr. Abhijit K.C., as the company's Acting Chief Executive Officer.

The decision was made during the company’s 48th Board of Directors meeting held on Shrawan 18, 2083. His appointment follows a suspension letter issued by the regulatory body, the Nepal Insurance Authority (Nepal Beema Pradhikaran), on Ashadh 1, 2083 BS regarding the previous Chief Executive Officer.

Mr. K.C. officially takes charge as the Acting CEO effective from Shrawan 18, 2083. The company has formally communicated this executive management change to key market regulators, including the Nepal Stock Exchange (NEPSE), the Securities Board of Nepal (SEBON), the Office of the Company Registrar, and CDS & Clearing Limited."
20260804SS007,Sharesansar,Gold Price Falls Slightly by Rs. 200; Check Today's Trading Rate,https://www.sharesansar.com/newsdetail/gold-price-falls-slightly-by-rs-200-check-todays-trading-rate-2026-08-04,"Tuesday, August 4, 2026",2026-08-04 06:41:00,"Gold prices have witnessed a moderate fall in the domestic market today, falling by Rs. 200 per tola to settle at Rs. 283,800 per tola, down from the previous rate of Rs. 284,000 per tola.

TheFederation of Nepal Gold and Silver Dealers' Association (FENEGOSIDA)reported that Tejabi gold price also falls by Rs. 200 per tola to reach Rs. 283,100 per tola, compared to Rs. 283,300 per tola on the previous day.

Meanwhile, silver prices moved in the opposite direction, rises by Rs. 30 per tola to Rs. 4,380 per tola from Rs. 4,350 per tola on the previous day."
20260804SS008,Sharesansar,"Siddhartha Bank Reports 4.54% Growth in Annual Profit, Deposits Cross Rs. 3.27 Kharba",https://www.sharesansar.com/newsdetail/siddhartha-bank-reports-454-growth-in-annual-profit-deposits-cross-rs-327-kharba-2026-08-04,"Tuesday, August 4, 2026",2026-08-04 06:41:01,"Siddhartha Bank Limited (SBL)has reported a net profit of Rs. 3.39 Arba for the fiscal year 2082/83, registering a 4.54% year-on-year growth compared to the previous fiscal year. The improvement in profitability was primarily driven by a 7.24% increase in net interest income, which climbed to Rs. 9.05 Arba from Rs. 8.43 Arba a year earlier.

The bank's deposit base expanded by 16.66% to Rs. 3.27 Kharba, while loans and advances to customers increased by 9.05% to Rs. 2.33 Kharba. Total reserves rose by 12.52% to Rs. 16.92 Arba, although retained earnings declined by 7.19% year-on-year to Rs. 1.70 Arba.

Operating profit increased by 3.78% to Rs. 5.16 Arba, despite a 28.44% rise in impairment charges to Rs. 1.76 Arba. Meanwhile, the bank improved its funding efficiency, with the cost of funds declining to 3.42% from 4.39% in the previous year.

Among the key financial indicators, earnings per share (EPS) stood at Rs. 21.84, while net worth per share reached Rs. 225.90. The bank's capital adequacy ratio improved to 13.19% from 11.77%, whereas the non-performing loan (NPL) ratio edged up to 3.53% from 2.62%.

At the end of the fiscal year, Siddhartha Bank's shares were trading at Rs. 395, translating into a price-to-earnings (P/E) ratio of 18.09 times.

Report:

Major Financial Highlights:"
20260804SS009,Sharesansar,"NMB Bank Q4 Profit Jumps 40.6% to Rs. 4.01 Arba, EPS Climbs to Rs. 19.53",https://www.sharesansar.com/newsdetail/nmb-bank-q4-profit-jumps-406-to-rs-401-arba-eps-climbs-to-rs-1953-2026-08-04,"Tuesday, August 4, 2026",2026-08-04 06:41:02,"NMB Bank Limited (NMB)has reported a strong financial performance for the fourth quarter of FY 2082/83, with its net profit surging 40.60% year-on-year to Rs. 4.01 Arba. The impressive growth was primarily driven by higher loan expansion and a significant increase in net interest income, despite a notable rise in impairment charges. The bank's paid-up capital, including preference shares, stood at Rs. 22.28 Arba in FY 2082/83, compared to Rs. 18.36 Arba in FY 2081/82. Retained earnings showed a remarkable turnaround, rising to a positive Rs. 1.87 Arba from a negative balance of Rs. 1.90 Arba in the previous fiscal year. Meanwhile, the bank's reserves grew by 16.76% year-on-year to Rs. 13.90 Arba.

Customer deposits grew by 12.17% to Rs. 3.15 Kharba, while loans and advances expanded by 9.33% to Rs. 2.49 Kharba. Net interest income rose 17.52% to Rs. 9.42 Arba, whereas personnel expenses saw only a marginal increase of 0.30% to Rs. 3.05 Arba. Although impairment charges climbed 43.15% to Rs. 2.34 Arba, the bank still recorded a 29.06% increase in operating profit, reaching Rs. 4.01 Arba.

Following appropriation and regulatory adjustments, NMB Bank's distributable profit stood at Rs. 1.75 Arba. Its capital adequacy ratio improved to 12.73% from 11.92% in the previous year. However, the non-performing loan (NPL) ratio edged up to 4.91% from 4.11%. The cost of funds declined significantly to 3.74% from 5.06%, reflecting improved funding efficiency. Earnings per share (EPS) increased to Rs. 19.53, while net worth per share rose 4.19% to Rs. 181.80. As of the end of Q4 FY 2082/83, the bank's price-to-earnings (P/E) ratio stood at 12.26 times, based on a closing market price of Rs. 239.50 per share.

Report:

Major Financial Highlights:"
20260804SS010,Sharesansar,Former Finance Minister Khanal Calls for Major Policy Reforms to Revive Nepal's MSMEs,https://www.sharesansar.com/newsdetail/former-finance-minister-khanal-calls-for-major-policy-reforms-to-revive-nepals-msmes-2026-08-03,"Monday, August 3, 2026",2026-08-04 06:41:02,"Former Finance Minister Rameshore Khanal has stressed the need for sweeping reforms in insurance, lending, and policy frameworks to revive Nepal's micro, small, and medium enterprises (MSMEs), many of which continue to struggle in the aftermath of the COVID-19 pandemic.

Speaking at a policy discussion programme organized by the Society of Economic Journalists Nepal (SEJON), the Nepal Insurance Authority, and the United Nations Development Programme (UNDP) during the release of the study report Risk Management in Nepal's MSMEs, Khanal said comprehensive policy reforms are essential to safeguard and promote businesses facing ongoing economic challenges.

He noted that while MSMEs are a vital pillar of Nepal's economy, the sector has weakened due to inadequate risk management mechanisms and limited access to finance.

Khanal also proposed innovative changes to agricultural insurance schemes, suggesting that the government should initially bear 100 percent of insurance premiums for low-income farmers and recover their contribution only after compensation is paid. He argued that despite the government's subsidy of up to 75 percent on insurance premiums, many farmers have been unable to fully benefit from the programme.

Referring to the newly released report, Khanal said only around 10 percent of Nepal's nearly 900,000 MSMEs have insurance coverage, leaving the remaining 90 percent exposed to various risks. He added that although sectors such as tourism and construction are gradually recovering from the pandemic, MSMEs remain under severe financial pressure, contributing to rising bad loans and growing non-performing assets in banks and financial institutions.

On the occasion, Kalpana Shrestha, Joint Secretary at the Ministry of Industry, Commerce and Supplies, emphasized the need to expand insurance coverage by integrating government programmes designed to support MSMEs.

She said that nearly half of Nepal's approximately 923,000 MSMEs operate in the informal sector and remain outside the insurance system, limiting overall insurance penetration to around 10 percent. To address this gap, she highlighted government initiatives such as startup loans, MEDPA programmes, production-based incentives, and the National Enterprise Facility aimed at promoting entrepreneurship.

Kyoko Yokosuka, Resident Representative of UNDP Nepal, said MSMEs form the backbone of Nepal's economy but are among the most vulnerable to growing climate and economic risks.

She noted that through its Insurance and Risk Finance Facility, UNDP is working with 39 countries, including Nepal, to strengthen financial resilience against climate- and disaster-related risks, reaffirming the organization's commitment to expanding affordable and appropriate insurance solutions for MSMEs.

Meanwhile, Sushildev Subedi, Executive Director of the Nepal Insurance Authority, said Nepal's insurance system must become more inclusive, modern, and effective to better protect MSMEs from emerging risks.

He added that MSMEs are particularly vulnerable to natural disasters, climate change, financial shocks, cyber threats, and public health emergencies, making effective risk management essential for their long-term sustainability."
20260805SS001,Sharesansar,National Agriculture Policy 2083  Launched,https://www.sharesansar.com/newsdetail/national-agriculture-policy-2083-launched-2026-08-05,"Wednesday, August 5, 2026",2026-08-05 06:41:42,"The Ministry of Agriculture, Forest, and Environment has officially issued the National Agriculture Policy 2083, aiming to transform Nepal’s farming sector into a modern, commercial, competitive, and self-reliant industry. Prepared in alignment with the country's federal governance system, the policy focuses on achieving food security and food sovereignty, raising farmers' incomes, increasing domestic agricultural production, substituting imports, and promoting farm exports.

Speaking on the launch of the policy, Minister for Agriculture, Forest, and Environment Gita Chaudhary stated that the primary objective of the new policy is to overcome existing sectoral challenges and establish a sustainable, production-focused agricultural system. The policy outlines specific measures to tackle major issues such as land fragmentation, the growth of uncultivated land, lack of irrigation and storage facilities, youth migration, the impacts of climate change, low productivity, and increasing reliance on imported food.

To achieve its goals, the policy establishes measures to gain self-reliance in basic food items, promote agricultural commercialization and industrial development, and expand into international markets by branding local farm products. It also stresses the importance of protecting biodiversity, developing environment-friendly farming systems, and incorporating digital technology, local knowledge, and innovation into agricultural practices.

Additionally, the policy prioritizes boosting farm productivity, promoting inclusive machinery use, conserving land, expanding agricultural research, and providing practical support to farmers through minimum support prices, subsidized farm loans, crop and livestock insurance, and improved food safety and nutrition. It further encourages investment from the private sector and cooperatives, soil health management, climate adaptation, stronger agricultural data collection, and efforts to establish farming as a respected profession.

According to the ministry, effective execution of the policy will rely on strong coordination among federal, provincial, and local governments, along with necessary legal structures, sufficient financial funding, private sector involvement, and regular monitoring and evaluation. The ministry expects that the successful implementation of the National Agriculture Policy 2083 will significantly contribute to food self-sufficiency, job creation, import reduction, export growth, and overall national economic prosperity.

Note: Image Generated by Artificial Intelligence

Click Here for Official Notice"
20260805SS002,Sharesansar,PM Balendra Shah Calls Ministerial Meeting Today; Meeting to Begin at 11:30  Am,https://www.sharesansar.com/newsdetail/pm-balendra-shah-calls-ministerial-meeting-today-meeting-to-begin-at-1130-am-2026-08-05,"Wednesday, August 5, 2026",2026-08-05 06:41:42,"A meeting of the Council of Ministers is scheduled to take place at 11:30 am today, according to the Prime Minister's Secretariat.

The cabinet meeting will be held at the Office of the Prime Minister and Council of Ministers in Singha Durbar. The agenda of the meeting has not been disclosed by the Prime Minister's Office, but it is likely to focus on ministerial work processes and various public grievance."
20260805SS003,Sharesansar,Nepal Rasta Bank to Collect 85 Billion from BFI's for 3 Month Period,https://www.sharesansar.com/newsdetail/nepal-rasta-bank-to-collect-85-billion-from-bfis-for-3-month-period-2026-08-05,"Wednesday, August 5, 2026",2026-08-05 06:41:43,"Nepal Rastra Bank (NRB) has announced that it will collect deposits worth Rs.85 billion from banks and financial institutions through a bidding process today.

According to a notice published today, the central bank will collect the deposits for a period of 90 days. The bidding will take place on Shrawan 20 (August 05) through the Online Bidding System at 3 Pm.

The interest rate will be decided through the bidding process. The minimum amount for bidding has been set at Rs. 10 crore, while the maximum limit is (In multiples of) 5 Crore, up to the total issue amount. However, institutions can submit multiple bids within the total announced amount.

Only licensed ‘A’, ‘B’, and ‘C’ class banks and financial institutions approved by NRB are allowed to take part in the bidding. The deposits collected will be returned along with interest on Kartik 17, 2083 (November 3, 2026)."
20260805SS004,Sharesansar,Gold Price Rises by Rs. 4200 Per Tola; Check Today's Trading Rate,https://www.sharesansar.com/newsdetail/gold-price-rises-by-rs-4200-per-tola-check-todays-trading-rate-2026-08-05,"Wednesday, August 5, 2026",2026-08-05 06:41:43,"Gold prices have witnessed a moderate rise in the domestic market today, rising by Rs. 4200 per tola to settle at Rs. 288,000 per tola, up from the previous rate of Rs. 283,800 per tola.

TheFederation of Nepal Gold and Silver Dealers' Association (FENEGOSIDA)reported that Tejabi gold price also gains by Rs. 4200 per tola to reach Rs. 287,300  per tola, compared to Rs. 283,100 per tola on the previous day.

Similarly, silver prices moved in the same direction, rises by Rs. 95 per tola to Rs.4,475 per tola from Rs. 4,380 per tola on the previous day."
20260805SS005,Sharesansar,Dr. Kadir Alam Appointed Chairman of Nepal Pharmacy Council,https://www.sharesansar.com/newsdetail/dr-kadir-alam-appointed-chairman-of-nepal-pharmacy-council-2026-08-05,"Wednesday, August 5, 2026",2026-08-05 06:41:44,"The Government of Nepal has appointed Dr. Kadir Alam as the new Chairman of the Nepal Pharmacy Council. Following a competitive selection process involving multiple applicants, Dr. Alam was officially chosen for the leadership role.

The newly appointed Chairman took his oath of office and secrecy in the presence of the Minister for Health and Food Hygiene, Nisha Mehta. Following the ceremony, Minister Mehta directed the council leadership to work towards improving operational efficiency, transparency, and accountability. She also emphasized the importance of actively regulating pharmacy education, improving overall medicine services, and building public trust in the healthcare sector."
20260805SS006,Sharesansar,"Laxmi Sunrise Bank Limited Closing the Issue of ""7% Laxmi Sunrise Debenture 2092"" From Today",https://www.sharesansar.com/newsdetail/laxmi-sunrise-bank-limited-closing-the-issue-of-7-laxmi-sunrise-debenture-2092-from-today-2026-08-05,"Wednesday, August 5, 2026",2026-08-05 06:41:44,"Laxmi Sunrise Bank Limited (LSL) is closing the issue of 30,00,000 units of""7% Laxmi Sunrise Debenture 2092""to the general public and institutions from today, i.e., 20th Shrawan, 2083.

The debenture, with a maturity period of 10 years and a coupon rate of 7%, was open for application from the 14th Shrawan, 2083.

30,00,000 units will be issued at a par value of Rs. 1000 per unit. Out of the total units being issued 60% i.e., 18 lakh units, the total issue will be subscribed via private placement while the remaining 12 lakh units worth Rs. 1.22 Crore were open for public issue.

According to CDSC, 9820 applicants have applied for 16,48,573 units worth Rs. 1.64 arba so far. This data is as of today.

Machapuchhre Capital Limited is the issue manager. Investors can apply for a minimum of 25 units and a maximum of the total issued units."
20260805SS007,Sharesansar,NRN Infrastructure and Development to Invest in 21 MW Hydropower Project,https://www.sharesansar.com/newsdetail/nrn-infrastructure-and-development-to-invest-in-21-mw-hydropower-project-2026-08-05,"Wednesday, August 5, 2026",2026-08-05 06:41:45,"NRN Infrastructure and Development Limited (NRN)has decided to invest in 21 MW Aayu Molung Khola Hydropower Project which is located in Okhaldhunga's Molung Rural Municipality.

The decision was made during the board meeting held on Tuesday, Shrawan 19, 2083. Under the decision, the company plans to invest in 10 lakh units  promoter shares of Aayu Molung Hydropower Limited, at a face value of Rs. 100 per share amounting to a total proposed investment of Rs. 10 crores.

The company said the decision is subject to regulatory procedures and has informed the concerned authority accordingly."
20260805SS008,Sharesansar,Nabil Bank's Q4 Profit Surges 33.50%; Distributable Profit Climbs to Rs. 5.16 Arba,https://www.sharesansar.com/newsdetail/nabil-banks-q4-profit-surges-3350-distributable-profit-climbs-to-rs-516-arba-2026-08-05,"Wednesday, August 5, 2026",2026-08-05 06:41:45,"Nabil Bank Limited (NABIL) has released its fourth-quarter financial results for FY 2082/83, posting a strong improvement in profitability, supported by higher operating income and a significant decline in impairment charges.

The bank's paid-up capital stood at Rs. 32.05 Arba, including preference shares, while retained earnings increased by 34.07% year-on-year to Rs. 5.16 Arba. Total reserves grew by 11.82% to Rs. 34.68 Arba. Customer deposits rose by 12.95% to Rs. 5.92 Kharba, while loans and advances expanded by 12.00% to Rs. 4.60 Kharba.

Net interest income reached Rs. 17.00 Arba, reflecting a 4.18% increase from the previous year. Personnel expenses climbed 5.35% to Rs. 5.31 Arba, whereas impairment charges declined sharply by 36.28% to Rs. 2.67 Arba. Backed by the lower provisioning expenses, operating profit surged 25.22% to Rs. 11.56 Arba, while net profit increased 33.50% year-on-year to Rs. 7.90 Arba.

Following appropriations and regulatory adjustments, the bank's distributable profit stood at Rs. 5.16 Arba, up 34.07% from the previous year.

On the prudential front, the Capital Adequacy Ratio (CAR) improved to 12.37%, compared to 11.81% a year earlier. The Non-Performing Loan (NPL) ratio stood at 4.20%, down from 4.48% in the corresponding period last year, indicating an improvement in asset quality. Meanwhile, the cost of funds declined to 3.09% from 4.41%.

The bank reported an Earnings Per Share (EPS) of Rs. 27.74, compared to Rs. 34.13 in the previous year, while Net Worth Per Share increased to Rs. 247.28. Based on the quarter-end market price of Rs. 534.90, Nabil Bank's Price-to-Earnings (P/E) ratio stood at 19.28 times.

Report:

Major Financial Highlights:"
20260805SS009,Sharesansar,"Global IME Bank Reports Strong Q4 with 22.67% Profit Growth, EPS at Rs. 16.34",https://www.sharesansar.com/newsdetail/global-ime-bank-reports-strong-q4-with-2267-profit-growth-eps-at-rs-1634-2026-08-05,"Wednesday, August 5, 2026",2026-08-05 06:41:46,"Global IME Bank Limited (GBIME) delivered a solid financial performance in the fourth quarter of FY 2082/83, reporting a net profit of Rs. 6.22 Arba, up 22.67% from Rs. 5.07 Arba recorded in the corresponding period last year. The improvement in earnings was primarily supported by lower impairment charges. Earnings per share (EPS) increased to Rs. 16.34 from Rs. 13.32, while the bank’s P/E ratio stood at 14.69 times based on the quarter-end market price of Rs. 240 per share.

The bank’s paid-up capital remained unchanged at Rs. 38.11 Arba, while retained earnings grew 12.98% year-on-year to Rs. 4.58 Arba, reflecting higher distributable profit. Likewise, reserves increased 10.85% to Rs. 27.10 Arba.

On the business front, customer deposits expanded 21.53% to Rs. 6.69 Kharba, while loans and advances rose 7.13% to Rs. 4.39 Kharba. The bank also improved its funding efficiency, with the cost of funds declining to 3.43% from 4.30% a year earlier.

Despite a 2.86% decline in net interest income to Rs. 16.20 Arba, personnel expenses increased by 7.86% to Rs. 5.06 Arba. Meanwhile, impairment charges fell 19.88% to Rs. 4.78 Arba, helping operating profit rise 20.03% year-on-year to Rs. 8.68 Arba.

In terms of asset quality and capital strength, the capital adequacy ratio eased to 12.10% from 12.65%, while the non-performing loan (NPL) ratio edged up to 4.96% from 4.86%. Net worth per share improved to Rs. 183.14, compared to Rs. 174.80 in the previous year.

Report:

Major Financial Highlights:"
20260805SS010,Sharesansar,Everest Bank's Q4 Net Profit Rises 4.75% to Rs. 5.06 Arba; Distributable Profit Reaches Rs. 3.80 Arba,https://www.sharesansar.com/newsdetail/everest-banks-q4-net-profit-rises-475-to-rs-506-arba-distributable-profit-reaches-rs-380-arba-2026-08-05,"Wednesday, August 5, 2026",2026-08-05 06:41:47,"Everest Bank Limited (EBL) has reported a net profit of Rs. 5.06 Arba for the fourth quarter of FY 2082/83, registering a 4.75% year-on-year increase from Rs. 4.83 Arba. The growth was primarily supported by a modest rise in net interest income, continued expansion in deposits and lending, and a lower cost of funds, although earnings were weighed down by higher impairment charges.

Customer deposits increased by 5.76% to Rs. 3.16 Kharba, while loans and advances expanded by 10.37% to Rs. 2.35 Kharba. Net interest income edged up 0.97% to Rs. 9.19 Arba, while retained earnings climbed 12.49% to Rs. 5.50 Arba and reserves rose 13.45% to Rs. 15.72 Arba.

Operating profit inched up 0.49% to Rs. 7.38 Arba. However, impairment charges moved to a loss of Rs. 27.28 crore, compared to a gain of Rs. 15.53 crore in the previous fiscal year, reflecting higher provisioning pressure. Meanwhile, the bank successfully reduced its cost of funds to 3.15% from 3.87%, supporting overall profitability.

Among key indicators, earnings per share (EPS) stood at Rs. 36.95 (down from Rs. 37.39), while net worth per share improved to Rs. 256.47. The non-performing loan (NPL) ratio increased to 0.49% from 0.38%, and the capital adequacy ratio declined to 12.23% from 13.17%.

At the end of the quarter, Everest Bank's shares closed at Rs. 695, giving the stock a price-to-earnings (P/E) ratio of 18.81 times."
20260806SS001,Sharesansar,Jyoti Bikas Bank's FY 2082/83 Net Profit Soars Over 9-Fold to Rs. 1 Arba,https://www.sharesansar.com/newsdetail/jyoti-bikas-banks-fy-208283-net-profit-soars-over-9-fold-to-rs-1-arba-2026-08-06,"Thursday, August 6, 2026",2026-08-06 06:45:52,"Jyoti Bikas Bank Limited (JBBL)has released its fourth-quarter financial results for FY 2082/83, reporting a remarkable turnaround in profitability, supported by strong operating performance and a significant reduction in impairment charges.

The development bank posted a net profit of Rs. 1.00 Arba, registering an impressive 905.75% year-on-year increase from Rs. 10 crore in the corresponding period last year. The performance was backed by an 11.77% growth in net interest income, which rose to Rs. 2.34 Arba from Rs. 2.09 Arba in FY 2081/82.

Customer deposits increased by 11.15% to Rs. 67.22 Arba, while loans and advances expanded by 6.61% to Rs. 49.58 Arba. Meanwhile, operating profit surged 360.15% to Rs. 1.79 Arba.

The bank also reported a reversal in impairment charges for loans and advances, recording Rs. 30.12 crore in write-back, compared to an impairment expense in the previous year, significantly boosting overall profitability.(Note: A decline of more than 100% indicates a reversal/write-back rather than merely a decrease in impairment charges.)

On the prudential front, the Capital Adequacy Ratio (CAR) stood at 14.05%. The Non-Performing Loan (NPL) ratio improved to 6.55% from 7.75% a year earlier, reflecting better asset quality. The cost of funds also improved, declining to 3.76% from 4.99%.

The bank reported an Earnings Per Share (EPS) of Rs. 22.88, while Net Worth Per Share increased to Rs. 170.97.

Report:

Major Financial Highlights"
20260806SS002,Sharesansar,Lumbini Bikas Bank Posts Strong FY 2082/83 Results with 252.96% Surge in Net Profit,https://www.sharesansar.com/newsdetail/lumbini-bikas-bank-posts-strong-fy-208283-results-with-25296-surge-in-net-profit-2026-08-06,"Thursday, August 6, 2026",2026-08-06 06:45:52,"Lumbini Bikas Bank Limited (LBBL)has released its fourth-quarter financial results for FY 2082/83, reporting a remarkable improvement in profitability, primarily driven by a sharp decline in impairment charges and stronger operating earnings.

The development bank posted a net profit of Rs. 85.10 crore, registering a 252.96% year-on-year increase from Rs. 24.11 crore in the corresponding period last year. The performance was supported by a 7.53% rise in net interest income, which increased to Rs. 1.99 Arba from Rs. 1.85 Arba a year earlier.

Customer deposits slipped marginally by 0.26% to Rs. 57.44 Arba, while loans and advances remained largely stable, declining by just 0.02% to Rs. 47.05 Arba. Meanwhile, operating profit surged 108.50% to Rs. 1.21 Arba, aided by an 82.66% decline in impairment charges for loans and advances, which dropped to Rs. 13.50 crore.

On the prudential front, the Capital Adequacy Ratio (CAR) stood at 14.96%. The Non-Performing Loan (NPL) ratio increased to 6.94% from 4.71% a year ago, indicating a deterioration in asset quality. However, the cost of funds improved, declining to 3.95% from 5.35%.

The bank reported an Earnings Per Share (EPS) of Rs. 23.48, while Net Worth Per Share improved to Rs. 213.73.

Report:

Major Financial Highlights"
20260806SS003,Sharesansar,Nepal Bank Customers and Employees to Receive Up to 20% Discount at Peoples Dental College & Hospital,https://www.sharesansar.com/newsdetail/nepal-bank-customers-and-employees-to-receive-up-to-20-discount-at-peoples-dental-college-hospital-2026-08-06,"Thursday, August 6, 2026",2026-08-06 06:45:52,"Nepal Bank Limited has signed an agreement with Peoples Dental College & Hospital Pvt. Ltd. and its General Hospital to provide special healthcare discounts to the bank's customers and employees. Under the agreement, account holders and staff will receive a 100% discount on patient registration and check-up fees and 10% to 20% discounts on various hospital services.

The agreement was signed by Assistant CEO Dipendra Raj Kafle on behalf of Nepal Bank and Managing Director Roshan Luitel on behalf of Peoples Dental College & Hospital. The partnership aims to provide affordable access to quality healthcare services while enhancing customer benefits. Nepal Bank currently serves around 2.7 million customers through 231 branches, 246 ATMs, and 58 extension counters across the country."
20260806SS004,Sharesansar,"Gold Price Soars by Rs 8,000 Per Tola, Silver Also Gains",https://www.sharesansar.com/newsdetail/gold-price-soars-by-rs-8000-per-tola-silver-also-gains-2026-08-06,"Thursday, August 6, 2026",2026-08-06 06:45:53,"Gold prices, a highly valued asset, have sharply increased by Rs. 8,000 per tola today, now standing at Rs 296,000 per tola. This increase is a notable jump from the previous rate of Rs. 288,000 per tola.

TheFederation of Nepal Gold and Silver Dealers' Association (FENEGOSIDA)reported that Tejabi gold also experienced a sharp gain, rising by Rs. 8,000. The Tejabi gold price reached Rs. 295,300 per tola, compared to Rs. 287,300 per tola on the previous day.

Similarly, silver prices moved in the same direction, rising by Rs. 95 per tola to Rs. 4,570 per tola from Rs. 4,475 per tola on the previous day."
20260806SS005,Sharesansar,No Dividends to The Shareholders of Multipurpose Finance Company Limited,https://www.sharesansar.com/newsdetail/no-dividends-to-the-shareholders-of-multipurpose-finance-company-limited-2026-08-06,"Thursday, August 6, 2026",2026-08-06 06:45:53,"Multipurpose Finance Company Limited (MPFL)announces that it will not be distributing any dividends for the Fiscal Year 2081/82.

The decision was made during the 460th Board Meeting held on Shrawan 20. The MPFL Board has not proposed any cash dividends or bonus shares for the FY 2081/82.

It is important to note that this decision is contingent upon approval of the financial statements by the regulatory authority, Nepal Rastra Bank, and the company's upcoming Annual General Meeting.

As of writing, MPFL closed at Rs. 615.00.

Past Dividend History:"
20260806SS006,Sharesansar,Garima Bikas Bank's FY 2082/83 Net Profit Jumps 35.34% to Rs. 1.68 Arba; EPS Climbs to Rs. 28.04,https://www.sharesansar.com/newsdetail/garima-bikas-banks-fy-208283-net-profit-jumps-3534-to-rs-168-arba-eps-climbs-to-rs-2804-2026-08-06,"Thursday, August 6, 2026",2026-08-06 06:45:53,"Garima Bikas Bank Limited (GBBL)has published its fourth-quarter financial results for FY 2082/83, reporting a robust improvement in profitability, driven by higher operating income and a sharp decline in impairment charges.

The development bank posted a net profit of Rs. 1.68 Arba, registering a 35.34% year-on-year increase from Rs. 1.24 Arba in the corresponding period last year. The growth was supported by a 5.64% rise in net interest income, which reached Rs. 3.81 Arba, compared to Rs. 3.61 Arba in FY 2081/82.

Customer deposits increased by 9.27% to Rs. 98.47 Arba, while loans and advances expanded by 13.18% to Rs. 78.24 Arba. Meanwhile, operating profit surged 42.65% to Rs. 2.58 Arba, supported by a 92.42% decline in impairment charges for loans and advances, which fell to Rs. 4.90 crore.

On the prudential front, the Capital Adequacy Ratio (CAR) stood at 13.63%. The Non-Performing Loan (NPL) ratio edged up slightly to 4.76% from 4.69% a year earlier, indicating a marginal deterioration in asset quality. However, the cost of funds improved, declining to 3.53% from 4.84%.

The bank reported an Earnings Per Share (EPS) of Rs. 28.04, while Net Worth Per Share increased to Rs. 177.26.

Report:

Major Financial Highlights"
20260806SS007,Sharesansar,Ncell Launches Monsoon Offer with Up to 20% Cashback on Pack Purchases,https://www.sharesansar.com/newsdetail/ncell-launches-monsoon-offer-with-up-to-20-cashback-on-pack-purchases-2026-08-06,"Thursday, August 6, 2026",2026-08-06 06:45:54,"Ncell has introduced a limited-period Monsoon Offer for prepaid customers, providing instant cashback of 5% to 20% on eligible pack purchases worth Rs. 50 or more and on new prepaid SIM purchases. Customers receive cashback in their Ncell App account after activating an eligible pack, with rewards claimable within 24 hours and redeemable within seven days.

Cashback rates are based on pack value: 5% for Rs. 50–99, 10% for Rs. 100–200, 15% for Rs. 201–499, and 20% for packs worth Rs. 500 and above. The offer is non-transferable and cannot be exchanged for cash, though customers can accumulate rewards through multiple eligible purchases.

According to Upanga Dutta, Chief Consumer Business Officer at Ncell, the campaign aims to provide greater value while encouraging customers to explore the Ncell App, which offers exclusive partner benefits, promotions, and digital services. The Monsoon Offer is part of Ncell's broader strategy to strengthen its digital ecosystem and enhance the customer experience."
20260806SS008,Sharesansar,Rising Impairment Charges and Higher NPLs Drag ADBL's Q4 Net Profit Down 29.52%,https://www.sharesansar.com/newsdetail/rising-impairment-charges-and-higher-npls-drag-adbls-q4-net-profit-down-2952-2026-08-06,"Thursday, August 6, 2026",2026-08-06 06:45:54,"The bank's paid-up capital stood at Rs. 19.73 Arba, including preference shares, while retained earnings declined by 55.19% year-on-year to Rs. 1.26 Arba. Total reserves increased by 8.44% to Rs. 17.90 Arba. Customer deposits grew 18.36% to Rs. 3.47 Kharba, while loans and advances expanded by 16.24% to Rs. 2.47 Kharba.

Net interest income rose 18.36% year-on-year to Rs. 9.12 Arba. Personnel expenses increased by 8.11% to Rs. 4.50 Arba, while impairment charges surged 85.91% to Rs. 1.17 Arba. As a result, operating profit declined 24.32% to Rs. 3.94 Arba, and net profit fell 29.52% to Rs. 2.63 Arba.

Following appropriations and regulatory adjustments, the bank's distributable profit stood at Rs. 1.26 Arba, down 55.19% from the previous fiscal year.

On the asset quality front, the Capital Adequacy Ratio (CAR) stood at 13.29%, compared to 13.93% a year ago. The Non-Performing Loan (NPL) ratio increased to 4.07% from 3.44%, reflecting a deterioration in asset quality. Meanwhile, the cost of funds improved, declining to 2.97% from 3.81%.

The bank reported Earnings Per Share (EPS) of Rs. 16.11, slightly lower than Rs. 24.59 in the previous year, while Net Worth Per Share stood at Rs. 233.99. Based on the quarter-end market price of Rs. 309, ADBL's Price-to-Earnings (P/E) ratio stood at 19.18 times.

Report:

Major Financial Highlights:

*Note: EPS and Net Worth Per Share have been calculated excluding preference shares.

-"
20260806SS009,Sharesansar,Finance Minister Urges Nepal Rastra Bank to Become Partner in Economic Transformation,https://www.sharesansar.com/newsdetail/finance-minister-urges-nepal-rastra-bank-to-become-partner-in-economic-transformation-2026-08-05,"Wednesday, August 5, 2026",2026-08-06 06:45:54,"Finance Minister Dr. Swarnim Wagle has called on the Nepal Rastra Bank (NRB) to go beyond its traditional role as a regulator and actively serve as a partner in driving Nepal's economic transformation.

Speaking during a meeting with NRB Executive Directors at the Ministry of Finance on Wednesday, the Finance Minister said the central bank should play a proactive role in supporting the government's reform agenda and accelerating sustainable economic growth.

He stressed that the discussion was intended to produce concrete outcomes rather than remain a routine consultation.

“Today's discussion won't be limited to formal remarks. Every issue raised here will be converted into an action plan. If necessary, we will form a joint task force, institutionalize policy coordination, and make the decision-making process more effective,” Dr. Wagle said.

Highlighting the current political momentum for reform, the Finance Minister said Nepal now has a rare opportunity to implement meaningful economic changes.

“The foundation for economic stability has been laid, and the private sector is ready to seize new opportunities. Government institutions must now move forward with the same confidence, clarity, and pace. If the government, Nepal Rastra Bank, the banking sector, and the private sector work in the same direction, Nepal's economic transformation will move from vision to implementation,” he stated.

Dr. Wagle urged NRB officials to recommend policy measures that would help translate the government's reform agenda into tangible results. He particularly sought suggestions on increasing credit flow to productive sectors of the economy.

He asked how the banking system's excess liquidity could be channelled into productive investments, industries, and employment generation, while also calling for stronger coordination between monetary and fiscal policies.

The Finance Minister also emphasized the need to strengthen digital finance, fintech, startup financing, alternative financing mechanisms, and the introduction of new financial instruments to support economic modernization.

According to Dr. Wagle, regulation should not focus solely on control but should also create an enabling environment for productive economic activities and innovation.

He encouraged policymakers to adopt a solution-oriented mindset, saying the focus should shift from asking “what is impossible” to identifying “what needs to be done to make it possible.”

Stressing the importance of policy certainty, the Finance Minister said confidence within the government and the central bank would strengthen confidence across the banking sector and private businesses, ultimately supporting higher economic growth.

He noted that the government has already begun implementing legal amendments, institutional reforms, and other policy changes, adding that similar commitment, clarity, and urgency are now expected from the monetary policy side to ensure the success of Nepal's broader economic transformation."
20260806SS010,Sharesansar,NEPSE Index Edges Up By 4.79  Points; SOHL Tops the Turnover,https://www.sharesansar.com/newsdetail/nepse-index-edges-up-by-479-points-sohl-tops-the-turnover-2026-08-05,"Wednesday, August 5, 2026",2026-08-06 06:45:55,"The Nepal Stock Exchange (NEPSE) recorded a moderate gain today, gaining by 4.79 points (0.18%) to close at 2,667.97. This follows a loss of 21.15 points in the previous trading session.

The benchmark index opened at 2666.96 and fluctuated between an intraday high of 2,673.12 and a low of 2,652.91 before settling at the close. Total turnover for the day amounted to Rs. 4.40 Arba, with 10,067,732 shares traded across 350 companies through 61,286 transactions. The total market capitalization stood at Rs. 45.85 Kharba, with a float market capitalization of Rs. 15.48 Kharba.

Solu Hydropower Limited (SOHL) topped the turnover chart, recording transactions worth Rs. 58.10 crores. The company’s stock closed at Rs. 672.70.

Solu Hydropower Limited (SOHL) led the gainers' list with a 14.99% gain. The stock closed at Rs. 672.70.

Meanwhile, Everest Colour Limited (ECL) recorded the Highest fall, falling by 9.03%. The last traded price of the company was Rs. 1,575.00.

Among sectors, the Trading Index recorded the highest fall, falling by 1.31%, while the Development Bank Index recorded the least loss, down 0.50%.

Top Buyer Broker's Top 10 Bought Companies

Top Seller Broker's Top 10 Sold Companies"
20260807SS001,Sharesansar,Upakar Laghubitta Swings to Rs. 5.61 Crore Profit in Q4; EPS Rises to Rs. 52.93,https://www.sharesansar.com/newsdetail/upakar-laghubitta-swings-to-rs-561-crore-profit-in-q4-eps-rises-to-rs-5293-2026-08-07,"Friday, August 7, 2026",2026-08-07 05:50:38,"Upakar Laghubitta Bittiya Sanstha Limited (ULBSL)has published its unaudited fourth-quarter financial results for the fiscal year 2082/83, showing a significant recovery in its financial performance. The company reported a net profit of Rs. 5.61 crores, compared to a net loss of Rs. 1.59 crores in the corresponding quarter of the previous fiscal year.

The turnaround in profitability was reflected in the company's earnings per share (EPS), which stood at Rs. 52.93, compared to a negative EPS of Rs. 15.01 recorded in Q4 of FY 2081/82. Similarly, net worth per share increased by 20.23% to Rs. 305.54 from Rs. 254.12.

Upakar Laghubitta's net interest income increased by 21.81% to approximately Rs. 21.53 crores, compared to Rs. 17.68 crores in the same period last year.

The company reported an operating profit of Rs. 5.61 crores, marking a notable improvement from the Rs. 2.80 crores recorded in the corresponding quarter of the previous fiscal year.

The company also witnessed a substantial reduction in impairment charges, which declined by 46.10% to Rs. 2.74 crores from Rs. 5.09 crores a year earlier. The lower impairment burden contributed to the improvement in the company's overall profitability.

On the balance-sheet front, total borrowings declined by 26.70% to Rs. 67.80 crores. Similarly, loans and advances to customers decreased by 2.98% to Rs. 2.30 arba.

Despite the significant improvement in profitability, the company's asset quality remained under pressure. The non-performing loan (NPL) ratio increased sharply to 9.97% from 4.85% in the previous fiscal year.

The capital adequacy ratio (CAR) also declined to 8.23% from 9.30%. Meanwhile, the company's cost of funds improved, falling to 80.85% from 106.38%.

At the end of Q4, Upakar Laghubitta's market price stood at Rs. 2,800, while its price-to-earnings (P/E) ratio stood at 52.90 times.

Report:"
20260807SS002,Sharesansar,Ingwa Hydropower Resumes Partial Power Generation After Flood Damage,https://www.sharesansar.com/newsdetail/ingwa-hydropower-resumes-partial-power-generation-after-flood-damage-2026-08-07,"Friday, August 7, 2026",2026-08-07 05:50:39,"Ingwa Hydropower Limited (IHL)has resumed partial electricity generation from it's 9.7 MW Upper Ingwa Khola Small Hydropower Project which is located across Panchthar and Taplejung districts.

The project had remained shut down after severe floods and landslides triggered by continuous rainfall on Jestha 9, 2083 causing extensive damage to key infrastructure, including the intake, pipeline, powerhouse, and transmission line.

Following repair and maintenance works, the company brought unit 1 f the plant back into operation at 7:17 PM on Shrawan 21, 2083.Power generation has now resumed from one of the project's two generating units."
20260807SS003,Sharesansar,FMDBL vs. RSDC vs. SKBBL: A Fourteen-Year Comparative Financial Performance Review (Q4 2069/70–Q4 2082/83),https://www.sharesansar.com/newsdetail/fmdbl-vs-rsdc-vs-skbbl-a-fourteen-year-comparative-financial-performance-review-q4-206970-q4-208283-2026-08-07,"Friday, August 7, 2026",2026-08-07 05:50:39,"Currently, three wholesale microfinance institutions operate in Nepal: First Microfinance Laghubitta Bittiya Sanstha Limited (FMDBL), RSDC Laghubitta Bittiya Sanstha Limited (RSDC), and Sana Kisan Bikas Laghubitta Bittiya Sanstha Limited (SKBBL). This article compares their financial performance based on the Q4 financial statements over the past 14 years (or from the year of establishment for institutions that have not yet completed 14 years of operation).

Before proceeding with this comparative analysis, you may wish to read the individual financial performance reviews of each institution through the links below:

FMDBL:First Microfinance Laghubitta Bittiya Sanstha Limited (FMDBL): A Fifteen-Year Financial Performance Review (Q4 2069/70 to Q4 2082/83)

RSDC:RSDC Laghubitta Bittiya Sanstha Limited (RSDC): A Twelve - Year Financial Performance Review (Q4 2071/72 to Q4 2082/83)

SKBBL:Sana Kisan Bikas Laghubitta Bittiya Sanstha Limited (SKBBL): A Fourteen - Year Financial Performance Review (Q4 2069/70 - Q4 2082/83)

This comparative review covers the following major financial aspects:

Balance Sheet

Assets:

1.Cash and Cash Equivalent

Cash and cash equivalents increased across all three wholesale microfinance institutions during the review period, although the scale of growth varied considerably. SKBBL maintained the largest cash balance, increasing from Rs. 20.60 crore in Q4 2069/70 to Rs. 3.58 billion in Q4 2082/83, largely reflecting its significantly larger balance sheet and the impact of the RMDC merger. RSDC's cash holdings increased from Rs. 3.39 crore to Rs. 1.18 billion, while FMDBL's cash and cash equivalents grew from Rs. 42.20 crore to Rs. 88.05 crore. Although adequate liquidity is essential, holding excessive cash beyond regulatory requirements is generally considered inefficient for wholesale lending institutions.

2.Loan and advances to MFIs & Cooperatives

Lending to MFIs and cooperatives remained the core business of all three wholesale microfinance institutions. Among them, SKBBL maintained the largest lending portfolio, increasing from Rs. 3.63 billion to Rs. 35.39 billion, with a median annual growth rate of 20.70%. FMDBL recorded the highest median lending growth rate of 27.07%, expanding its portfolio from Rs. 75.85 crore to Rs. 4.65 billion. RSDC followed closely with a median annual growth rate of 23.29%, increasing its lending portfolio from Rs. 50.71 crore to Rs. 4.24 billion. All three institutions achieved their highest lending portfolios around FY 2078/79–2079/80 before experiencing a gradual decline in recent years.

3.Total Assets

SKBBL dominates the wholesale microfinance sector in terms of balance sheet size, while FMDBL and RSDC have demonstrated faster asset growth rates over their respective review periods. The comparison indicates that SKBBL has maintained its leadership through scale and the RMDC merger, whereas FMDBL and RSDC have achieved stronger organic asset growth, albeit from a much smaller base.

Liabilities

1.Borrowing

RSDC demonstrated the fastest borrowing growth, while FMDBL maintained a similarly high dependence on borrowed funds. SKBBL, despite remaining the largest wholesale microfinance institution, has gradually reduced its dependence on borrowings relative to total liabilities, reflecting a stronger capital base and a more diversified funding structure following its merger.

2.Total liabilities

SKBBL maintained the largest liability base due to its significantly larger scale of operations and the impact of the RMDC merger, while FMDBL and RSDC exhibited relatively faster liability growth from smaller initial bases. Across all three institutions, borrowings continued to constitute the largest share of total liabilities, highlighting the wholesale funding model that characterizes Nepal's wholesale microfinance sector.

3.Share capital

SKBBL recorded the highest growth in share capital due to the RMDC merger and its aggressive capital expansion strategy, while FMDBL and RSDC maintained comparatively moderate and stable capital growth. Although a stronger capital base enhances lending capacity and financial resilience, the experience of SKBBL demonstrates that rapid capital expansion without a corresponding increase in profitability can temporarily dilute shareholder returns, particularly Earnings Per Share (EPS) and Return on Equity (RoE).

3.Total equity

SKBBL recorded the strongest growth in total equity, primarily due to the RMDC merger and substantial capital expansion. FMDBL ranked second, benefiting from robust reserve accumulation despite relatively moderate share capital growth, while RSDC demonstrated the most stable and gradual equity growth among the three institutions. The comparison indicates that all three wholesale microfinance institutions have strengthened their capital positions over time, although they have followed different approaches to building shareholders' equity.

Profit and Loss

1.Interest income

SKBBL generated the highest interest income due to its substantially larger lending portfolio, while FMDBL and RSDC exhibited similar earnings patterns, with both institutions benefiting from lower borrowing costs during the recent easing interest rate cycle. The comparison indicates that although interest income has declined across the wholesale microfinance sector in recent years, effective management of funding costs has helped FMDBL and RSDC maintain relatively stable net interest margins, whereas SKBBL has experienced greater pressure on its interest spread following its rapid balance sheet expansion.

2.Net interest income

SKBBL generated the highest net interest income in absolute terms because of its significantly larger scale of operations, while FMDBL and RSDC demonstrated comparatively better resilience in protecting their net interest margins during the declining interest rate cycle. This comparison suggests that effective funding cost management has become increasingly important for wholesale microfinance institutions as lending yields continue to moderate.

3.Personnel expense

SKBBL incurred the highest personnel expenses due to its larger operational scale and the impact of the RMDC merger, while FMDBL maintained a relatively stable personnel cost structure. RSDC, although operating on a smaller scale, experienced the most significant increase in staff costs during FY 2078/79, highlighting the importance of aligning personnel expenses with business growth and operating efficiency.

4.Other operating expense

All three wholesale microfinance institutions demonstrated disciplined control over other operating expenses. While SKBBL incurred the highest operating expenses because of its larger operational scale and merger-related integration, FMDBL and RSDC maintained relatively lean operating cost structures. The comparison indicates that administrative expenses have not been a major factor affecting the profitability of Nepal's wholesale microfinance institutions, with financing costs continuing to represent the dominant component of total operating expenses.

5.Profit for the period

SKBBL remained the most profitable wholesale microfinance institution in absolute terms, owing to its significantly larger scale of operations, while FMDBL and RSDC generated comparatively smaller but relatively stable profits. The comparison indicates that although all three institutions experienced declining profitability in recent years, they have continued to remain profitable, demonstrating the resilience of Nepal's wholesale microfinance business model despite a more challenging operating environment.

Key Indicators

1.Basic Earnings per Share (EPS Annualized - Rs.)

SKBBL recorded the highest historical EPS but also experienced the most pronounced decline following its merger with RMDC, while FMDBL demonstrated the most stable EPS performance over the review period. RSDC maintained a moderate and relatively consistent earnings profile, reflecting steady business growth without significant capital dilution. The comparison suggests that although larger institutions may generate higher absolute profits, sustained growth in EPS depends on balancing profitability with capital expansion.

3.Networth per Share (Rs.)

SKBBL possessed by far the strongest capital base, as reflected in its average Net Worth Per Share of Rs. 309.85, more than double that of FMDBL (Rs. 132.88) and RSDC (Rs. 125.22). While the higher NWPS demonstrates SKBBL's superior financial strength, FMDBL and RSDC achieved comparatively better balance between capital growth and per-share profitability, indicating more efficient utilization of shareholders' equity over the review period.

4.Return on Equity (%)

SKBBL recorded the highest historical Return on Equity, reaching 20.00%, demonstrating superior shareholder returns during its pre-merger years. However, FMDBL and RSDC currently generate slightly stronger returns on equity, reporting 10.33% and approximately 10.20%, respectively, compared with SKBBL following its post-merger decline. The comparison highlights that while a larger capital base strengthens financial stability, sustained RoE ultimately depends on the institution's ability to generate earnings commensurate with shareholders' equity.

5.Return on Assets (%)

FMDBL recorded the strongest Return on Assets among the three wholesale microfinance institutions, reaching 3.35% in Q4 2082/83, demonstrating the most efficient utilization of its assets to generate earnings. RSDC also maintained healthy asset efficiency, while SKBBL, despite possessing the largest asset base, recorded the lowest RoA following its merger with RMDC, highlighting the challenge of generating proportionately higher profits from a significantly expanded balance sheet."
20260807SS004,Sharesansar,"Cash Dividend Declarations for Kumari Equity Fund, Kumari Dhanabriddhi Yojana and Kumari Sabal Yojana ; When's the Book Closure?",https://www.sharesansar.com/newsdetail/cash-dividend-declarations-for-kumari-equity-fund-kumari-dhanabriddhi-yojana-and-kumari-sabal-yojana-whens-the-book-closure-2026-08-07,"Friday, August 7, 2026",2026-08-07 05:50:40,"""Kumari Equity Fund (KEF)"", ""Kumari Dhanabriddhi Yojana (KDBY) and ""Kumari Sabal Yojana (KSY)""have declared their dividends for the fiscal year 2082/2083.

The 85th meeting of the board of directors of Kumari Capital Limited (KCL) held on Shrawan 21 has decided to distribute a 10% dividend (including tax) worth Rs. 10 Crore to Kumari Equity Fund (KEF), 10% dividend (including tax) worth Rs. 12.25 Crore to Kumari Dhanabriddhi Yojana (KDBY) and a 2.90% cash dividend (including tax) worth 2.15 Crores to the unitholders of Kumari Sabal Yojana (KSY) for the fiscal year 2081/82.

""Kumari Equity Fund (KEF)"", ""Kumari Dhanabriddhi Yojana (KDBY) and ""Kumari Sabal Yojana (KSY)"" are closed-end mutual funds with a 10-year maturity period. These funds are sponsored by Kumari Bank Limited and managed by Kumari Capital Limited.

For the month of Ashadh, KEF's Net Asset Value (NAV) is reported at Rs. 11.44. Similarly, the NAV of KDBY stands at Rs. 12.26 and NAV of KSY is 10.29.

The book closure date is Bhadra 04. Thus, unit holders who maintained their holdings until the 3rd Bhadra are entitled to the dividend payout.

Notice:"
20260807SS005,Sharesansar,"IRD Unveils First Taxpayer Incentive Draw, Awards Rs. 10 Lakhs Bumper Prize",https://www.sharesansar.com/newsdetail/ird-unveils-first-taxpayer-incentive-draw-awards-rs-10-lakhs-bumper-prize-2026-08-07,"Friday, August 7, 2026",2026-08-07 05:50:40,"The government has announced the results of the first fortnightly bumper draw under the Taxpayer Incentive Reward Scheme, with one consumer winning the grand prize of Rs. 10 lakhs for making a purchase worth just Rs. 250.

The winning purchase was made at Shiva Krishna General Store, and the grand prize-winning coupon number is 007 315 254 493.

In addition to the bumper prize, 15 consumers were selected to receive Rs. 100,000 each under the fortnightly draw.

The winners were announced today during a program organized by the Inland Revenue Department (IRD) at the Ministry of Finance.

The Taxpayer Incentive Reward Scheme was introduced to encourage consumers to request invoices for their purchases and strengthen tax compliance across the country.

The initiative was announced in the Fiscal Year 2083/84 budget by Finance Minister Dr. Swarnim Wagle to expand the tax base and foster a culture of obtaining bills for goods and services.

Under the scheme, a fortnightly draw awards Rs. 100,000 each to 15 consumers and a bumper prize of Rs. 10 lakhs.

To facilitate participation, the government has launched a dedicated website, prize.ird.gov.np, where eligible consumers can upload their purchase invoices.

Consumers who make cash payments for goods or services worth more than Rs. 100 within Nepal for personal use and obtain an original invoice are eligible to participate by registering their bills on the portal.

For purchases made through QR code payments, consumers are not required to upload invoices manually. According to the IRD, QR-based transactions are automatically integrated into the reward system. Consumers only need to keep a record of their digital payment transaction, as the transaction number itself serves as proof of eligibility.

Following the budget announcement, the Ministry of Finance approved the operational guidelines for the scheme in the final week of Asar.

As per the guidelines, the program also includes a daily cash prize of Rs. 100,000 (after applicable tax deductions) for one eligible consumer, in addition to the Rs. 1 million bumper prize awarded twice every month through the fortnightly draws.

The government believes the initiative will help improve tax compliance, discourage informal transactions, and promote a stronger culture of requesting and issuing invoices across Nepal."
20260807SS006,Sharesansar,Mandu Hydropower Limted  Announces Conclusion of Lock-in Period for Promoters Local Residents of the Project Affected Area And Employees Shares on Bhadra 23,https://www.sharesansar.com/newsdetail/mandu-hydropower-limted-announces-conclusion-of-lock-in-period-for-promoters-local-residents-of-the-project-affected-area-and-employees-shares-on-bhadra-23-2026-08-07,"Friday, August 7, 2026",2026-08-07 05:50:41,"Mandu Hydropower Limted (MANDU)published a notice regarding the expiration of the lock-in period of its promoters, local residents of the project affected area and employees' shares, which will expire on 23rd Bhadra, 2083.

According to the recent guidelines issued by the Securities Board of Nepal (SEBON), Mandu Hydropower Limted (MANDU) has officially notified its investors and stakeholders of the conclusion of the lock-in period for the shares held by its promoters and employee shares. In the next month of the 23rd Bhadra, 2083, the lock-in period will end.

MANDU now has 13,636,370 units of shares listed on the Nepal Stock Exchange (NEPSE). Within the total of 13,636,370 units of shares, the promoters held 12,000,000 units the local residents of the project affected area held 1,93,700 and the employees held 28,853 units of shares, all subject to a lock-in period since the IPO allotment two years ago.

The total paid-up capital of the company is Rs. 1.36 arba.

As outlined in the official notice, the shares held by the Board of Directors and employees at higher management won't be tradable after the lock-in period.

MANDU closed at Rs. 806.00."
20260807SS007,Sharesansar,"Support Laghubitta's Q4 Net Profit Soars 181% to Rs. 7.61 Crores, EPS Reaches Rs. 56.82",https://www.sharesansar.com/newsdetail/support-laghubittas-q4-net-profit-soars-181-to-rs-761-crores-eps-reaches-rs-5682-2026-08-07,"Friday, August 7, 2026",2026-08-07 05:50:41,"Support Laghubitta Bittiya Sanstha Limited (SMB)has reported a strong financial performance in the fourth quarter of Fiscal Year 2082/83, posting a net profit of Rs. 7.61 crores, a remarkable 181.36% year-on-year increase from Rs. 2.70 crores recorded in the corresponding quarter of the previous fiscal year.

The company's financial position also strengthened, with reserves and surplus rising by 49.45% to Rs. 7.28 crores, while paid-up capital remained unchanged at Rs. 13.40 crores.

Support Laghubitta delivered solid operational growth during the review period. Operating profit surged by 134.25% to Rs. 10.19 crores, while net interest income increased by 35.55% year-on-year to Rs. 18.49 crores. Meanwhile, personnel expenses rose by a moderate 40.73% to Rs. 8.84 crores. The institution also reported negative impairment charges of Rs. 1.02 crores, which further supported its profitability.

On the balance sheet front, customer deposits grew by 29.50% to Rs. 59.77 crores, while loans and advances increased by 15.70% to Rs. 2.20 arba.

Asset quality improved significantly, with the non-performing loan (NPL) ratio declining to 2.16% from 5.76% a year earlier. At the same time, the cost of funds fell sharply by 6.12 percentage points to 6.99%, reflecting improved funding efficiency.

The institution's capital adequacy ratio strengthened to 10.92%, up from 9.11% in the previous year. Earnings per share (EPS) rose substantially to Rs. 56.82 from Rs. 22.11, while net worth per share increased by 25.60% to Rs. 205.13.

At the end of the quarter, Support Laghubitta's shares traded at Rs. 1,827, translating into a price-to-earnings (P/E) ratio of 32.15 times.

Report:

Major Financial Highlights:"
20260807SS008,Sharesansar,Speaker Introduces Ban on Share Trading During Parliamentary Sessions,https://www.sharesansar.com/newsdetail/speaker-introduces-ban-on-share-trading-during-parliamentary-sessions-2026-08-06,"Thursday, August 6, 2026",2026-08-07 05:50:42,"Speaker Dol Prasad Aryal (DP Aryal) has announced a new parliamentary rule prohibiting Members of Parliament (MPs) from engaging in share trading while the House is in session, aiming to ensure lawmakers remain fully focused on parliamentary proceedings.

The new directive was announced by Speaker Aryal during a meeting of the Business Advisory Committee, following reports that some lawmakers had been conducting stock market transactions on their laptops while parliamentary meetings were underway.

According to the Speaker, MPs are expected to devote their full attention to legislative business once they enter the parliamentary chamber. Engaging in activities such as share trading during House proceedings has been deemed inconsistent with parliamentary decorum and discipline, prompting the introduction of the new rule.

The move comes after concerns were raised over lawmakers being occupied with personal financial activities instead of participating in debates and deliberations in the House.

In addition to the ban on share trading, Speaker Aryal has introduced several measures aimed at strengthening parliamentary discipline.

He has directed MPs not to wear black sunglasses inside the parliamentary chamber during House meetings. Lawmakers have also been instructed to adhere to a mandatory dress code and wear their official parliamentary identification logo while attending sessions.

The directives are part of broader efforts to uphold the dignity, discipline, and professionalism of parliamentary proceedings, ensuring that lawmakers maintain appropriate conduct throughout House meetings."
20260807SS009,Sharesansar,Sher Bahadur Deuba Returning to Nepal on Shrawan 26,https://www.sharesansar.com/newsdetail/sher-bahadur-deuba-returning-to-nepal-on-shrawan-26-2026-08-06,"Thursday, August 6, 2026",2026-08-07 05:50:42,"Nepali Congress leader and former Prime Minister Sher Bahadur Deuba is set to return to Nepal on Shrawan 26, currently based in Hong Kong.

Politician Dr. Prakash Sharan Mahat informed that Deuba will arrive at 9:45 pm on Shrawan 26.

He had travelled to Hong Kong on Chaitra 7, 2082, for further treatment after arriving from Singapore. Deuba had flown to Singapore via Singapore Airlines on the night of Fagun 13."
20260807SS010,Sharesansar,Nepal Bank Signs Loan Agreement for Chitwan Energy's Lower Thulokhola Hydropower Project,https://www.sharesansar.com/newsdetail/nepal-bank-signs-loan-agreement-for-chitwan-energys-lower-thulokhola-hydropower-project-2026-08-06,"Thursday, August 6, 2026",2026-08-07 05:50:43,"Nepal Bank Limited has signed a loan agreement with Chitwan Energy Limited to finance the construction and operation of the 4.75 MW Lower Thulokhola Hydropower Project, which is proposed to be upgraded to 6.51 MW. The financing will be provided under a 70:30 debt-to-equity ratio.

The agreement was signed by Nepal Bank CEO Tilak Raj Pandey and Chitwan Energy Director Gopal Prasad Neupane. During the signing ceremony, both sides expressed confidence in the partnership and reaffirmed their commitment to completing the project on schedule."
20260809SS001,Sharesansar,"Kumari Bank is Auctioning 3,20,948 Units Promoter Shares from Today",https://www.sharesansar.com/newsdetail/kumari-bank-is-auctioning-320948-units-promoter-shares-from-today-2026-08-09,"Sunday, August 9, 2026",2026-08-09 05:18:16,"The existing promoter ofKumari Bank Limited (KBL)is auctioning 3,20,948 units of shares to the interested promoter shareholders from today.

3,20,948 units of promoter shares will be auctioned. Interested individuals are requested to bid for the auction within 35 days from this notice's publication date, i.e.,24th Shrawan, 2083.

The shareholders should submit their bids at the central office of the company located at Naxal, Kathmandu. If no bids are received from existing promoter shareholders within the specified timeframe, the shares will later be auctioned to the general public.

KBL closed at Rs.215.00 .

Auction Notice:"
20260809SS002,Sharesansar,Gumukhola Bhyakure Hydropower Appoints RBB Merchant Banking as IPO Issue and Sales Manager,https://www.sharesansar.com/newsdetail/gumukhola-bhyakure-hydropower-appoints-rbb-merchant-banking-as-ipo-issue-and-sales-manager-2026-08-09,"Sunday, August 9, 2026",2026-08-09 05:18:16,"Gumukhola Bhyakure Hydropower Limited has appointed RBB Merchant Banking Limited as the issue and sales manager for its upcoming IPO of 500,000 ordinary shares targeted at the general public and project-affected residents.

An agreement to this effect was signed by Mitra Bahadur Shrestha, Chairman of Gumukhola Bhyakure Hydropower, and Badri Prasad Pyakurel, Chief Executive Officer of RBB Merchant Banking.

The company is developing the Gumukhola Bhyakure Hydropower Project in Kalinchowk Rural Municipality of Dolakha district. The run-of-river project has an installed capacity of 950 kW and generates approximately 5.6 GWh of electricity annually.

The electricity generated by the project is connected to the Nepal Electricity Authority’s Singati Substation through a 33 kV transmission line, according to the company."
20260809SS003,Sharesansar,Mahalaxmi Bikas Bank Launches Nursing Care and Day Care Facility for Women Employees,https://www.sharesansar.com/newsdetail/mahalaxmi-bikas-bank-launches-nursing-care-and-day-care-facility-for-women-employees-2026-08-09,"Sunday, August 9, 2026",2026-08-09 05:18:17,"Mahalaxmi Bikas Bank Ltd. has launched a Nursing Care Room and Day Care Facility at its Central Office in Durbar Marg to support women employees and promote a more inclusive, mother-friendly workplace.

The facility, launched during World Breastfeeding Week 2026 (August 1–7), provides breastfeeding mothers with a safe, hygienic, comfortable and private space to nurse and care for their infants. It was formally inaugurated by the President of the Mahalaxmi Women’s Leadership and Development Forum.

The initiative reflects the bank’s continued focus on gender equality, women’s empowerment, employee well-being and work-life balance. The bank said the facility is part of its broader commitment to creating an employee- and family-friendly workplace while encouraging other organizations to adopt mother-friendly practices.

The Mahalaxmi Women’s Leadership and Development Forum was established on the bank’s 32nd anniversary to strengthen women’s leadership, professional development and participation in institutional growth. Meanwhile, the bank has also recently brought its Digital Hub with a Coffee Lounge into operation at Gyaneshwor, Kathmandu."
20260809SS004,Sharesansar,"Reliable Samriddhi Yojana-2 Units Listed on NEPSE, Trading to Begin Shrawan 25",https://www.sharesansar.com/newsdetail/reliable-samriddhi-yojana-2-units-listed-on-nepse-trading-to-begin-shrawan-25-2026-08-09,"Sunday, August 9, 2026",2026-08-09 05:18:17,"Reliable Samriddhi Yojana-2 has been listed on the Nepal Stock Exchange (NEPSE). The units were listed on Shrawan 22, 2083, while secondary-market trading is scheduled to begin on Shrawan 25, 2083.

Reliable Nepal Life Insurance Limited is the fund promoter, while Reliable Investment and Merchant Capital Limited serves as the scheme manager and depository.

The closed-ended mutual fund comprises 12.50 crore units with a face value of Rs. 10 per unit, giving the scheme a total fund size of Rs. 1.25 Arba. The scheme has a tenure of 10 years.

The Securities Board of Nepal had approved the public issue on Baisakh 3, 2083, with the final allotment completed on Ashadh 4, 2083.

Reliable Samriddhi Yojana-2 aims to provide investors with long-term capital growth and balanced returns through professional fund management and diversified investment."
20260809SS005,Sharesansar,"YADEA Launches GS70, GT70 and GT80 Electric Scooters in Nepal",https://www.sharesansar.com/newsdetail/yadea-launches-gs70-gt70-and-gt80-electric-scooters-in-nepal-2026-08-09,"Sunday, August 9, 2026",2026-08-09 05:18:17,"Kuzu Nepal Pvt. Ltd., the authorized distributor of YADEA in Nepal, has launched three new electric scooters, GS70, GT70 and GT80, aimed at meeting the diverse mobility needs of Nepali riders.

The YADEA GS70 is designed for urban commuters and offers a 2.1 kWh LFP battery, 2.8 kW peak motor and a range of up to 105 km. The GT70, targeted at long-distance riders, features a 5.7 kWh dual-battery system and a 3.7 kW peak motor, delivering up to 220 km of range. Meanwhile, the premium GT80 comes with a 3.6 kWh lithium battery, 5 kW peak motor, a top speed of 80 km/h and a range of up to 150 km.

All three models feature smart technologies such as Bluetooth connectivity, TFT displays, navigation mirroring, YADEA Smart App connectivity, family sharing and keyless functions. Safety features include traction control, cruise control, hill-hold and hill-descent control, and dual-disc braking.

The scooters come with a three-year or 50,000-km battery warranty and are available through 20 authorized YADEA dealerships across Nepal. As part of the launch, Kuzu Nepal is offering a Rs. 10,000 introductory discount on all three models until the conclusion of the NAIMA Auto Show. The launch further strengthens YADEA’s presence in Nepal and supports the company’s goal of promoting smarter, cleaner, and more sustainable electric mobility."
20260809SS006,Sharesansar,Hulas Finserv Reports 84.45% Surge in Net Profit to Rs. 398.72 Million,https://www.sharesansar.com/newsdetail/hulas-finserv-reports-8445-surge-in-net-profit-to-rs-39872-million-2026-08-09,"Sunday, August 9, 2026",2026-08-09 05:18:17,"Hulas Finserv Hire Purchase Limited (HFL) has reported a strong financial performance for Fiscal Year 2082/83 (2025/26), with net profit rising 84.45% to Rs. 398.72 million, up from Rs. 216.17 million in the corresponding period of the previous fiscal year.

The company’s performance was supported by significant growth in its loan portfolio, improved asset quality, higher interest income and better operational efficiency.

HFL’s total loan portfolio grew 52.25% year-on-year to Rs. 12.22 billion, driven primarily by growth in automobile financing. At the same time, the company improved its asset quality, reducing its Non-Performing Loan (NPL) ratio from 3.40% to 1.87%.

The company’s total assets increased to Rs. 12.64 billion, compared with Rs. 8.43 billion a year earlier. Total equity also rose to Rs. 1.89 billion from Rs. 1.49 billion.

Hulas Finserv recorded net interest income of Rs. 484.65 million, more than double the Rs. 221.01 million reported in the previous year. Similarly, operating profit increased to Rs. 614.68 million, compared with Rs. 335.28 million a year earlier.

The company’s annualized return on equity (ROE) improved to 21.12% from 14.52%, while annualized basic earnings per share (EPS) increased to Rs. 48.04 from Rs. 26.04.

HFL also reported improvements in its funding and interest-rate spreads. Its cost of funds declined to 5.77% from 6.40%, while the interest-rate spread increased to 3.39% from 1.98%. Loan-loss provision coverage strengthened to 92.34%.

According to the company, the improved results were achieved despite challenging operating conditions, including subdued private-sector credit growth and asset-quality concerns across Nepal’s financial sector.

Hulas Finserv attributed its performance to business expansion, operational efficiency, prudent risk management and focused recovery efforts.

Going forward, the company said it will prioritize sustainable portfolio growth while further strengthening asset quality, recovery mechanisms and portfolio diversification, with a focus on protecting long-term stakeholder value."
20260809SS007,Sharesansar,Greenply Nepal to Issue 16.40 Lakhs Shares in Upcoming IPO,https://www.sharesansar.com/newsdetail/greenply-nepal-to-issue-1640-lakhs-shares-in-upcoming-ipo-2026-08-09,"Sunday, August 9, 2026",2026-08-09 05:18:18,"Greenply Nepal Limited has approved a proposal to issue 20% of its paid-up capital, equivalent to 16.40 lakhs ordinary shares, to the general public through an Initial Public Offering (IPO). The proposal was endorsed at the company’s Special General Meeting held at its registered office in Budhiganga Rural Municipality-5, Morang.

The company, which manufactures and exports plywood in Nepal, had already converted into a public limited company last fiscal year as part of its IPO preparation. The meeting also approved adding a Rs. 125 premium to the face value of promoter shares.

Greenply Nepal has reported steady financial growth, with annual turnover reaching around Rs. 47.5 crores in FY 2081/82, representing an 18.96% increase from the previous year. The company says it has remained profitable for the past five consecutive years.

Around 30% of its production is sold in the domestic market, while more than 70% is exported, mainly to India. The company has also received government export subsidies and holds BIS certification for its products in the Indian market.

Its financial position has also improved, with the overall gearing ratio declining from 7.41 times to 2.44 times, while net tangible assets increased from around Rs. 8.20 crores to Rs. 22.60 crores.

The company manufactures plywood, blockboard and flush doors, focusing on quality, environmentally friendly production and modern technology. It plans to expand production capacity, enter new markets and invest in technology and innovation while reducing Nepal’s dependence on imported plywood.

Headquartered in Budhiganga Rural Municipality-5, Morang, the company is chaired by industrialist Jeevan Prasad Rijal and has investments from business figures including Diwakar Rathi, Dagendra Prasad Rijal, Manish Khetan, Sunil Agrawal and Vivek Agrawal. Institutional investors include Star Investment Fund, Top Fund and Harvest Ventures."
20260809SS008,Sharesansar,"BYD Opens Authorized Service Centre in Pokhara, Strengthening EV Support Network",https://www.sharesansar.com/newsdetail/byd-opens-authorized-service-centre-in-pokhara-strengthening-ev-support-network-2026-08-09,"Sunday, August 9, 2026",2026-08-09 05:18:18,"Cimex Inc. Pvt. Ltd., the authorized distributor of BYD in Nepal, has inaugurated a new official BYD Authorized Service Centre in Pokhara, operated by Flash Mobility Pvt. Ltd. The facility, located at Buddha Chowk-10, completes BYD Pokhara’s 3S (Sales, Service and Spare Parts) ecosystem and strengthens after-sales support for customers across Gandaki Province.

Inaugurated on August 7, 2026, by Pokhara Metropolitan City Mayor Dhana Raj Acharya, the 7,233-square-foot facility features four vehicle lifts, dedicated maintenance bays, a high-voltage work area, genuine BYD spare parts storage and a vehicle washing bay. It can service around 15–16 vehicles per day.

The centre will provide periodic maintenance, battery inspections, mechanical and electrical repairs, dent and paint services, roadside assistance, warranty support and genuine spare parts, with trained technicians and dedicated service advisors. The expansion reflects BYD’s growing commitment to Nepal’s electric vehicle market and its efforts to provide customers with reliable and comprehensive after-sales services."
20260809SS009,Sharesansar,"Kamana Sewa Bikas Bank Proposes First Dividend of FY 2082/83, Announces 15% Cash Dividend",https://www.sharesansar.com/newsdetail/kamana-sewa-bikas-bank-proposes-first-dividend-of-fy-208283-announces-15-cash-dividend-2026-08-07,"Friday, August 7, 2026",2026-08-09 05:18:18,"Kamana Sewa Bikas Bank Limited (KSBBL)has become the first bank to announce a dividend for FY 2082/83. The bank has proposed a 9% dividend for preference shareholders and a 15% cash dividend, including tax, for ordinary shareholders from its accumulated profits.

The dividend will be distributed after approval from Nepal Rastra Bank and endorsement by the bank’s 20th Annual General Meeting. Last year, the bank had distributed a total dividend of 15.7895%, comprising bonus shares and cash dividend.

The proposal was approved by the bank’s 419th Board of Directors meeting held on Friday, Shrawan 22, 2083, according to CEO Dinesh Thakali."
20260809SS010,Sharesansar,Vision Securities Launches Margin Trading Services for Investors,https://www.sharesansar.com/newsdetail/vision-securities-launches-margin-trading-services-for-investors-2026-08-07,"Friday, August 7, 2026",2026-08-09 05:18:19,"Vision Securities Pvt. Ltd. (Stock Broker No. 34) has officially launched margin trading services from Shrawan 19, 2083, in accordance with the Margin Trading Facility Directive, 2082 issued by the Securities Board of Nepal (SEBON) and the Margin Trading Facility Procedure, 2082 issued by Nepal Stock Exchange (NEPSE).

The brokerage will provide margin trading facilities to eligible clients within the prescribed regulatory limits. Investors interested in using the facility can contact Vision Securities to open a margin account and access the service."
20260810SS001,Sharesansar,"Gold Price Falls Slightly, Silver Rises to Rs. 4670",https://www.sharesansar.com/newsdetail/gold-price-falls-slightly-silver-rises-to-rs-4670-2026-08-10,"Monday, August 10, 2026",2026-08-10 05:44:13,"Gold prices have witnessed a moderate fall in the domestic market today, falling by Rs. 200 per tola to settle at Rs. 301,500 per tola, down from the previous rate of Rs. 301,700 per tola.

TheFederation of Nepal Gold and Silver Dealers' Association (FENEGOSIDA)reported that Tejabi gold price also falls by Rs. 200 per tola to reach Rs. 300,800 per tola, compared to Rs. 301,000 per tola on the previous day.

Meanwhile, silver prices moved in the opposite direction, rising by Rs. 25 per tola to Rs. 4,670 per tola from Rs. 4,645 per tola on the previous day."
20260810SS002,Sharesansar,Nerude Mirmire Laghubitta Swings to Rs. 23.59 Crore Profit in Q4 FY 2082/83,https://www.sharesansar.com/newsdetail/nerude-mirmire-laghubitta-swings-to-rs-2359-crore-profit-in-q4-fy-208283-2026-08-10,"Monday, August 10, 2026",2026-08-10 05:44:13,"Nerude Mirmire Laghubitta Bittiya Sanstha Limited (NMLBBL)has made a significant turnaround in the fourth quarter of fiscal year 2082/83, reporting a net profit of Rs. 23.59 crore compared to a net loss of Rs. 18.25 crore in the corresponding quarter of the previous fiscal year.

The company’s reserves and surplus declined marginally by 0.76% to Rs. 1.33 arba, while its paid-up capital remained unchanged at Rs. 1.39 arba.

During the review period, the institution recorded a decline in operating performance. Operating profit fell by 260.67% to Rs. 32.30 crore, while net interest income decreased 10.66% year-on-year to Rs. 1.29 arba. Meanwhile, personnel expenses increased 13.73% to Rs. 82.36 crore.

The institution reported negative impairment charges of Rs. 14.81 crore, which contributed to its improved bottom-line performance.

On the balance sheet side, customer deposits increased 19.15% to Rs. 7.69 arba. However, loans and advances declined marginally by 0.99% to Rs. 19.32 arba.

Asset quality showed notable improvement, with the non-performing loan (NPL) ratio falling to 19.86% from 31.64% a year earlier. Similarly, the cost of funds declined significantly to 6.27% from the previous year’s level of 31.64%.

The company’s capital adequacy ratio (CAR) improved to 9.38%, compared to 7.74% in the previous year. Meanwhile, earnings per share (EPS) turned positive at Rs. 16.88, compared to negative Rs. 13.06 a year earlier. Net worth per share also increased by 5.39% to Rs. 186.59.

At the end of the fourth quarter, NMLBBL’s shares were trading at Rs. 534.90 per share, with a price-to-earnings (P/E) ratio of 31.69 times.

Report:

Major Financial Highlights:"
20260810SS003,Sharesansar,Prime Minister Balen Shah to Hold Separate Meetings with Indian and Chinese Ambassadors,https://www.sharesansar.com/newsdetail/prime-minister-balen-shah-to-hold-separate-meetings-with-indian-and-chinese-ambassadors-2026-08-10,"Monday, August 10, 2026",2026-08-10 05:44:13,"Prime Minister Balendra Shah 'Balen' is scheduled to hold separate high level discussions on Monday with the ambassadors of India and China to Nepal. According to the Ministry of Foreign Affairs, both official meetings will take place at the Office of the Prime Minister and Council of Ministers in Singha Durbar.

As per the scheduled itinerary, Prime Minister Shah will first meet with the Indian Ambassador to Nepal, Naveen Srivastava, at 11:00 AM. Following this interaction, he will hold a separate meeting with the Chinese Ambassador to Nepal.

The separate sit downs signal a notable shift in the Prime Minister's approach to foreign relations. Upon assuming office on March 27, Shah had initially prioritized group engagements with foreign representatives. On April 7, he held a joint briefing with ambassadors and heads of foreign diplomatic missions based in Nepal, where diplomats extended their congratulations and well wishes for his tenure. At the time, his administration indicated a policy against individual diplomatic meetings.

However, Prime Minister Shah has recently modified his diplomatic engagement framework. Prior to today's meetings, he held a one on one bilateral discussion on July 6 with Masato Kanda, the President of the Asian Development Bank (ADB)."
20260810SS004,Sharesansar,Upper Solu Hydro’s Net Profit Surges 84.41% to Rs. 20.87 Crore in Q4,https://www.sharesansar.com/newsdetail/upper-solu-hydros-net-profit-surges-8441-to-rs-2087-crore-in-q4-2026-08-10,"Monday, August 10, 2026",2026-08-10 05:44:14,"Upper Solu Hydro Electric Company Limited (USHEC)has reported a strong financial performance for the fourth quarter of fiscal year 2082/83, with its net profit rising 84.41% year-on-year to Rs. 20.87 crore.

The company’s other equity recorded a significant growth of 593.15%, reaching Rs. 25.67 crore, indicating an improvement in its overall financial position. Meanwhile, investment in property, plant, and equipment declined by 3.68% to Rs. 4.33 arba.

A notable improvement was also seen in the company’s administrative expenses, which decreased by 0.62% to Rs. 1.60 crore during the review period. The reduction in expenses, along with improved earnings, supported the company’s overall profitability.

As a result, earnings per share (EPS) increased by 84.41% to Rs. 15.46. Similarly, the company’s net worth per share grew by 15.84% to Rs. 119.02.

At the end of the fourth quarter, USHEC’s shares were trading at Rs. 497.00 per share, while the company’s price-to-earnings (P/E) ratio stood at 31.62 times.

Report:

Major Highlights:"
20260810SS005,Sharesansar,House of Representatives to Meet Today at 1 PM to Discuss Four Key Bills,https://www.sharesansar.com/newsdetail/house-of-representatives-to-meet-today-at-1-pm-to-discuss-four-key-bills-2026-08-10,"Monday, August 10, 2026",2026-08-10 05:44:14,"The House of Representatives is meeting today at 1:00 PM, according to the Federal Parliament Secretariat.
The session will begin with ministers answering oral questions regarding the Ministry of Foreign Affairs and the Ministry of Youth, Labor, and Employment. Following the question and answer hour, ministers will present four major proposals seeking permission to introduce the Employees Provident Fund (Tenth Amendment) Bill by Finance Minister Dr. Swarnim Wagle, the Mediation (Second Amendment) Bill by Law Minister Sobita Gautam, the Child Labor (Prohibition and Regulation) Bill by Youth Minister Ramji Yadav, and the Constitutional Bodies Officials’ Perks and Benefits Bill presented on behalf of Prime Minister Balendra Shah.
The day’s sitting will conclude with discussions and a vote to officially pass the Nepal Special Service Bill, which aims to revive original provisions alongside the State Affairs Committee's report."
20260810SS006,Sharesansar,Machhapuchchhre Bank Launches 'Bill Jitau' Feature on Mobile App To Support Govt Tax Reward Scheme,https://www.sharesansar.com/newsdetail/machhapuchchhre-bank-launches-bill-jitau-feature-on-mobile-app-to-support-govt-tax-reward-scheme-2026-08-09,"Sunday, August 9, 2026",2026-08-10 05:44:14,"Machhapuchchhre Bank Limitedhas introduced a ""Bill Jitau"" (Win with Bills) feature on its MBL M-Smart mobile banking app to support the Inland Revenue Department's ""Taxpayer Incentive Gift Programme.""

The programme, launched under the government's budget for fiscal year 2083/84, aims to promote a bill-taking culture, encourage digital payments, and improve transparency in the tax system.

Under the scheme, customers who make digital payments of over Rs 100 for personal purchases through a bank or wallet's QR code automatically qualify for the programme, with no separate registration required.

Machhapuchchhre Bank customers can log into the MBL M-Smart app and access the ""Bill Jitau"" menu to view their eligible transactions and check prize results in one place.

The Inland Revenue Department conducts regular lucky draws from eligible transactions, awarding Rs 1 lakh (after tax deduction) to one winner daily and a bumper prize of Rs 10 lakh to one winner every 15 days.

The bank has urged customers to make digital payments for all purchases above Rs 100, collect bills, keep them safe, and regularly check their eligible transactions through the ap"
20260810SS007,Sharesansar,Gold Price Crosses Rs. 3 Lakh Again as Prices Rebound Strongly; Silver Follows Uptrend,https://www.sharesansar.com/newsdetail/gold-price-crosses-rs-3-lakh-again-as-prices-rebound-strongly-silver-follows-uptrend-2026-08-09,"Sunday, August 9, 2026",2026-08-10 05:44:14,"Gold prices surged past the Rs 3 lakh per tola mark on Sunday, jumping Rs 4,800 to reach Rs 301,700 per tola, up from Rs 296,900 the previous day.

TheFederation of Nepal Gold and Silver Dealers' Association (FENEGOSIDA)reported that Tejabi gold also experienced a sharp gain, rising by Rs. 4,800. The Tejabi gold price reached Rs. 301,000 per tola, compared to Rs. 296,200 per tola on the previous day.

Similarly, silver prices moved in the same direction, rising by Rs. 65 per tola to Rs. 4,645 per tola from Rs. 4,570 per tola on the previous day."
20260810SS008,Sharesansar,NADA Auto Show 2026 to Open in Kathmandu With 50pc Early-Bird Ticket Discount,https://www.sharesansar.com/newsdetail/nada-auto-show-2026-to-open-in-kathmandu-with-50pc-early-bird-ticket-discount-2026-08-09,"Sunday, August 9, 2026",2026-08-10 05:44:14,"The NADA Automobiles Association of Nepal (NADA) will organise the ""HP Lubricants Presents 18th NADA Auto Show 2026"" at Bhrikutimandap Exhibition Ground from Bhadra 9-14, coinciding with the association's 50th anniversary.

Organisers have announced up to 50 percent ""early bird"" discount on digital ticket purchases for the event. HP Lubricants is the title sponsor this year.

As part of the offer, visitors who buy advance tickets through the khalti app or by scanning the official khalti QR code will get a 50 percent discount on both general and student category tickets. NADA said the discount is valid for a limited period and urged visitors to book early.

The exhibition will showcase the latest electric and fuel-run two- and four-wheelers, along with auto technology, parts, lubricants, and financial and insurance services.

NADA has invited auto enthusiasts, youth and students to join the event to mark its 50-year journey and explore new automotive technology."
20260810SS009,Sharesansar,"NEPSE Concludes The Week With 1.32% Loss and Turnover of Rs. 21.44 Arba; Weekly Summary with Sector Comparison, Major Highlights, and More",https://www.sharesansar.com/newsdetail/nepse-concludes-the-week-with-132-loss-and-turnover-of-rs-2144-arba-weekly-summary-with-sector-comparison-major-highlights-and-more-2026-08-09,"Sunday, August 9, 2026",2026-08-10 05:44:15,"The NEPSE Index closed at 2,650.09, down 35.45 points (1.32%). The index closed at 2,685.5 last week, down 1.79% from the previous week.

This week, the index reached a high of 2,705.46 and a low of 2,641.93, resulting in a volatility of 63.53 points. The index had seen volatility of 91.66 points in the previous week.

The highest intraday loss was 21.15 points on Tuesday, with a turnover of Rs 4.07 Arba; however, the total turnover for the week stood at Rs 21.45 Arba.

The RSI reading on the daily timeframe is 43.96. Meanwhile, the RSI reading on the weekly chart is 44.85.

Conversely, the MACD is below zero, and the Signal line is in the Negative zone, i.e., with the MACD reading at -1.60.

The Nepse Index is below both the 20-day Exponential Moving Average and the 5-day Exponential Moving Average. The Index above the short moving average indicates earlier bearish sentiment.

The 2,600 level may serve as the nearest support, while the 2,780 zone will act as a major resistance zone.

The highest intraday loss was 21.15 points on Tuesday, with a turnover of Rs 4.07 Arba; however, the total turnover for the week stood at Rs 21.44 Arba. Over 5.33 Crore unit shares have been traded through 2,84,499 transactions this week. The current market capitalization of NEPSE is Rs. 4,554,360.94 million, i.e., Rs 45.54 Kharba.

The top three companies with the highest beta are Ridge Line Energy Limited (RLEL), Shreenagar Agritech Industries Limited (SAIL), and Shikhar Power Development Limited (SIPD) with betas of 4.571, 4.178, and 3.991, respectively.

10.25% Kumari Bank Debenture 2086 (KBLD86)'s price has decreased by 22.16%, and its LTP stands at Rs. 1,080.00.

All analyses are conducted using the SS Pro Software. To learn more about the software, click on the link below.

SSpro

Ridi Power Company Limited (RIDI) is the top-traded company of the week. Rs. 1.39 Arba worth of RIDI shares were traded this week.

This week, Naasa Securities Co. Ltd. (Broker No.- 58) was the top buying broker and purchased stocks worth Rs. 2.33 Arba.

Naasa Securities Co. Ltd. (Broker No.- 58) was the top seller broker for this week. The brokerage firm has sold stocks worth Rs. 2.31 Arba.

All analyses are conducted using the SS Pro Software. To learn more about the software, click on the link below.

SSPro"
20260811SS001,Sharesansar,"Gold Surges to Rs. 307,900 Per Tola; Silver Climbs to Rs. 4,780",https://www.sharesansar.com/newsdetail/gold-surges-to-rs-307900-per-tola-silver-climbs-to-rs-4780-2026-08-11,"Tuesday, August 11, 2026",2026-08-11 05:29:12,"Gold prices have witnessed a sharp gain in the domestic market today, gaining by Rs. 6,400 per tola to settle at Rs. 307,900 per tola, up from the previous rate of Rs. 301,500 per tola.

TheFederation of Nepal Gold and Silver Dealers' Association (FENEGOSIDA)reported that Tejabi gold price also increases by Rs. 6400 per tola to reach Rs. 307,200 per tola, compared to Rs. 300,800 per tola on the previous day.

Similarly, silver prices moved in the same direction, rising by Rs. 110 per tola to Rs. 4,780 per tola from Rs. 4,670 per tola on the previous day."
20260811SS002,Sharesansar,Jhapa Energy Restores Full 10 MW Power Generation After Inverter Fire,https://www.sharesansar.com/newsdetail/jhapa-energy-restores-full-10-mw-power-generation-after-inverter-fire-2026-08-11,"Tuesday, August 11, 2026",2026-08-11 05:29:13,"Jhapa Energy Limitedhas resumed full electricity generation from its 10 MW grid-connected solar power project in Shivsatakshi-4, Jhapa, following the repair of an inverter damaged by fire.

According to the company, one of the two 5 MVA inverters installed at the solar project caught fire at around 1:42 PM on Jestha 18, 2083. The incident disrupted electricity generation from the affected 5 MW unit. The company subsequently carried out the necessary repair and maintenance work on the damaged inverter.

Following the completion of the repair work, Jhapa Energy has now resumed electricity generation at the project's full installed capacity of 10 MW. The company said that both 5 MVA inverters are now operational, allowing the solar project to return to its full generation capacity."
20260811SS003,Sharesansar,SEBON Chief Promises Direct Action and Law Updates to Fix Nepal Stock Market,https://www.sharesansar.com/newsdetail/sebon-chief-promises-direct-action-and-law-updates-to-fix-nepal-stock-market-2026-08-11,"Tuesday, August 11, 2026",2026-08-11 05:29:13,"Dr. Gopal Bhatta, Chairman of the Securities Board of Nepal (SEBON), has promised to take direct steps to reform the stock market, expressing willingness to issue an executive order (ordinance) if updates to existing financial laws face delays. His commitments came during a meeting with a delegation from the Nepal Share Market Investors Association led by Vice President Bhagwan Bahadur Rawat, along with General Secretary Rabin Kandel and executive members Rishi Bhetwal and Vivek Shrestha.

The discussion took place following a steady drop in the NEPSE index, which fell near the 2,650 mark about 18% below its all-time peak of 3,227. During the meeting, representatives raised concerns over sluggish economic activity and elevated risks facing small investors.

In response, Chairman Bhatta stated that protecting investor rights and improving market transparency remain his top priorities. He committed to advancing key reforms, including introducing short selling (a mechanism allowing traders to sell borrowed shares to profit from falling prices) and addressing legal barriers to stabilize the market."
20260811SS004,Sharesansar,Colombia EarthQuake Toll Hits 111 as Rescuers Dig Through Rubble,https://www.sharesansar.com/newsdetail/colombia-earthquake-toll-hits-111-as-rescuers-dig-through-rubble-2026-08-11,"Tuesday, August 11, 2026",2026-08-11 05:29:13,"A powerful 7.4-magnitude earthquake has killed at least 111 people and damaged over 1,500 buildings across Colombia's coffee region and Pacific coast, officials said Monday.

The quake struck shortly after 7:30 am (1230 GMT), triggering panic in cities including Cali, Quibdo and Manizales, where rescuers used bare hands and basic tools to search for survivors trapped under rubble.

President Abelardo de la Espriella, sworn in just three days earlier, declared a state of emergency and pledged a coordinated rescue response. Hospitals in five cities were placed on red alert, a curfew was imposed in Cali, and at least six airports suspended operations.

The US Geological Survey said the quake, at a depth of 110 km, likely originated from movement along the Nazca tectonic plate. Tremors were also felt in Bogota, Ecuador and Panama.

The disaster follows twin earthquakes in neighboring Venezuela less than two months ago that killed over 6,300 people.

International support has poured in, with the US pledging $15.5 million in emergency relief and the EU deploying its Copernicus satellite service to aid rescue efforts. Authorities warned the death toll could rise as search operations continue."
20260811SS005,Sharesansar,Sanigad Hydro’s Net Profit Soars 390% in Q4; EPS Rises to Rs. 9.33,https://www.sharesansar.com/newsdetail/sanigad-hydros-net-profit-soars-390-in-q4-eps-rises-to-rs-933-2026-08-11,"Tuesday, August 11, 2026",2026-08-11 05:29:13,"Sanigad Hydro Limited (SGHL)has reported a net profit of Rs. 26.58 crore in the fourth quarter of fiscal year 2082/83, marking a significant 390.16% increase from Rs. 5.42 crore recorded in the corresponding quarter of the previous fiscal year.

The company’s revenue from electricity sales increased by 3.70% to Rs. 1.11 arba, compared to Rs. 1.07 arba in the same quarter last year.

Sanigad Hydro’s paid-up capital stood at Rs. 2.85 arba, while its secured loan declined by 21.46% to Rs. 4.58 arba. Meanwhile, property, plant, and equipment stood at Rs. 8.04 arba, down 3.43% compared to the previous fiscal year.

Despite the rise in profit, the company’s financial costs showed a significant increase, while its earnings per share (EPS) climbed to Rs. 9.33 from Rs. 2.72, representing a 243.11% growth. Net worth per share also increased by 6.91% to Rs. 111.80 from Rs. 104.57.

At the end of the quarter, the company’s shares were trading at Rs. 462, with a price-to-earnings (PE) ratio of 49.52 times.

Report:

Major Highlights:"
20260811SS006,Sharesansar,MoU Signed for Merger Between Two Microfinance Institutions,https://www.sharesansar.com/newsdetail/mou-signed-for-merger-between-two-microfinance-institutions-2026-08-11,"Tuesday, August 11, 2026",2026-08-11 05:29:14,"Mahila Laghubitta Bittiya Sanstha Limited (MLBSL)andFirst Microfinance Laghubitta Bittiya Sanstha Limited (FMDBL)have signed a initial memorandum of understanding (MoU) for a merger between the two microfinance institutions.

Mahila Laghubitta's central office is located in Banepa-13, Sangha, Kavrepalanchok, while First Microfinance's central office is in Gyaneshwor, Ward No. 30 of Kathmandu Metropolitan City.

The companies said the agreement was signed in accordance with the provisions of the “Merger/Acquisition Directive for Organized Institutions Registered with the Securities Board of Nepal, 2079.”

Following the agreement, Mahila Laghubitta has requested the Nepal Stock Exchange (NEPSE) to keep the share trading of its promoter shareholders suspended until the conclusion of the company’s general meeting, as required under Section 7 of the directive."
20260811SS007,Sharesansar,Rauniyar Proposes 15-Point Reform Agenda to Modernize Nepal’s Capital Market,https://www.sharesansar.com/newsdetail/rauniyar-proposes-15-point-reform-agenda-to-modernize-nepals-capital-market-2026-08-10,"Monday, August 10, 2026",2026-08-11 05:29:14,"Calls for Lower Capital Gains Tax, Removal of Trading Restrictions, Modern Market Infrastructure and Stronger Regulatory Oversight

Investor and former lawmaker Chhotelal Rauniyar have submitted a 15-point set of suggestions to the Securities Board of Nepal (SEBON), calling for immediate policy and structural reforms to strengthen and modernize Nepal’s capital market and make it more investor-friendly.

Rauniyar submitted the suggestions to SEBON Chairman Dr. Gopal Prasad Bhatt on Monday. His proposals cover secondary market participation, taxation, trading systems, new financial instruments, investor protection, dividend distribution, market infrastructure, and regulatory reforms.

Rauniyar has called for banks and financial institutions to be allowed to freely buy and sell shares in the secondary market and urged the regulator to immediately remove the existing six-month restriction.

He has also suggested reverting the capital gains tax rates increased through the government’s budget to their previous levels, reducing the rates from 4% to 3% and from 7.5% to 5%. According to Rauniyar, lower tax rates would encourage trading activity and could ultimately increase government revenue through higher transaction volumes.

Similarly, he has called for a timely revision of all charges applicable in the securities market and the abolition of the double-commission system on share transactions. He has proposed that commission be charged only once on a transaction.

Rauniyar has also suggested addressing the issue of investors paying higher commissions due to the unnecessary fragmentation of buy and sell orders. He has proposed a system under which commission would be calculated based on an investor’s total transaction volume during the trading day rather than on individual orders.

He has called for the introduction of futures and options, intraday trading, short selling, and exchange-traded funds (ETFs) in Nepal’s capital market. At the same time, he has emphasized the need to establish adequate regulatory and risk-management infrastructure to protect small and retail investors while introducing such instruments.

Rauniyar has also called for the immediate removal of the 5% tax imposed on investors on bonus shares and cash dividends, arguing that companies have already paid applicable taxes before distributing such returns to shareholders.

He has proposed that companies be required to conduct their annual general meetings (AGMs) within a maximum of two months after the end of the fiscal year and distribute bonus shares and cash dividends to investors within one month following the AGM.

He has further suggested abolishing the annual Demat account renewal fee to reduce the financial burden on investors.

Regarding margin lending, Rauniyar has called for the removal of the practice of freezing bonus shares and cash dividends when investors have already provided sufficient collateral under the existing 90% margin-lending arrangement. He described the additional freezing requirement as an unnecessary and cumbersome process for investors.

Rauniyar has also raised concerns over the existing Trading Management System (TMS), citing widespread complaints and dissatisfaction among investors. He has called for the development of a secure, reliable, and internationally tested online trading system.

He has proposed establishing a modern cross-border trading and payment-gateway system to enable non-resident Nepalis (NRNs) and foreign investors to conduct transactions conveniently from both Nepal and abroad.

Similarly, he has called for the Nepal Stock Exchange (NEPSE) to be modernized at the earliest and transformed into a public company.

Rauniyar has also advocated the continuation of the existing policy of allocating 10 shares to individual investors in initial public offerings (IPOs).

He has called for the removal of legal and procedural barriers preventing non-resident Nepalis from bringing investment into Nepal and repatriating investment proceeds and profits abroad. He has emphasized the need for a simple, transparent, and investor-friendly framework to attract greater NRN investment.

Likewise, Rauniyar has urged the government to develop SEBON into a fully autonomous, capable, transparent, and modern regulatory institution with stronger oversight capacity.

He has also proposed that SEBON and NEPSE establish a dedicated 24-hour market surveillance unit to monitor trading activities and control the spread of unnecessary rumors and other activities that could manipulate or adversely affect the market. He has further called for stronger legal provisions to prevent and control cybercrime in the capital market.

Rauniyar said that addressing the existing policy and technological challenges in the capital market and strengthening investor confidence would help increase market activity as well as government revenue."
20260811SS008,Sharesansar,Indonesian President Nominates Acting Head to Lead Central Bank,https://www.sharesansar.com/newsdetail/indonesian-president-nominates-acting-head-to-lead-central-bank-2026-08-10,"Monday, August 10, 2026",2026-08-11 05:29:14,"Indonesia has nominated acting central bank governor Destry Damayanti as the sole candidate to lead Bank Indonesia following the unexpected resignation of Perry Warjiyo last month, the government said Monday.

Presidential spokesman Prasetyo Hadi confirmed that President Prabowo Subianto had put forward only Destry’s name for the position. Parliament, which is currently in recess, will have the final say on the appointment, a decision expected to be closely monitored by financial markets.

The 62-year-old economist has been serving as acting governor since Warjiyo’s resignation. She previously served as a deputy governor of Bank Indonesia from 2019.

Warjiyo’s abrupt departure in late July marked the second resignation of a senior economic policymaker since President Prabowo took office in October 2024. The resignation fueled speculation that the governor had faced pressure to provide greater support for the government’s economic growth agenda.

Analysts are expected to closely examine Destry’s nomination for indications of the government’s approach to the independence of Bank Indonesia. Prabowo’s nephew and fellow deputy governor, Thomas Djiwandono, had previously been mentioned as a possible candidate for the position.

Concerns over the central bank’s independence have increased following a bill passed in July that allows parliament to evaluate Bank Indonesia’s performance and assigns the institution a role in supporting economic growth, one of the government’s key priorities.

Warjiyo’s resignation came amid difficult economic conditions, with Indonesia’s rupiah weakening sharply and the stock market facing pressure. The currency has lost around 7% since the Middle East conflict escalated in February, making it one of Asia’s worst-performing currencies, according to Bloomberg.

Bank Indonesia’s board of governors, led by the governor and supported by several deputies, is responsible for monetary policy and interest-rate decisions.

At its final policy meeting under Warjiyo in late July, the central bank kept its benchmark interest rate unchanged at 5.75%, following cumulative rate increases of 100 basis points earlier in the year. The decision was seen by some analysts as potentially frustrating the government, which has been pushing for stronger economic growth."
20260811SS009,Sharesansar,National Life Insurance Holds Branch Manager's Conference in Gorkha,https://www.sharesansar.com/newsdetail/national-life-insurance-holds-branch-managers-conference-in-gorkha-2026-08-10,"Monday, August 10, 2026",2026-08-11 05:29:14,"National Life Insurance Company Limitedhas concluded a four-day Branch Manager's Conference in Manakamana, Gorkha, themed ""Raising the Bar, Redefining Success.""

Chairperson Prema Rajyalaxmi Singh inaugurated the event, urging staff to prepare for growing competition in the life insurance sector and highlighting the company's push to adopt AI in digital marketing. CEO Suresh Prasad Khatri delivered welcome remarks, calling the new fiscal year a fresh commitment to growth.

More than 200 participants attended, including branch and provincial chiefs and marketing staff. Nepal Insurance Authority Director Shambhu Raj Lamichhane trained staff on anti-money laundering compliance, while sessions on AI tools and market expansion strategy were also held.

The company honoured top-performing branches for premium collection, agent production, and policy sales, alongside recreational events including badminton and table tennis."
20260811SS010,Sharesansar,"Sitaram Gokul Milks Launches New Website, Mobile App Coming Soon",https://www.sharesansar.com/newsdetail/sitaram-gokul-milks-launches-new-website-mobile-app-coming-soon-2026-08-10,"Monday, August 10, 2026",2026-08-11 05:29:15,"Nepal’s leading dairy company Sitaram Gokul Milks Pvt. Ltd. has officially launched its new website, sitaramdudh.com, to provide consumers with easier and more modern access to its products and services. The company also plans to launch a mobile app for both Android and iOS within a week.

Through the new digital platform, customers can view product details, prices, and nutritional information for items including milk, ghee, yogurt, paneer, mozzarella cheese, lassi, butter, and ice cream, and place orders online from home. The platform also offers subscription-based purchases and digital payments through services such as eSewa and Khalti. The company aims to strengthen its digital delivery system and provide faster, more convenient doorstep service."
20260812SS001,Sharesansar,Gold Price Falls by Rs. 1200 Per Tola; Check Today's Trading Rate,https://www.sharesansar.com/newsdetail/gold-price-falls-by-rs-1200-per-tola-check-todays-trading-rate-2026-08-12,"Wednesday, August 12, 2026",2026-08-12 05:46:40,"Gold prices have witnessed a moderate falls in the domestic market today, falling by Rs. 1,200 per tola to settle at Rs. 306,700 per tola, down from the previous rate of Rs. 307,900 per tola.

TheFederation of Nepal Gold and Silver Dealers' Association (FENEGOSIDA)reported that Tejabi gold price also falls by Rs. 1,200 per tola to reach Rs. 306,000 per tola, compared to Rs. 307,200 per tola on the previous day.

Similarly, silver prices moved in the same direction, falls by Rs. 35 per tola to Rs. 4,745  per tola from Rs. 4,780 per tola on the previous day."
20260812SS002,Sharesansar,Kumari Bank’s Net Profit Surges 305.96% to Rs. 7.38 Arba in Q4 FY 2082/83; EPS at Rs. 28.17,https://www.sharesansar.com/newsdetail/kumari-banks-net-profit-surges-30596-to-rs-738-arba-in-q4-fy-208283-eps-at-rs-2817-2026-08-12,"Wednesday, August 12, 2026",2026-08-12 05:46:41,"Kumari Bank Limited (KBL)has released its unaudited fourth-quarter financial results for FY 2082/83, reporting a 305.96% surge in net profit. The bank earned Rs. 7.38 Arba during the quarter, compared to Rs. 1.81 Arba in the corresponding quarter of the previous fiscal year.

The bank’s paid-up capital remained unchanged at Rs. 26.22 Arba. Meanwhile, retained earnings improved considerably, with accumulated losses narrowing from Rs. 3.84 Arba in Q4 FY 2081/82 to Rs. 79.16 Crores in Q4 FY 2082/83. Reserves increased by 20.60% to Rs. 17.77 Arba.

Customer deposits grew 10.45% to Rs. 4.02 Kharba, while loans and advances increased 4.07% to Rs. 2.70 Kharba from Rs. 2.60 Kharba a year earlier.

Net interest income rose 3.37% to Rs. 12.01 Arba. Meanwhile, impairment charges shifted from a positive Rs. 3.45 Arba to a negative Rs. 1.43 Arba, representing a decline of 141.72%. Operating profit surged 101.09% to Rs. 11.23 Arba, compared to Rs. 5.58 Arba in the previous fiscal year.

Kumari Bank’s capital adequacy ratio improved to 9.92% from 8.51%, indicating an improvement in its capital position. However, the bank’s NPL ratio increased slightly to 7.46% from 6.95%, pointing to higher non-performing assets.

The cost of funds declined significantly by 22.57% to 3.67%, compared to 4.74% in the previous year.

The bank’s EPS jumped to Rs. 28.17 from Rs. 6.94, while net worth per share increased 20.68% to Rs. 170.80. At the end of the quarter, the bank’s P/E ratio stood at 7.46 times, with its market price recorded at Rs. 210 per share.

Report:

Major Financial Highlights:"
20260812SS003,Sharesansar,NRB to Collect 30 Billion from BFI's; Interest and Deposits Returns after 1 Month,https://www.sharesansar.com/newsdetail/nrb-to-collect-30-billion-from-bfis-interest-and-deposits-returns-after-1-month-2026-08-12,"Wednesday, August 12, 2026",2026-08-12 05:46:41,"Nepal Rastra Bank (NRB) has announced that it will collect deposits worth Rs. 30 billion from banks and financial institutions through a bidding process today.

According to a notice published today, the central bank will collect the deposits for a period of 35 days. The bidding will take place on Shrawan 27 (August 12) through the Online Bidding System at 3 Pm.

The interest rate will be decided through the bidding process. The minimum amount for bidding has been set at Rs. 10 crore, while the maximum limit is (In multiples of) 5 Crore, up to the total issue amount. However, institutions can submit multiple bids within the total announced amount.

Only licensed ‘A’, ‘B’, and ‘C’ class banks and financial institutions approved by NRB are allowed to take part in the bidding. The deposits collected will be returned along with interest on Bhadra 31, 2083 (September 16, 2026)."
20260812SS004,Sharesansar,Seven Parliamentary Committees Meet Today to Discuss Bills and Public Issues,https://www.sharesansar.com/newsdetail/seven-parliamentary-committees-meet-today-to-discuss-bills-and-public-issues-2026-08-12,"Wednesday, August 12, 2026",2026-08-12 05:46:41,"Seven parliamentary committees are meeting on Today (Wednesday) to discuss various legislative bills, human rights conditions, and government oversight matters. The Law, Justice and Human Rights Committee and the Industry, Commerce, Labor and Consumer Welfare Committee both begin their sessions at 10:00 AM, with the former set to review a subcommittee report on human rights conditions of inmates in prisons and detention centers.

At 11:00 AM, the Finance Committee will evaluate the work, recommendations, and overall role of the National Natural Resources and Fiscal Commission in managing federal finances. Simultaneously, the Women and Social Affairs Committee will assess monitoring findings on child care homes, juvenile reform centers, safe houses for women, and homes for the elderly.

Later in the day, the Public Accounts Committee gathers at 1:00 PM to review complaints regarding the Ministry of Home Affairs. In addition, the Education, Health and Information Technology Committee will deliberate on the National Forensic Science Laboratory Bill, 2081, while the Development, Economic Affairs and Good Governance Committee reviews progress from past climate summits and examines Nepal's preparations for the upcoming COP 31 climate conference."
20260812SS005,Sharesansar,Sanima Bank Signs Deal with Truck Operators for QR-based Toll Payment at Naagdhunga Tunnel,https://www.sharesansar.com/newsdetail/sanima-bank-signs-deal-with-truck-operators-for-qr-based-toll-payment-at-naagdhunga-tunnel-2026-08-12,"Wednesday, August 12, 2026",2026-08-12 05:46:41,"The Federation of Truck Transport Entrepreneurs Nepal and Sanima Bank Limited have signed an agreement enabling cashless payment of entry and usage fees at the Naagdhunga–Sisnekhola tunnel via RFID and QR code systems, eliminating the need for operators to carry cash.

The deal was signed by Federation representative Rajendra Bikram Baniya and Sanima Bank's Chief Deposit Officer Hemraj Sanjyal.

Under government-fixed rates, cars and other light vehicles will pay Rs. 65 for entry and Rs. 60 exit, minibuses and mini trucks Rs. 115 and Rs. 80 buses and single-axle trucks Rs. 260 and Rs. 200 and multi-axle trucks and heavy vehicles Rs. 600 and Rs. 250.

Federation chairperson Baniya said the cashless system will bring added convenience to operators who use the tunnel regularly."
20260812SS006,Sharesansar,"Garima Mutual Fund Launches Online Sale, Redemption System for Garima Subarna Yojana",https://www.sharesansar.com/newsdetail/garima-mutual-fund-launches-online-sale-redemption-system-for-garima-subarna-yojana-2026-08-12,"Wednesday, August 12, 2026",2026-08-12 05:46:42,"Garima Capital Limited, fund manager of Garima Mutual Fund, has launched an online sale, repurchase, and registration system for units of Garima Subarna Yojana, its first open-ended scheme, effective from Shrawan 26, 2083 BS.

The platform allows investors to purchase units, register and pay SIP installments, enroll in the Dividend Reinvestment Plan, manage profiles, and redeem or amend units online. More features will be added in phases. Services also remain available in person at Garima Capital's Kamalpokhari office and Garima Bikas Bank branches nationwide.

Unit transactions will be based on NAV as per cut-off timing. The company has urged investors to review the scheme's prospectus before investing, noting that mutual fund investments are subject to market risk."
20260812SS007,Sharesansar,Citizen Life Insurance Company Limited Announces Conclusion of Lock-in Period for Promoters and Employee Shares on Bhadra 27,https://www.sharesansar.com/newsdetail/citizen-life-insurance-company-limited-announces-conclusion-of-lock-in-period-for-promoters-and-employee-shares-on-bhadra-27-2026-08-12,"Wednesday, August 12, 2026",2026-08-12 05:46:42,"Citizen Life Insurance Company Limited (CLI)published a notice regarding the expiration of the lock-in period for its promoters' and employees' shares, which will expire on 27th Bhadra, 2083.

According to the recent guidelines issued by the Securities Board of Nepal (SEBON), Citizen Life Insurance Company Limited (CLI) has officially notified its investors and stakeholders that the lock-in period for the shares held by its promoters and employees has concluded. On Bhadra  27th, 2083, the lock-in period will end.

CLI now has 50,000,000 units of shares listed on the Nepal Stock Exchange (NEPSE). Of these, the promoters held 35,000,001 units, and the company's employees held 7,50,000 units. These shares have been subject to a lock-in period since the IPO allotment three years ago.

As outlined in the official notice, the shares held by the Board of Directors and employees at higher management will not be tradable after the lock-in period.

CLI closed at Rs. 437.20."
20260812SS008,Sharesansar,Government Approves IPO of NRN Nepal Development Fund; Rs. 10 Arba Investment Projects to Move Ahead,https://www.sharesansar.com/newsdetail/government-approves-ipo-of-nrn-nepal-development-fund-rs-10-arba-investment-projects-to-move-ahead-2026-08-12,"Wednesday, August 12, 2026",2026-08-12 05:46:42,"The NRN Nepal Development Fund has received approval to issue its Initial Public Offering (IPO), with the move clearing the way for the fund to proceed with its proposed Rs. 10 Arba investment plan.

The fund’s Chief Executive Officer (CEO), Anal Raj Bhattarai, said the Securities Board of Nepal (SEBON) completed the required legal and procedural approvals on Tuesday, allowing the fund to move ahead with the public offering.

According to Bhattarai, the fund had already completed the necessary legal and procedural preparations for the IPO. Under the proposed structure, 85% of the shares will be offered through the IPO to Nepalis living abroad.

The fund had earlier received approval to allocate up to 51% of its shares through the IPO. The latest approval has increased the permitted allocation to 85%, enabling the fund to proceed with its revised share distribution plan.

Following the approval, the fund can now advance both its IPO process and the proposed Rs. 10 Arba investment projects. The initiative has been developed as a dedicated platform to channel capital from the Nepali diaspora into investment opportunities in Nepal.

The fund aims to mobilize overseas Nepali capital, knowledge, and expertise toward the country's economic development, infrastructure, productive sectors, and capital market.

Former NRNA President Kumar Pant described the approval as the result of seven years of continuous efforts. He said the approval of the legal amendments related to the fund marks a historic milestone in bringing diaspora investment into Nepal.

Meanwhile, NRNA President Dr. Hem Raj Sharma had recently expressed his commitment to accelerating the fund's activities during the NRNA Europe Regional Conference.

The NRN Nepal Development Fund is envisioned as a national initiative connecting Nepalis living around the world with investment opportunities in Nepal. The fund is expected to provide a structured mechanism for mobilizing diaspora investment while contributing to sustainable economic development and expanding investment in infrastructure, productive industries, and the capital market.

The IPO approval is therefore expected to strengthen efforts to bring overseas Nepali capital into the domestic economy and increase diaspora participation in Nepal's investment landscape."
20260812SS009,Sharesansar,"Fonepay Credit Card Crosses 50,000 Users with Support from Nine Partner Banks",https://www.sharesansar.com/newsdetail/fonepay-credit-card-crosses-50000-users-with-support-from-nine-partner-banks-2026-08-12,"Wednesday, August 12, 2026",2026-08-12 05:46:43,"Fonepay Credit Card has surpassed 50,000 users within just over two years of its launch, highlighting the growing adoption of digital credit services in Nepal.

As Nepal’s first fully virtual credit card integrated directly into mobile banking apps, the service allows customers to apply for, receive, and activate a credit card instantly through participating banks. It is currently available through nine partner banks and can be used to scan and pay at more than 2 million Fonepay QR merchants nationwide.

Fonepay CEO Diwas Kumar said the milestone demonstrates the rapid shift toward digital and inclusive credit, noting that Fonepay Credit Card reached 50,000 users in two years compared with more than three decades taken by traditional credit cards to reach over 300,000 cards.

Fonepay said it plans to further expand the service through stronger partnerships, product innovation, and improved customer experiences, with the aim of making digital credit accessible to millions of Nepalis."
20260812SS010,Sharesansar,"Xiaomi Launches Redmi Watch 6 Series in Nepal Starting at Rs. 10,999",https://www.sharesansar.com/newsdetail/xiaomi-launches-redmi-watch-6-series-in-nepal-starting-at-rs-10999-2026-08-12,"Wednesday, August 12, 2026",2026-08-12 05:46:43,"Xiaomi has launched its Redmi Watch 6 Series in Nepal, comprising the Redmi Watch 6, Redmi Watch 6 Lite, and Redmi Watch 6 Active. The lineup combines AMOLED displays, health and fitness tracking, water resistance, Bluetooth calling, and extended battery life.

The flagship Redmi Watch 6 features a 2.07-inch AMOLED display with up to 2,000 nits of brightness, dual L1 five-system GNSS, multi-dimensional health monitoring, 5ATM water resistance, and up to 24 days of battery life under light usage. It is priced at Rs. 20,499.

The Redmi Watch 6 Lite comes with a 1.96-inch AMOLED display, 150+ sports modes, Bluetooth calling, multi-system satellite positioning, a 9-axis motion sensor, and 5ATM water resistance. Its 470mAh battery provides up to 18 days of light usage, with a price tag of Rs. 14,999.

Meanwhile, the Redmi Watch 6 Active sports a 1.85-inch AMOLED display, IP68 protection, Bluetooth calling, and all-day heart-rate, SpO₂, and stress monitoring. Its battery lasts up to 18 days under light usage. The device is priced at Rs. 10,999."
20260813SS001,Sharesansar,Reliable Samriddhi Yojana Proposes 8.42% Cash Dividend For the FY 82/83; When's the Book Closure?,https://www.sharesansar.com/newsdetail/reliable-samriddhi-yojana-proposes-842-cash-dividend-for-the-fy-8283-whens-the-book-closure-2026-08-13,"Thursday, August 13, 2026",2026-08-13 05:49:01,"""Reliable Samriddhi Yojana ( RSY )""has announced a dividend for the fiscal year 2082/83.

The 67th meeting of the board of directors of Reliable Nepal Life Insurance Limited, held on Shrawan 28 at 8:00 am, has decided to distribute an 8.42105% cash dividend worth Rs. 10.10 crores (including tax) for Reliable Samriddhi Yojana for the fiscal year 2082/83.

Reliable Samriddhi Yojana (RSY) is a closed-ended mutual fund with a 12-year maturity period. The fund is managed by Reliable Investment and Merchant Capital Limited.

As of the month of Ashadh, the Net Asset Value (NAV) of MBLEF is reported at Rs. 11.16, with a closing price of Rs. 10.40.

The book closure date for dividend eligibility is 10th Bhadra. Thus, the shareholders maintained before that day are entitled to receive the dividend."
20260813SS002,Sharesansar,Garima Samriddi Yojana Decides Not To Distribute Dividend For FY 2081/82,https://www.sharesansar.com/newsdetail/garima-samriddi-yojana-decides-not-to-distribute-dividend-for-fy-208182-2026-08-13,"Thursday, August 13, 2026",2026-08-13 05:49:01,""" Garima Samriddi Yojana (GSY)""announces that it will not be distributing any dividends for the Fiscal Year 2081/82.

The decision was made during the 94th meeting of the board of directors of Garima Bank Limited held on Shrawan 27. The GSY has not proposed any cash dividends or bonus shares for FY 2081/82.

Garima Samriddi Yojana is a closed-ended mutual fund with a 10-year maturity period. The fund is managed by Garima Capital Limited."
20260813SS003,Sharesansar,Shivam Cement’s Profit Falls 1.72% as Sales Revenue Drops,https://www.sharesansar.com/newsdetail/shivam-cements-profit-falls-172-as-sales-revenue-drops-2026-08-13,"Thursday, August 13, 2026",2026-08-13 05:49:01,"Shivam Cements Limited (SHIVM) has posted a net profit of Rs. 78.44 Crore in the fourth quarter of fiscal year 2082/83. The company’s profitability declined by 1.72% compared to the corresponding period of the previous fiscal year.

The decline in profit came alongside a 10.87% decrease in revenue from operations, which stood at Rs. 6.92 Arba, down from Rs. 7.76 Arba recorded in the same period last year. The company’s earnings per share (EPS) also fell to Rs. 14.03 from Rs. 14.63.

Shivam Cement’s paid-up capital increased by 2.50% to Rs. 5.59 Arba, while other equity grew by 2.77% to Rs. 4.96 Arba.

The company’s property, plant and equipment rose by 1.76% to Rs. 3.95 Arba. Similarly, investment in its subsidiary increased by 8.20% to Rs. 5.14 Arba.

Trade receivables dropped significantly by 17.45% to Rs. 66.43 Crore, suggesting an improvement in the company’s collection position.

Meanwhile, other income declined by 3.09% to Rs. 13.32 Crore. Total expenses also decreased by 13.25%, standing at Rs. 80.81 Crore.

The company’s net worth per share remained largely stable at Rs. 188.76, compared to Rs. 188.53 in the previous year.

At the end of the quarter, SHIVM shares were trading at Rs. 621, with a price-to-earnings (P/E) ratio of 44.28 times.

Report:"
20260813SS004,Sharesansar,Solu Hydropower’s Profit Surges 33.83% to Rs. 1.11 Arba as Revenue Rises 24.46%,https://www.sharesansar.com/newsdetail/solu-hydropowers-profit-surges-3383-to-rs-111-arba-as-revenue-rises-2446-2026-08-13,"Thursday, August 13, 2026",2026-08-13 05:49:02,"Solu Hydropower Limited (SOHL)has posted a net profit of Rs. 1.11 Arba in the fourth quarter of fiscal year 2082/83, registering a 33.83% year-on-year increase from Rs. 83.23 Crore recorded in the corresponding quarter of the previous fiscal year.

The company’s revenue from operations grew by 24.46% to Rs. 2.62 Arba, compared to Rs. 2.11 Arba reported in the same quarter last year.

Solu Hydropower’s paid-up capital stood at Rs. 10 Arba during the review period. Meanwhile, its loans and borrowings increased by 21.28% to Rs. 69.59 Crore.

The company’s property, plant and equipment stood at Rs. 5.50 Crore, reflecting a marginal 0.94% decline from the previous fiscal year.

The company’s earnings per share (EPS) increased to Rs. 11.14 from Rs. 8.32 a year earlier, reflecting a 33.83% growth.

Similarly, net worth per share rose by 2.08% to Rs. 110.62 from Rs. 107.80.

With the rise in profitability, the company’s financial costs increased significantly during the review period.

At the end of the quarter, SOHL shares were trading at Rs. 509, while the company’s price-to-earnings (P/E) ratio stood at 45.70 times.

Report:"
20260813SS005,Sharesansar,Mandu Hydropower Proposes 12% Cash Dividend for FY 2082/83,https://www.sharesansar.com/newsdetail/mandu-hydropower-proposes-12-cash-dividend-for-fy-208283-2026-08-13,"Thursday, August 13, 2026",2026-08-13 05:49:02,"Mandu Hydropower Limited has proposed a 12% cash dividend to its shareholders from the accumulated profits of fiscal year 2082/83.

The proposal was made by the company’s 228th Board of Directors meeting held on Shrawan 27, 2083. Based on the company’s current paid-up capital of Rs. 1.36 Arba, the proposed cash dividend amounts to Rs. 16.36 Crore, including the applicable dividend tax.

The proposed dividend will be distributed subject to approval from the company’s shareholders and the relevant regulatory authorities.

The company also reiterated its earlier dividend proposal based on accumulated profits up to fiscal year 2081/82.

As decided by the 225th Board meeting, Mandu Hydropower had proposed a 10% bonus share amounting to Rs. 13.63 Crore, equivalent to 13,63,637 bonus shares, based on the existing paid-up capital of Rs. 1.36 Arba.

In addition, the company had proposed a 0.5263% cash dividend, amounting to Rs. 71.77 lakh, for dividend tax purposes.

The earlier bonus share and cash dividend proposal is subject to approval from the Electricity Regulatory Commission before distribution to shareholders."
20260813SS006,Sharesansar,LS Capital Reports Rs. 7.63 Crores Net Profit in Q4 FY 2082/83; EPS at Rs. 15.61,https://www.sharesansar.com/newsdetail/ls-capital-reports-rs-763-crores-net-profit-in-q4-fy-208283-eps-at-rs-1561-2026-08-13,"Thursday, August 13, 2026",2026-08-13 05:49:03,"LS Capital Limited has reported a net profit of Rs. 7.63 Crores for the fourth quarter of FY 2082/83. The company’s earnings per share (EPS) stood at Rs. 15.61, while net worth per share (NWPS) was recorded at Rs. 129.90.

The company’s paid-up capital stood at Rs. 48.89 Crores, while retained earnings amounted to Rs. 7.58 Crores. Other reserves and surplus stood at Rs. 7.03 Crores.

LS Capital recorded an operating profit of Rs. 16.23 Crores during the reported period. Based on its financial performance, the company has reported a distributable dividend capacity of 15.51%.

The company manages seven mutual fund schemes, with total assets under management (AUM) of Rs. 6.86 Arba.

LS Capital also has 403,434 Demat accounts under its management and a Portfolio Management Service (PMS) AUM of Rs. 70.35 Crores.

The company is currently involved in 33 Registrar to Shareholders (RTS/RTA) assignments and has handled six issue management assignments, reflecting its presence across various segments of Nepal’s capital market."
20260813SS007,Sharesansar,SEBON Unveils Primary Capital Market Reform Policy 2083 to Boost Transparency and Investment,https://www.sharesansar.com/newsdetail/sebon-unveils-primary-capital-market-reform-policy-2083-to-boost-transparency-and-investment-2026-08-13,"Thursday, August 13, 2026",2026-08-13 05:49:03,"Nepal has unveiled the Primary Capital Market Reform Policy, 2083, aimed at modernizing and improving the country’s primary capital market through necessary policy and legal reforms.

The policy has been prepared by a Primary Market Reform Facilitation Taskforce formed by the Securities Board of Nepal (SEBON), with participation from key market stakeholders, including merchant bankers and representatives of the Federation of Nepalese Chambers of Commerce and Industry (FNCCI).

The policy seeks to make Nepal’s primary capital market more modern, efficient and investor-friendly while ensuring easier access to long-term capital for industries, infrastructure projects, innovation, small and medium-sized enterprises (SMEs), and green and sustainable development projects.

It also emphasizes strengthening regulation, corporate governance, and transparency while developing a technology-driven system for public offerings.

The policy aims to establish the primary capital market as a major source of financing for national economic development. It envisions making the public issuance process fully transparent, digital and time-bound, alongside the implementation of a scientific and market-based pricing mechanism.

The policy has also prioritized the effective participation of eligible institutional investors and anchor investors in public offerings.

It proposes developing mechanisms to ensure effective utilization and monitoring of capital raised after public issuance. Such measures are expected to improve accountability and ensure that funds mobilized through the capital market are used for their intended purposes.

Investor protection and strengthening public confidence in the capital market have also been identified as key priorities.

The policy seeks to expand access to the capital market for SMEs, technology-based enterprises, innovation-driven businesses and high-growth companies.

By facilitating their access to long-term financing through the capital market, the policy aims to support entrepreneurship, innovation and economic growth.

It also seeks to create a regulatory environment capable of attracting international investors and enhancing Nepal’s competitiveness in the regional capital market.

Environmental, Social and Governance (ESG) considerations have also been incorporated into the policy framework.

The policy proposes the gradual institutionalization of ESG and sustainability-related disclosures to improve transparency and align Nepal’s primary capital market with evolving international practices.

The strategic objective of the policy is to develop Nepal’s primary capital market into one of the competitive and credible capital markets in South Asia.

The policy focuses on improving transparency, governance, digitalization, investor protection, market-based pricing and access to capital while aligning the market with international standards.

The Board believes that effective implementation of the policy will help make Nepal’s primary capital market more transparent, credible, competitive, innovation-oriented, technology-friendly and aligned with international standards.

It expects the reforms to establish the primary capital market as a key foundation for mobilizing the long-term capital required to support Nepal’s economic development and prosperity."
20260813SS008,Sharesansar,Sarbottam Cement’s Q4 Profit Rises 7.70% to Rs. 1.10 Arba,https://www.sharesansar.com/newsdetail/sarbottam-cements-q4-profit-rises-770-to-rs-110-arba-2026-08-13,"Thursday, August 13, 2026",2026-08-13 05:49:03,"Sarbottam Cement Limited (SARBTM)has published its fourth-quarter financial report for fiscal year 2082/83, reporting a 7.70% increase in net profit to Rs. 1.10 Arba, compared to Rs. 1.02 Arba in the corresponding quarter of the previous fiscal year.

The company’s revenue from operations increased by 7.56% to Rs. 10.25 Arba during the review period. Similarly, other income rose significantly by 28.59% to Rs. 17.69 Crore.

Sarbottam Cement’s paid-up capital increased from Rs. 4.97 Arba in the previous fiscal year to Rs. 5.22 Arba.

The company has reported Rs. 4.87 Arba in reserves and surplus and Rs. 33.68 Crore in revaluation reserves. Its total equity has reached Rs. 10.43 Arba.

The company’s Earnings per Share (EPS) stands at Rs. 21.20, while its net worth per share has reached Rs. 199.82.

Meanwhile, Sarbottam Cement’s total investments increased to Rs. 1.31 Arba during the review period.

Report:"
20260813SS009,Sharesansar,Tata Motors Unveils New Punch.ev and Tiago.ev at NAIMA Nepal Mobility Expo 2026,https://www.sharesansar.com/newsdetail/tata-motors-unveils-new-punchev-and-tiagoev-at-naima-nepal-mobility-expo-2026-2026-08-12,"Wednesday, August 12, 2026",2026-08-13 05:49:03,"Sipradi Trading Pvt. Ltd., the authorized distributor of Tata Motors in Nepal, has unveiled the new Tata Punch.ev and Tiago.ev at the ongoing NAIMA Nepal Mobility Expo 2026 in Kathmandu. The Punch.ev starts at Rs. 33.99 lakh, with an expo booking offer of Rs. 32.99 lakh, while the Tiago.ev starts at Rs. 28.99 lakh. Customers booking either model during the expo will receive an extended warranty of up to 11 years or 220,000 km.

The new Punch.ev is based on Tata’s advanced Acti.ev platform and comes with 32 kWh and 40 kWh battery options, offering a tested range of 300–325 km on a full charge in Nepal. It features 195 mm ground clearance, a 5-star BNCAP safety rating, six airbags, a 360-degree camera, fast charging, voice-activated sunroof, Harman infotainment system, ventilated seats and 366-liter boot space. Meanwhile, the new Tiago.ev features an updated design, 360-degree HD camera, 26.03 cm infotainment system and six airbags. Sipradi also said it operates more than 21 EV service centres, 40 DC charging points and over 150 AC charging points across Nepal."
20260813SS010,Sharesansar,Reliable Nepal Life Insurance Honors Top Agents at Three Day Event,https://www.sharesansar.com/newsdetail/reliable-nepal-life-insurance-honors-top-agents-at-three-day-event-2026-08-12,"Wednesday, August 12, 2026",2026-08-13 05:49:03,"Reliable Nepal Life Insurance Limited hosted a three day celebration from Friday to Sunday at Lemon Tree Premier in Budhanilkantha to honor its highest performing insurance agents. The event recognized agents who made significant contributions to business growth, overall performance, and the promotion of insurance services across the country.

Chaired by the company's Chief Executive Officer (CEO), the program brought together standout agents from all over Nepal. The company presented certificates and tokens of appreciation to agents who qualified for the Million Dollar Round Table (MDRT), earned the title of ""Mega Star,"" or served as Senior Agency Managers.

The event featured guest sessions by senior cardiologist Prof. Dr. Bhagawan Koirala and Dr. Vishnu Prasad Regmi, who delivered motivational speeches focusing on health, life, and professional development.

Addressing the gathering, the CEO described the agents as the main foundation of the company's success. He praised their continuous hard work, commitment, and dedicated customer service, adding that the company would continue organizing similar recognition programs to motivate top performers in the future.

Participants also held discussions on business expansion strategies, future growth, and ways to improve service quality for customers. Interactive sessions allowed agents to share their personal experiences and success stories. Reliable Nepal Life Insurance stated that it remains committed to developing agent skills, boosting motivation, and contributing to the overall growth of the life insurance sector."
20260814SS001,Sharesansar,Gold Price Falls by Rs. 4600 Per Tola; Silver by Rs. 90,https://www.sharesansar.com/newsdetail/gold-price-falls-by-rs-4600-per-tola-silver-by-rs-90-2026-08-14,"Friday, August 14, 2026",2026-08-14 05:46:08,"Gold prices have witnessed a moderate falls in the domestic market today, falling by Rs. 4,600 per tola to settle at Rs. 301,600 per tola, down from the previous rate of Rs. 306,200 per tola.

TheFederation of Nepal Gold and Silver Dealers' Association (FENEGOSIDA)reported that Tejabi gold price also falls by Rs. 4,600 per tola to reach Rs. 300,900 per tola, compared to Rs. 305,500 per tola on the previous day.

Similarly, silver prices moved in the same direction, falls by Rs. 90 per tola to Rs. 4,660 per tola from Rs. 4,750 per tola on the previous day."
20260814SS002,Sharesansar,Samsung Unveils Galaxy Z Fold8 Series and Watch Lineup in Nepal,https://www.sharesansar.com/newsdetail/samsung-unveils-galaxy-z-fold8-series-and-watch-lineup-in-nepal-2026-08-14,"Friday, August 14, 2026",2026-08-14 05:46:08,"Samsung Nepal has launched its eighth generation foldable lineup, introducing the Galaxy Z Fold8 Ultra, Galaxy Z Fold8, and Galaxy Z Flip8 alongside the Galaxy Watch9 and Galaxy Watch Ultra2. The new foldables feature larger displays designed for enhanced multitasking with integrated Galaxy AI. In Nepal, the Galaxy Z Flip8 is priced at NPR 194,999, the Galaxy Z Fold8 costs NPR 274,999, and the Galaxy Z Fold8 Ultra starts at NPR 299,999.

Alongside the new devices, Samsung introduced a customer ecosystem centered on affordability, accessibility, and sustainability. The company offers flexible 24 month payment plans with a 40% down payment, trade-in bonuses, and free mobile data packages. Supported by retail partners IMS and Him Electronics, customers can easily pre-order and pick up devices in stores, while trade-in partner Apkudo inspects and refurbishes older phones to help reduce electronic waste.

Pre-orders for the series opened on August 13, 2026, with two promotional offers. The VIP Pre-order Package offers benefits worth up to NPR 68,000, including two years of free Ncell unlimited data and voice, up to NPR 15,000 in trade in bonuses, NPR 10,000 off a new Galaxy Watch, six months of free Google AI Pro, and a free case. The Normal Pre-order Package provides similar perks valued up to NPR 58,000."
20260814SS003,Sharesansar,"Himalayan Bank’s Net Profit Surges 1,041.16% to Rs. 1.48 Arba in Q4 FY 2082/83; EPS Jumps 994.42% to Rs. 6.56",https://www.sharesansar.com/newsdetail/himalayan-banks-net-profit-surges-104116-to-rs-148-arba-in-q4-fy-208283-eps-jumps-99442-to-rs-656-2026-08-14,"Friday, August 14, 2026",2026-08-14 05:46:08,"Himalayan Bank Limited (HBL)has reported a 1,041.16% surge in net profit in the fourth quarter of FY 2082/83, earning Rs. 1.48 Arba compared to Rs. 12.97 Crore in the corresponding quarter of the previous fiscal year.

The bank’s paid-up capital increased by 4.27% to Rs. 22.58 Arba from Rs. 21.66 Arba. Share premium stood at Rs. 52.73 Crore, while reserves increased 9.91% to Rs. 26.81 Arba from Rs. 24.39 Arba. Retained losses widened by 11.13% to Rs. 98.40 Crore from Rs. 88.54 Crore.

Himalayan Bank’s deposits grew 13.72% to Rs. 3.52 Kharba from Rs. 3.09 Kharba a year earlier. However, loans and advances to customers declined 1.24% to Rs. 2.28 Kharba from Rs. 2.31 Kharba.

Net interest income declined 15.74% to Rs. 8.81 Arba from Rs. 10.46 Arba. Personnel expenses increased 6.96% to Rs. 3.66 Arba, while impairment charges declined 22.88% to Rs. 2.90 Arba from Rs. 3.76 Arba.

The bank’s operating profit declined 23.60% to Rs. 2.63 Arba from Rs. 3.44 Arba in the previous fiscal year. Despite the decline in operating profit and net interest income, the bank recorded a significant increase in net profit during the review period.

Himalayan Bank’s capital adequacy ratio improved to 11.69% from 10.60%, indicating a stronger capital position. Meanwhile, the NPL ratio remained broadly stable at 7.96%, compared to 7.97% in the previous fiscal year.

The bank’s cost of funds declined significantly by 25% to 3.63% from 4.84%. Its earnings per share (EPS) surged 994.42% to Rs. 6.56 from Rs. 0.60.

Net worth per share increased 3.34% to Rs. 177.48 from Rs. 171.75. At the end of the review quarter, Himalayan Bank’s share price stood at Rs. 194.50, with its price-to-earnings (P/E) ratio recorded at 29.67 times.

Report:

Major Financial Highlights:"
20260814SS004,Sharesansar,"Citizens Bank’s Net Profit Surges 63.05% to Rs. 2.09 Arba, EPS Jumps 55.29% to Rs. 13.53",https://www.sharesansar.com/newsdetail/citizens-banks-net-profit-surges-6305-to-rs-209-arba-eps-jumps-5529-to-rs-1353-2026-08-14,"Friday, August 14, 2026",2026-08-14 05:46:09,"Citizens Bank International Limited (CZBIL)has reported a 63.05% increase in net profit in the fourth quarter of fiscal year 2082/83, with profit rising to Rs. 2.098 Arba from Rs. 1.29 Arba in the corresponding quarter of the previous fiscal year.

The bank’s paid-up capital increased by 5% to Rs. 15.50 Arba from Rs. 14.76 Arba a year earlier. Retained earnings, however, declined 32.78% to Rs. 52.31 Crores from Rs. 77.81 Crores. Meanwhile, reserves increased by 19.74% to Rs. 8.86 Arba.

Citizens Bank’s customer deposits grew 9.57% to Rs. 2.31 Kharba from Rs. 2.11 Kharba in Q4 FY 2081/82. Loans and advances increased marginally by 0.76% to Rs. 1.70 Kharba, compared to Rs. 1.68 Kharba in the previous fiscal year.

The bank’s net interest income declined slightly by 1.90% to Rs. 6.29 Arba from Rs. 6.41 Arba. Personnel expenses increased 20.13% to Rs. 2.44 Arba.

Impairment charges declined by 69.05% to Rs. 82.93 Crores from Rs. 2.68 Arba a year earlier. The lower impairment provision supported a significant improvement in operating performance, with operating profit surging 81.26% to Rs. 3.60 Arba from Rs. 1.99 Arba.

The bank’s capital adequacy ratio remained unchanged at 12.47%. However, its non-performing loan (NPL) ratio increased to 5.88% from 4.89%, indicating a rise in non-performing assets.

The cost of funds declined significantly by 25.17% to 3.36% from 4.49% in the previous fiscal year, reflecting a reduction in the bank’s funding costs.

Citizens Bank’s earnings per share (EPS) increased 55.29% to Rs. 13.53 from Rs. 8.71. Net worth per share rose 3.31% to Rs. 160.51 from Rs. 155.38.

At the end of the quarter, the bank’s price-to-earnings (P/E) ratio stood at 14.55 times, while its quarter-end market price was recorded at Rs. 196.90 per share.

Report:"
20260814SS005,Sharesansar,Excel Development Bank Calls 20th AGM on Bhadra 24; When's the Book Closure?,https://www.sharesansar.com/newsdetail/excel-development-bank-calls-20th-agm-on-bhadra-24-whens-the-book-closure-2026-08-14,"Friday, August 14, 2026",2026-08-14 05:46:09,"Excel Development Bank Limited (EDBL)has called its 20th AGM on Bhadra 24, 2083. The meeting will be held in Siddhartha Hotel, Jhapa, starting at 11 AM that day.

These are the agendas of the AGM:

1) Endorsement of financial reports for the fiscal year 2081/82.2) Endorse the auditor's report with PL statements, financial reports, and cash flow reports.3) Endorse the appointment of the auditor for the fiscal year 2082/83.4) To elect 3 directors representing the public shareholder group to the Board of Directors.5) To identify a suitable bank/ financial institution for merger and acquisition with Excel Development Bank Limited.6) Provide full authority to the board of directors to oversee various  merger/acquisition-related proceedings accordingly if any instructions are received from the regulatory bodies.7) To increase the meeting allowances of members of the board of directors.8) Miscellaneous.

The bank has not proposed a dividend for the fiscal year 2081/82.

The book closure date is from Bhadra 09. Thus, shareholders maintained before that day can attend the AGM."
20260814SS006,Sharesansar,ERC Moves to Facilitate Bonus Share Approval Process for Electricity Companies,https://www.sharesansar.com/newsdetail/erc-moves-to-facilitate-bonus-share-approval-process-for-electricity-companies-2026-08-14,"Friday, August 14, 2026",2026-08-14 05:46:10,"The Electricity Regulatory Commission (ERC) has moved to streamline the process for prior approval of bonus share issuance by electricity companies and other licensed entities.

The decision was discussed during the Commission’s 311th meeting held on 2083/04/13. Under Section 12 of the Directive on Prior Approval and Regulation of Public Issuance of Shares of Electricity-Related Companies, 2078, companies must obtain prior approval from the Commission if a change in their shareholding structure exceeds 5%. Companies are also required to inform the Commission when issuing bonus shares to shareholders.

The Commission noted that if the issuance of bonus shares results in a change of more than 5% in the shareholding structure, the licensed entity must seek approval from the Commission in accordance with Regulation 17(1) of the Regulation Concerning Conditions to be Followed by Electricity Purchase and Sale and Licensed Persons, 2076. For such approval, the entity is required to submit an application in the prescribed format under Schedule 6, along with the required documents specified in Schedule 7.

The existing provisions under Schedule 7, Point 7, and Schedule 8, Point 5 require applicants to submit decisions of both the Board of Directors and the General Meeting regarding changes in the shareholding structure. The ERC has discussed facilitating this requirement by replacing the existing provision requiring decisions from both bodies with a provision referring to a decision of the Board of Directors or the General Meeting.

The proposed facilitation is intended to simplify the approval process while maintaining regulatory oversight over changes in the shareholding structure of electricity companies.

The ERC’s decision comes in the context of increasing bonus share issuances and other changes in the capital structures of electricity-sector companies, where compliance with prior-approval requirements can affect the timing and administrative burden of corporate actions.

The Commission’s discussion is aimed at making the regulatory process more practical and facilitating licensed entities in obtaining approval for changes in their shareholding structures, particularly where such changes arise from the issuance of bonus shares. The existing regulatory framework continues to require prior approval where the change in shareholding structure exceeds the prescribed 5% threshold."
20260814SS007,Sharesansar,Prime Commercial Bank Reports 28.49% Rise in Net Profit to Rs. 4.11 Arba in Q4 FY 2082/83; Impairment Charges Down 36.06%,https://www.sharesansar.com/newsdetail/prime-commercial-bank-reports-2849-rise-in-net-profit-to-rs-411-arba-in-q4-fy-208283-impairment-charges-down-3606-2026-08-14,"Friday, August 14, 2026",2026-08-14 05:46:10,"Prime Commercial Bank Limited (PCBL)has reported a 28.49% increase in net profit in the fourth quarter of FY 2082/83, earning Rs. 4.11 Arba compared to Rs. 3.20 Arba in the corresponding quarter of the previous fiscal year.

The bank’s paid-up capital increased by 8% to Rs. 20.95 Arba from Rs. 19.40 Arba. Retained earnings rose 10.05% to Rs. 1.91 Arba, while reserves increased by 18.90% to Rs. 13.98 Arba.

Prime Commercial Bank’s deposits grew 5.46% to Rs. 2.78 Kharba from Rs. 2.63 Kharba a year earlier. Loans and advances increased 8.29% to Rs. 2.26 Kharba from Rs. 2.09 Kharba.

Net interest income rose 3.30% to Rs. 9.21 Arba, while personnel expenses increased 6.80% to Rs. 2.45 Arba. Meanwhile, impairment charges declined by 36.06% to Rs. 1.74 Arba from Rs. 2.72 Arba.

The bank’s operating profit surged 26.94% to Rs. 6.83 Arba from Rs. 5.38 Arba in the previous fiscal year. The capital adequacy ratio improved to 12.87% from 11.33%, indicating a stronger capital position.

However, the bank’s non-performing loan (NPL) ratio increased to 6.69% from 5.81%, reflecting a rise in non-performing assets.

Prime Commercial Bank’s cost of funds declined significantly by 26.87% to 3.81% from 5.21%. The bank’s earnings per share (EPS) increased 18.97% to Rs. 19.63 from Rs. 16.50.

Net worth per share also increased 3.71% to Rs. 175.80 from Rs. 169.52.

At the end of the review quarter, the bank’s share price stood at Rs. 239.90, with its price-to-earnings (P/E) ratio recorded at 12.22 times.

Report:

Major Financial Highlights:"
20260814SS008,Sharesansar,Nepal Investment Mega Bank Assures Legal Proceedings Against Top Officials Will Not Affect Banking Operations,https://www.sharesansar.com/newsdetail/nepal-investment-mega-bank-assures-legal-proceedings-against-top-officials-will-not-affect-banking-operations-2026-08-14,"Friday, August 14, 2026",2026-08-14 05:46:10,"Nepal Investment Mega Bank Limited (NIMB) has expressed serious concern over the filing of a case against the bank’s Chairperson, directors, and Chief Executive Officer (CEO) in connection with the bank’s regular activities carried out in accordance with prevailing laws, regulatory provisions, and established banking practices.

Issuing a statement, the bank said the legal development has not caused any disruption to its regular banking operations, customer services, or day-to-day activities. It further assured customers and stakeholders that the bank’s leadership and management remain in place and that all services will continue to operate normally, securely, and without interruption.

The bank stated that it remains focused on maintaining the institution’s strength, safeguarding the interests of its customers, and ensuring the stability of the overall banking system.

NIMB also called for necessary coordination and support from the concerned authorities to maintain public confidence in the banking system, employee morale, and financial stability.

The bank urged its customers, depositors, shareholders, and other stakeholders not to form opinions based on unverified reports or speculation concerning the institution. It requested them to rely only on official information when assessing developments related to the bank.

The bank also expressed gratitude to its depositors, customers, shareholders, and other stakeholders for their continued trust and goodwill, while requesting their continued support and cooperation.

https://www.sharesansar.com/newsdetail/nimb-smart-telecom-case-raises-questions-over-police-and-nrbs-banking-jurisdiction-2026-08-12"
20260814SS009,Sharesansar,Chilime Hydropower Company Limited (CHCL): An Eleven-Year Financial Performance Review (Q4 2072/73 - Q4 2082/83),https://www.sharesansar.com/newsdetail/chilime-hydropower-company-limited-chcl-an-eleven-year-financial-performance-review-q4-207273-q4-208283-2026-08-14,"Friday, August 14, 2026",2026-08-14 05:46:10,"Company’s Short Background

Chilime Hydropower Company Limited (Chilime) was incorporated in 1995 with the objective of generating hydroelectricity through the optimal utilization of resources within the country. Nepal Electricity Authority (NEA) holds a majority ownership with a 51% shareholding. The remaining 49% shareholding is held by the public, including 10% equity ownership by local people.

Chilime owns and operates a 22.1 MW power plant, commissioned on August 25, 2003, and located in Rasuwa District, 133 km north of the capital city, Kathmandu. It sells bulk electricity to NEA at a long-term PPA price. The annual energy generation from the plant is about 150 GWh.

Share Capital and Share Issuance Arrangement

At the time of the company’s establishment, an amount was collected from the Nepal Electricity Authority (NEA) as share capital. At that time, the company received Rs. 48.96 crore against 48 lakh 96 thousand shares.

Subsequently, in the second phase, in 2063 B.S., the company issued shares to the company itself, NEA employees, former employees, and directors, equivalent to 25%, or 24 lakh shares, and collected Rs. 24 crore.

Thereafter, in the third phase, shares were issued to project-affected local residents and the public. In this phase, the company issued 1 lakh 80 thousand shares at Rs. 100 per share to local residents, while the remaining 15 lakh 69 thousand 600 shares were issued at a premium price, generating the corresponding share capital. The company has so far distributed bonus shares equivalent to 9.15 times.

Balance Sheet

Assets

1.Property, Plant & Equipment - Net Block (Net Fixed Assets)

The net block stood at Rs. 7.43 billion in the initial period and gradually increased to Rs. 12.06 billion. Overall, net fixed assets increased by approximately Rs. 4.63 billion, or 62.35%, over the review period.

2.Investments

Investments remained the highest component of the company’s total assets. CHCL’s investment had not started until the base year taken for this study, Q4 2072/73. The company suddenly started investing a high value of Rs. 5.74 billion, which then increased to Rs. 6.59 billion. The investment portfolio of CHCL seemed to be in an increasing trend.

3.Total Current Assets

Total current assets show an increasing trend. The latest figure represents a significantly liquid position. Current assets of CHCL are around 26 times higher than current liabilities. Now, it would be better to invest or utilize these funds to generate returns. Current assets increased by approximately three times from the base year.

Liabilities

1.Sources of Fund/Capital & Liabilities

The company’s total sources of funds increased from approximately Rs. 7.43 billion to Rs. 12.06 billion, representing an increment of around 62.35%. The increment in total funds appears to be largely associated with the increase in share capital.

2.Paid-Up Capital

Paid-up capital is in an increasing trend because of the dividends distributed by CHCL. As of the initial year, Q4 2072/73, taken for the study, paid-up capital stood at Rs. 3.13 billion and increased by an average of 12% annually.

3.Reserve & Surplus

The reserve and surplus position shows one of the most notable changes. The company initially had a strong reserve position, meaning accumulated retained earnings. It then continuously used the reserve to distribute dividends, causing the reserves to erode over the period. The reserve of CHCL was Rs. 4.98 billion as of Q4 2074/75, which declined to Rs. 2.26 billion as of Q4 2082/83.

4.Loans & Long-Term Liabilities

CHCL has used negligible loans and long-term liabilities. CHCL keeps loans below around Rs. 40 crore. This is a minimal portion of its capital funds. In simple terms, the company is not dependent on borrowed money.

5.Total Current Liabilities

Investments remained relatively strong compared with the company’s total assets.They increased by approximately Rs. 850.10 million throughout the period.

Profit and Loss Account

1.Operating Income

Operating income increased from Rs. 1.24 billion in the initial period to Rs. 1.33 billion in the latest reported period. This represents an increase of approximately 7.33%.

The growth in operating income was primarily driven by income from other sources. Income from electricity remained relatively stable. As of Q4 2072/73, income from sales of electricity was Rs. 1.163 billion, and as of Q4 2082/83, it remained almost the same at Rs. 1.167 billion. At the same time, income from other sources increased from Rs. 77.24 million to Rs. 163.78 million, almost doubling during the period. This indicates that CHCL’s return from investments is in an increasing trend.

2.Income from Sales of Electricity

Income from sales of electricity is the primary source of revenue for the company and provides a clear indication of the operating performance of its hydropower project. The company’s electricity sales have remained strongly stable over the review period.

3.Operating Expenses and Non-Operating Expenses

Operating expenses have generally seemed under control. Meanwhile, they are in an increasing trend. Excluding the initial figure, operating expenses increased from Rs. 186.04 million to Rs. 339.30 million over the reviewed period.

Non-operating expenses of CHCL seemed to be increasing exponentially. As of Q4 2072/73, they stood at Rs. 12.43 million and increased to Rs. 272.05 million as of Q4 2082/83. This is because the depreciation rate of property, plant and equipment is on the higher side as the project gets older. The other component of non-operating expenses, i.e., financial expenses, is nil.

4.Net Profit

The company reported a net profit of Rs. 929.98 million in Q4 2072/73. The company then earned its highest profit of Rs. 966.31 million in 2073/74. Afterward, CHCL’s net profit seemed to be in a declining trend. CHCL earned a net profit of Rs. 720.05 million as of Q4 2082/83.

Major Indicators

1.Net Worth per Share (Rs.)

Net worth per share of CHCL peaked at Rs. 234.36 in Q4 2073/74 and then kept falling to Rs. 123.9 in Q4 2082/83. This is because the company distributed dividends from reserve funds.

2.Earnings per Share (EPS Annualized - Rs.)

EPS showed a similar pattern to NWPS. The company’s EPS peaked in Q4 2072/73 by achieving an EPS of Rs. 29.67 and then continuously declined to Rs. 7.59. This is because CHCL capitalized reserves and earnings by distributing stock dividends and reducing them through cash dividends, while earnings did not increase due to the limited fixed PPA and power generation.

3.Debt - Equity Ratio

The Debt - Equity ratio compares total liabilities to shareholders’ equity and indicates how much a company is leveraged. CHCL seems to use negligible debt and has not taken on any significant debt-related burden.

4.Current Ratio

The current ratio is a liquidity ratio that measures whether a company has enough current assets to cover its short-term liabilities. CHCL has excess short-term capital to cover its short-term liabilities.

5.Return on Equity (ROE)

ROE shows how efficiently a company generates profit from shareholders’ money. The company’s ROE was 12.36% in Q4 2072/73. It then gradually fell until Q4 2081/82, reaching 5.73%, before rebounding to 12.88% as of Q4 2082/83.

6.Return on Assets (ROA)

ROA measures how effectively the company uses its total assets to generate profit. The company’s ROA was 12.66% as of Q4 2072/73 and kept declining to 5.93% as of Q4 2081/82. The latest ROA of 6.13% represents a marginal rebound in Q4 2082/83.Data Source: The data used in this article has been obtained from SS Pro by ShareSansar."
20260814SS010,Sharesansar,Housing Federation Demands Land Act Revisions to Unblock Stalled Property Transactions,https://www.sharesansar.com/newsdetail/housing-federation-demands-land-act-revisions-to-unblock-stalled-property-transactions-2026-08-13,"Thursday, August 13, 2026",2026-08-14 05:46:11,"A legal impasse surrounding land ceiling laws has halted ownership transfers (pass) for approximately 2,000 completed houses, apartments, and plots across Nepal, primarily in the Kathmandu Valley. Speaking at a press conference, the Nepal Land and Housing Developers' Federation (NLHDF) stated that strict enforcement via the online Land Records Information Management System introduced in 2019/20 has blocked property transfers for land exceeding specified limits. Under Section 12(c) of the Land Act, 1964, entities granted land ceiling exemptions are barred from selling or transferring land ownership, trapped in a dual policy bottleneck that directly impacts real estate developers who acquired land legally for commercial housing construction.

This structural deadlock has left buyers anxious as properties remain un-transferred despite full or partial advance payments. Meanwhile, developers including established companies such as CE Construction face mounting bank interest expenses and heightened legal risks of fraud accusations or detention due to delayed transfers. The issue traps billions of rupees in private investment, while the state incurs heavy revenue losses from halted transaction fees and taxes.

To resolve the crisis, NLHDF President Vishnu Prasad Ghimire urged the government to immediately amend the Land Act to exempt approved real estate developers from land ceiling restrictions and reopen blocked property transactions. The Federation called for an integrated Land Code and Urban Development Act, streamlined planning permits via a one-stop system, and authorization for the private sector to engage in land and house pooling.

Furthermore, the Federation urged the government and Nepal Rastra Bank to launch a targeted real estate revival package. Key proposals include easing project-level banking credit, offering individual mortgage financing based on personal guarantees, revising capital gains and value added tax policies, and resolving administrative barriers to allow developers to resume normal market operations and contribute to economic growth."
20260816SS001,Sharesansar,Himalayan Distillery Reports 28.14% Profit Growth to Rs. 1.21 Arba; EPS Climbs 6.78% to Rs. 32.71,https://www.sharesansar.com/newsdetail/himalayan-distillery-reports-2814-profit-growth-to-rs-121-arba-eps-climbs-678-to-rs-3271-2026-08-14,"Friday, August 14, 2026",2026-08-16 04:50:18,"Himalayan Distillery Limited (HDL) has reported a strong financial performance in the fourth quarter of fiscal year 2082/83, with growth recorded across revenue, profitability, and shareholders’ equity.

The company’s revenue from operations increased 12.67% to Rs. 8.11 Arba in Q4 FY 2082/83 from Rs. 7.20 Arba in the corresponding quarter of the previous fiscal year.

Himalayan Distillery’s net profit rose 28.14% to Rs. 1.21 Arba from Rs. 94.14 Crore a year earlier. The increase in profitability was reflected in its earnings per share (EPS), which climbed 6.78% to Rs. 32.71 from Rs. 30.63.

On the expense front, administration expenses more than doubled, increasing 111.66% to Rs. 19.56 Crore from Rs. 9.24 Crore in the previous fiscal year.

The company strengthened its equity base during the review period. Equity share capital increased 20% to Rs. 3.69 Arba from Rs. 3.07 Arba, while reserves and surplus rose 40.19% to Rs. 1.53 Arba from Rs. 1.09 Arba.

Property, plant and equipment increased 17.68% to Rs. 1.10 Arba from Rs. 93.62 Crore. Similarly, investments grew 17.99% to Rs. 13.12 Crore from Rs. 11.12 Crore. Trade receivables stood at Rs. 97.12 Crore during the review period.

Himalayan Distillery’s net worth per share increased 4.40% to Rs. 141.43 from Rs. 135.46 in the corresponding quarter of the previous fiscal year.

At the end of the review quarter, the company’s shares were priced at Rs. 1,140, with a price-to-earnings (P/E) ratio of 34.85 times.

Notice:

Major Financial Highlights:"
20260816SS002,Sharesansar,Kamana Sewa Bikas Bank Integrates Mobile App with Government's Taxpayer Incentive Scheme,https://www.sharesansar.com/newsdetail/kamana-sewa-bikas-bank-integrates-mobile-app-with-governments-taxpayer-incentive-scheme-2026-08-14,"Friday, August 14, 2026",2026-08-16 04:50:18,"Kamana Sewa Bikas Bank Limited has integrated a feature into its mobile banking application to help its customers easily participate in the ""Taxpayer Incentive Gift Scheme,"" run by the Inland Revenue Department under the Ministry of Finance.

With this update, eligible payments made to merchant QR codes through the bank's mobile app will automatically qualify for the lucky draw. Customers do not need to register or upload their transaction details separately. They can also track their eligible transaction count and history directly within the bank's mobile app.

Under this government scheme, regular lucky draws will be held among eligible transactions. The Inland Revenue Department will award NPR 1,00,000 (after tax deduction) to one daily winner, and a bumper prize of NPR 10,00,000 to one winner every 15 days.

The bank encourages its customers to make digital payments on purchases over NPR 100, collect and keep PAN/VAT bills safely, and regularly check their eligible transactions through the app."
20260816SS003,Sharesansar,NEPSE Falls 7.37 Points Today as Turnover Reaches NPR 4.27 Arba,https://www.sharesansar.com/newsdetail/nepse-falls-737-points-today-as-turnover-reaches-npr-427-arba-2026-08-14,"Friday, August 14, 2026",2026-08-16 04:50:19,"The Nepal Stock Exchange (NEPSE) recorded a single digit fall today, falling by 7.37 points (0.27%) to close at 2,643.83. This follows a gain of 8.81 points in the previous trading session.

NEPSE remained confined within a tight range of 2,630–2,655 throughout the week. A decisive breakout from this range could push the index toward the next resistance around 2,670, while the near-term support remains around 2,600.

The benchmark index opened at 2,649.116 and fluctuated between an intraday high of 2,653.48 and a low of 2,638.64 before settling at the close. Total turnover for the day amounted to Rs. 4.27 Arba, with 9,754,403 shares traded across 344 companies through 43,060 transactions. The total market capitalization stood at Rs. 45.47 Kharba, with a float market capitalization of Rs. 15.36 Kharba.

Agricultural Bond (9 Year) (ADBLB87) topped the turnover chart, recording transactions worth Rs. 70.87 crores. The company’s stock closed at Rs. 1016.0.

Sarvottam Paints Industries Limited (SAPIL) and Mount Everest Power Development Limited (MEPDL) hit the upper circuit with a 15.00% gain.

Meanwhile,Super Khudi Hydropower Limited (SKHL) recorded the Highest fall, falling by 12.83%. The last traded price of the company was Rs. 870.00.

Among sectors, the Others Index recorded the highest gain, gaining by 0.44%, while the Trading Index recorded the highest loss, down 2.57%."
20260816SS004,Sharesansar,"Dhanusha Distillery to Offer Shares to Public, Appoints Muktinath Capital",https://www.sharesansar.com/newsdetail/dhanusha-distillery-to-offer-shares-to-public-appoints-muktinath-capital-2026-08-14,"Friday, August 14, 2026",2026-08-16 04:50:19,"Dhanusha Distillery Limited has decided to offer 20 percent of its total issued share capital to the general public. To carry out the share issuance process, the company has appointed Muktinath Capital Limited as its issue manager. An agreement was signed at the office of Muktinath Capital by Dhanusha Distillery Chairman Kishan Kumar Dhanawat and Muktinath Capital Chief Executive Officer Kabindra Dhoj Joshi.

Established in 1998, Dhanusha Distillery operates with an annual production capacity of 9.18 million liters. The company currently produces and distributes popular alcoholic beverage brands, including Mustang Gold Whisky and Mustang Vodka. Looking ahead, the company plans to introduce new products, diversify its portfolio while maintaining product quality, and expand its reach into both domestic and international markets."
20260816SS005,Sharesansar,Palpa Cement’s Net Profit Plunges 59% to Rs. 4 Crore in Q4 FY 2082/83 Despite 15.90% Revenue Growth,https://www.sharesansar.com/newsdetail/palpa-cements-net-profit-plunges-59-to-rs-4-crore-in-q4-fy-208283-despite-1590-revenue-growth-2026-08-14,"Friday, August 14, 2026",2026-08-16 04:50:20,"Palpa Cement Industries Limited has reported a 59% decline in net profit in the fourth quarter of fiscal year 2082/83, earning Rs. 4.00 Crore compared to Rs. 9.75 Crore in the corresponding quarter of the previous fiscal year.

Despite the decline in profitability, the company’s revenue from operations increased 15.90% to Rs. 4.77 Arba from Rs. 4.11 Arba a year earlier. Other income also more than doubled, rising 100.27% to Rs. 1.81 Crore from Rs. 90.54 Lakh.

Palpa Cement Industries’ equity share capital increased by 25% to Rs. 3.75 Arba from Rs. 3.00 Arba. Other equity also increased marginally by 1.96% to Rs. 1.09 Arba.

The company’s administration expenses remained largely stable, declining marginally by 0.15% to Rs. 11.42 Crore from Rs. 11.44 Crore.

Investment increased 4.23% to Rs. 49.25 Crore from Rs. 47.25 Crore. Meanwhile, property, plant and equipment declined 1.97% to Rs. 75.92 Crore from Rs. 77.44 Crore.

Trade receivables also declined 2.71% to Rs. 49.90 Crore from Rs. 51.29 Crore in the corresponding quarter of the previous fiscal year.

The decline in net profit was reflected in the company’s earnings per share (EPS), which fell 67.20% to Rs. 1.07 from Rs. 3.25.

Palpa Cement’s net worth per share stood at Rs. 129.15, down 4.85% from Rs. 135.74 a year earlier.

At the end of the review quarter, the company’s shares were priced at Rs. 595, with a price-to-earnings (P/E) ratio of 557.91 times.

Report:

Major Financial Highlights:"
20260816SS006,Sharesansar,SY Panel Nepal’s Net Profit Rises 1.08% to Rs. 6.75 Crore; Investment Surges 917.65%,https://www.sharesansar.com/newsdetail/sy-panel-nepals-net-profit-rises-108-to-rs-675-crore-investment-surges-91765-2026-08-14,"Friday, August 14, 2026",2026-08-16 04:50:20,"SY Panel Nepal Limited has reported a 1.08% increase in net profit in the fourth quarter of fiscal year 2082/83, earning Rs. 6.75 Crore compared to Rs. 6.68 Crore in the corresponding quarter of the previous fiscal year.

The company’s revenue from operations increased 7.50% to Rs. 81.28 Crore from Rs. 75.61 Crore a year earlier. Other income also surged 159.90% to Rs. 19.40 Lakh from Rs. 7.47 Lakh during the review period.

SY Panel Nepal’s ordinary share capital increased by 66.67% to Rs. 130.81 Crore from Rs. 78.49 Crore. Reserve and surplus also grew 30.34% to Rs. 15.41 Crore from Rs. 11.83 Crore.

The company’s administration expenses increased 23.33% to Rs. 5.35 Crore from Rs. 4.34 Crore in the corresponding quarter of the previous fiscal year.

Investment increased sharply by 917.65% to Rs. 43.25 Crore from Rs. 4.25 Crore. Meanwhile, property, plant and equipment declined 3.40% to Rs. 56.28 Crore from Rs. 58.26 Crore.

Trade receivables declined 32.27% to Rs. 16.10 Crore from Rs. 23.77 Crore a year earlier.

Despite the modest growth in net profit, the company’s earnings per share (EPS) declined significantly by 39.35% to Rs. 5.16 from Rs. 8.51, mainly reflecting the substantial increase in its share capital.

SY Panel Nepal’s net worth per share stood at Rs. 111.78, down 2.85% from Rs. 115.07 in the previous year.

At the end of the review quarter, the company’s shares were priced at Rs. 1,255, with a price-to-earnings (P/E) ratio of 243.16 times.

Report:

Major Financial Highlights:"
20260816SS007,Sharesansar,Muktinath Bikas Bank Partners with Lemon Tree Premier and Tesla Diagnostic to Offer Customer Discounts,https://www.sharesansar.com/newsdetail/muktinath-bikas-bank-partners-with-lemon-tree-premier-and-tesla-diagnostic-to-offer-customer-discounts-2026-08-14,"Friday, August 14, 2026",2026-08-16 04:50:21,"Muktinath Bikas Bank Limited has signed business agreements with Lemon Tree Premier Budhanilkantha Hotel and Tesla Diagnostic to provide exclusive discounts to its customers on hospitality and healthcare services.

Under the agreement, bank customers can receive up to a 15% discount on accommodation and food, as well as up to a 20% discount on spa services at Lemon Tree Premier located in Budhanilkantha. Additionally, customers visiting Tesla Diagnostic in Baluwatar will receive discounts ranging from 5% to 10% on various health services, including pathology tests, MRI scans, X-rays, Dental OPG, and medicines.

To claim these benefits, customers must present a valid Muktinath Bikas Bank debit card or privilege card at the time of service, or make their payment through the bank's mobile banking platform.

Alongside the discount scheme, Chief Information Officer Til Bahadur Gurung shared that the bank remains committed to providing accessible and competitive financial services tailored to market demand. As part of this commitment, the bank has also launched a special auto loan offer priced directly at its base rate with zero additional markup."
20260816SS008,Sharesansar,Khaga Raj Bhatta appointed Sudurpaschim Province CM,https://www.sharesansar.com/newsdetail/khaga-raj-bhatta-appointed-sudurpaschim-province-cm-2026-08-14,"Friday, August 14, 2026",2026-08-16 04:50:21,"Nepali Communist Party (NCP)'s Sudurpaschim Province Assembly parliamentary party leader, Khaga Raj Bhatta, has been appointed the Chief Minister of Sudurpaschim Province. Sudurpaschim Province Chief Najir Miya appointed Bhatta to the post in accordance with Article 168 (2) of the Constitution.

Bhatta has become the fifth Chief Minister of Sudurpaschim Province. With the change in power sharing equation, Chief Minister Kamal Bahadur Shah had to resign from the post. The Sudurpaschim PA now has 52 members, including 22 from the Nepali Communist Party, 11 from the CPN (UML), 18 from the Nepali Congress and one from Rastriya Prajatantra Party."
20260816SS009,Sharesansar,NEPSE Launches After Market Orders on TMS,https://www.sharesansar.com/newsdetail/nepse-launches-after-market-orders-on-tms-2026-08-14,"Friday, August 14, 2026",2026-08-16 04:50:22,"Nepali stock investors no longer need to freeze their busy workdays between 11 AM and 3 PM to trade shares. The Nepal Stock Exchange (NEPSE) has introduced the After Market Order (AMO) feature on its online Trade Management System (TMS), allowing investors to set up their buy and sell requests anytime outside standard trading hours.

This new feature gives users the freedom to set a specific price limit within 15% above or below the previous day’s final closing price. When the market prepares to open the next morning, any order that falls within 3% of the early opening price gets automatically forwarded into the active trading system.

To protect investors and ensure fair trading, the system automatically runs balance and stock checks before forwarding any order. It verifies that buyers have sufficient cash deposited in their trading account and ensures sellers actually hold the requested shares in their digital share account (Demat). Every off hour request remains valid for a single trading day; if the market closes without executing the trade, the order is automatically cancelled.

This rollout is a major relief for full time employees, business owners, and non resident Nepalis working across different time zones who usually miss out on daytime trading. However, traders should note that modifying or cancelling an order once submitted through this off hour system can still be a bit tricky, so double a checking your entry prices before hitting submit is key.

Learn More"
20260816SS010,Sharesansar,Nepal Rastra Bank to Raise Rs. 20 Billion Through 35-Day Deposit Collection Instrument,https://www.sharesansar.com/newsdetail/nepal-rastra-bank-to-raise-rs-20-billion-through-35-day-deposit-collection-instrument-2026-08-14,"Friday, August 14, 2026",2026-08-16 04:50:22,"Nepal Rastra Bank (NRB) is set to raise Rs. 20 billion through a one-month deposit collection instrument via a competitive bidding process. The central bank’s Monetary Management Department will conduct the auction for the deposit collection instrument with a maturity period of 35 days.

According to a notice issued by NRB, banks and financial institutions willing to participate in the auction must submit their bids exclusively through the Online Bidding System (OBSS) by 3:00 PM today.

The deposit will be collected at the interest rate determined through the bidding process. Both the principal and interest will be repaid on Ashwin 2.

Participating institutions can submit bids starting from a minimum of Rs. 100 million, with subsequent bid amounts required to be in multiples of Rs. 100 million, up to the total amount called for in the auction.

The Rs. 20 billion deposit collection amount will be allocated starting with the bids offering the lowest interest rate and proceeding upward until the total called amount is allocated.

If demand exceeds the available amount among bids offering the same interest rate, the allocation will be made on a pro-rata basis.

Only Class ‘A’, ‘B’ and ‘C’ banks and financial institutions licensed by Nepal Rastra Bank will be eligible to participate in the auction. Participating institutions must specify both the amount they wish to deposit and the interest rate they are willing to accept.

NRB stated that the amount corresponding to accepted bids will be debited from the respective counterparty’s account maintained at the central bank. The collected deposits will then be placed in a separate account.

Upon maturity of the deposit collection instrument, the collected amount along with the applicable interest will be credited to the respective participating institution’s account maintained at Nepal Rastra Bank.

However, the deposit amount collected through the instrument cannot be included in the investment portfolio of the respective bidder. It can, however, be counted toward the Statutory Liquidity Ratio (SLR) and liquidity ratio requirements as prescribed by Nepal Rastra Bank.

The participating institutions will not be permitted to withdraw or receive premature payment of the collected deposit before the specified maturity date."
20260817SS001,Sharesansar,Machhapuchchhre Capital Limited Proposes 7% Cash Dividend; AGM To Be Convened on Bhadra 24,https://www.sharesansar.com/newsdetail/machhapuchchhre-capital-limited-proposes-7-cash-dividend-agm-to-be-convened-on-bhadra-24-2026-08-17,"Monday, August 17, 2026",2026-08-17 04:58:07,"Machhapuchchhre Capital Limitedhas called its 7th AGM on 24th Bhadra, 2083. The meeting will be held at Baluwatar Palace Banquet, Gairidhara, Baluwatar, Kathmandu, starting at 12:30 PM that day.

The main agendas of the meeting include:1) Endorsement of financial reports for the fiscal year 2082/83.2) Endorse the auditor's report with PL statements, Balance Sheets, Financial reports, and cash flow reports.3) Endorsement of a 7% cash dividend worth Rs.2.00 Crores, including applicable taxes, which has been proposed by the board of directors.4) Endorse the appointment of the auditor for the fiscal year 2083/84.5) Miscellaneous.

The book closure date has not been announced yet.

AGM Notice:"
20260817SS002,Sharesansar,Reminder! Last Trading Day to Secure Dividend of MBL Equity Fund,https://www.sharesansar.com/newsdetail/reminder-last-trading-day-to-secure-dividend-of-mbl-equity-fund-2026-08-17,"Monday, August 17, 2026",2026-08-17 04:58:08,"Today is the last day to grab the dividend proposed byMBL Equity Fund.

The 99th meeting of the board of directors of Machhapuchchhre Bank Limited held on Shrawan 21 at 3:30 pm has decided to distribute an 8% cash dividend worth Rs. 9.73 crores (including tax) for MBL Equity Fund for the fiscal year 2082/83.

MBL Equity Fund is a closed-ended mutual fund with a 12-year maturity period. The fund is managed by Machhapuchchhre Capital Limited.

As of the month of Ashadh, the Net Asset Value (NAV) of MBLEF is reported at Rs. 10.85, with a closing price of Rs. 10.28.

The book closure date for dividend eligibility is 2nd Bhadra. Thus, the shareholders maintained before that day are entitled to receive the dividend."
20260817SS003,Sharesansar,Himalayan Distillery Limited (HDL): A Nine - Year Financial Performance Review (Q4 2074/75 - Q4 2082/83),https://www.sharesansar.com/newsdetail/himalayan-distillery-limited-hdl-a-nine-year-financial-performance-review-q4-207475-q4-208283-2026-08-16,"Sunday, August 16, 2026",2026-08-17 04:58:08,"Himalayan Distillery Limited (HDL) was established in 1985 AD. According to company, it has focused on research, development, manufacturing, and marketing of quality alcoholic beverages in a responsible and professional manner. The company stated that it emphasizes continuous improvement and professionalism in its operations. It further explained that the company was founded with the vision of establishing a distinctive distillery capable of offering a wide range of high-quality alcoholic products manufactured using advanced technology and processes.

The company was initially focused on selling high alcohol content whisky. However, it has now been aggressively expanding its product portfolio, ranging from highly processed premium whisky to low-alcohol beverages and soft drinks. In the coming years, the company’s brands could become more popular among consumers compared with the present context. Here, we examine the company’s performance over the past nine years based on the fourth quarter of each fiscal year, from Q4 2073/74 to Q4 2082/83).

Balance Sheet

Assets

1.Total Non - Current Assets

Total non-current assets remained relatively stable during the initial years, declining from Rs. 645.52 million in Q4 2074/75 to Rs. 586.77 million in Q4 2078/79. Thereafter, they increased significantly, reaching Rs. 955.27 million in Q4 2080/81 and Rs. 1.35 billion in Q4 2082/83. Overall, non-current assets increased by around 108.5%, mainly supported by growth in property, plant and equipment.

2.Total Current Assets

Current assets recorded strong growth, increasing from Rs. 545.22 million in Q4 2074/75 to Rs. 4.43 billion in Q4 2082/83. Despite some fluctuations, particularly the decline in Q4 2080/81, current assets expanded substantially and became the major contributor to the company's asset growth. Overall, current assets increased by approximately 712% during the period.

3.Total Assets

Total assets increased significantly from Rs. 1.19 billion in Q4 2074/75 to Rs. 5.77 billion in Q4 2082/83, representing growth of around 385%. The increase was primarily driven by the rapid expansion of current assets, along with a significant increase in non-current assets in the latest years.

Liabilities and Equity

1.Total Equity

Total equity showed strong growth, increasing from Rs. 794.65 million to Rs. 5.22 billion during the review period. Although equity declined marginally in Q4 2080/81, it recovered strongly thereafter. Overall, equity increased by approximately 556%, reflecting a substantial strengthening of the company's capital base.

2.Total Non - Current Liabilities

Non-current liabilities declined sharply from Rs. 226.22 million in Q4 2074/75 to Rs. 32.29 million in Q4 2075/76 and remained relatively low thereafter. They increased to Rs. 84.81 million in Q4 2082/83, but remained modest compared with the company's equity and total assets.

3.Total Current Liabilities

Current liabilities fluctuated during the period, rising from Rs. 169.88 million in Q4 2074/75 to Rs. 703.10 million in Q4 2076/77, before declining in subsequent years. They stood at Rs. 472.30 million in Q4 2082/83, remaining significantly lower than current assets.

4.Total Equity and Liabilities

Total equity and liabilities increased from Rs. 1.19 billion in Q4 2074/75 to Rs. 5.77 billion in Q4 2082/83, in line with total asset growth. In the latest year, equity accounted for around 90.3% of the total, indicating a strong equity-based capital structure and low dependence on external liabilities.

Profit and Loss

1.Revenue from Sale of Goods

Revenue from sale of goods showed a highly fluctuating but overall upward trend during the review period. Revenue increased from Rs. 2.42 billion in Q4 2074/75 to Rs. 8.11 billion in Q4 2082/83, representing growth of around 235%. It reached a peak of Rs. 7.58 billion in Q4 2078/79 before declining in subsequent years. After a sharp fall to Rs. 2.08 billion in Q4 2080/81, revenue recovered strongly to Rs. 7.20 billion and further to Rs. 8.11 billion in Q4 2082/83, the highest level in the review period.

2.Gross Profit

Gross profit increased from Rs. 998.20 million in Q4 2074/75 to Rs. 3.06 billion in Q4 2082/83. Although it fluctuated during the period, the company recorded strong improvement in the latest year. Gross profit reached Rs. 2.50 billion in Q4 2078/79, declined to Rs. 1.35 billion in Q4 2080/81 and then recovered to Rs. 3.06 billion in Q4 2082/83, indicating improved profitability from core sales.

Operating Expenses

Employee Benefit Expenses

Employee benefit expenses generally increased over the period, rising from Rs. 184.60 million in Q4 2075/76 to Rs. 479.13 million in Q4 2082/83. The expense reached Rs. 308.16 million in Q4 2081/82 before increasing substantially in the latest year. The rise reflects increasing employee-related costs as the company's operations expanded.

Administrative Expenses

Administrative expenses fluctuated throughout the period. They increased from Rs. 135.18 million in Q4 2074/75 to Rs. 171.07 million in Q4 2075/76, before declining to Rs. 79.37 million in Q4 2079/80. The expense increased again to Rs. 195.58 million in Q4 2082/83, indicating higher administrative costs in the latest year.

Selling and Distribution Expenses

Selling and distribution expenses of HDL remained a significant component of operating costs. They increased from Rs. 338.88 million in Q4 2074/75 to Rs. 707.05 million in Q4 2082/83. Although the expense fluctuated over the years, the sharp increase in the latest year was accompanied by strong revenue growth, suggesting higher selling and distribution activities.

Income Measures

Operating Profit

Operating profit increased from Rs. 552.00 million in Q4 2074/75 to Rs. 1.68 billion in Q4 2082/83. It reached a high of Rs. 1.47 billion in Q4 2078/79 before declining sharply to Rs. 530.38 million in Q4 2080/81. The subsequent recovery to Rs. 1.68 billion represents the strongest operating performance in the review period.

Profit Before Tax

Profit before tax increased from Rs. 440.10 million to Rs. 1.63 billion during the review period. Despite fluctuations, PBT recovered strongly after falling to Rs. 476.76 million in Q4 2080/81. The latest figure of Rs. 1.63 billion in Q4 2082/83 indicates a significant improvement in overall profitability.

Net Profit for the Period

Net profit of HDL increased substantially from Rs. 293.49 million in Q4 2074/75 to Rs. 1.21 billion in Q4 2082/83. It reached Rs. 1.06 billion in Q4 2078/79, declined to Rs. 353.05 million in Q4 2080/81 and then recovered strongly in the following two years. The latest net profit represents the highest level during the review period, reflecting strong recovery in both revenue and operating profitability.

Profit Margins

Gross Profit Margin

Gross profit margin fluctuated significantly during the review period. It increased from 41.17% in Q4 2074/75 to 50.62% in Q4 2076/77, before declining to 27.78% in Q4 2079/80. It then reached a sharp high of 64.87% in Q4 2080/81, followed by a decline to 30.12% and recovery to 37.70% in Q4 2082/83. The latest margin indicates an improvement in gross profitability compared with the previous year.

Net Profit Margin

Net profit margin improved from 12.10% in Q4 2074/75 to 19.92% in Q4 2076/77, before declining to 10.33% in Q4 2079/80. It recovered to 16.96% in Q4 2080/81 but again declined to 13.24% in Q4 2081/82. In Q4 2082/83, the margin improved to 14.86%, indicating a moderate recovery in the company's overall profitability.

Current Ratio

The current ratio remained above 1 time throughout the review period, indicating that current assets were sufficient to cover current liabilities. It increased significantly from 3.21 times in Q4 2074/75 to 10.88 times in Q4 2079/80. Although it gradually declined thereafter, it remained strong at 9.37 times in Q4 2082/83, reflecting a very strong short-term liquidity position.

Per Share Measures

1.Net worth per Share

Net worth per share fluctuated throughout the review period. It increased from Rs. 206.06 in Q4 2074/75 to Rs. 256.32 in Q4 2075/76, before declining to Rs. 125.10 in Q4 2080/81. It subsequently recovered to Rs. 141.43 in Q4 2082/83. The recent improvement indicates a gradual strengthening in net worth per share, although it remains below the earlier peak.

2.Earnings per Share

EPS showed considerable fluctuations during the period. It increased from Rs. 76.10 in Q4 2074/75 to a high of Rs. 139.26 in Q4 2075/76, before declining to Rs. 27.17 in Q4 2079/80 and further to Rs. 13.21 in Q4 2080/81. EPS then recovered to Rs. 31.02 in Q4 2081/82 and Rs. 32.71 in Q4 2082/83, indicating an improvement in earnings performance in the latest two years.

Return Efficiency

1.Return on Equity (ROE)

ROE remained relatively strong during the earlier years, reaching a high of 54.33% in Q4 2075/76. However, it declined significantly to 10.56% in Q4 2080/81 as equity expanded and profitability weakened. ROE subsequently improved to 22.83% in Q4 2081/82 and 23.13% in Q4 2082/83, indicating a recovery in the company's ability to generate returns from shareholders' equity.

2.Return on Assets (ROA)

ROA also fluctuated during the review period, increasing from 24.65% in Q4 2074/75 to 41.71% in Q4 2077/78. It then declined to 9.72% in Q4 2080/81 before recovering to 20.85% in Q4 2081/82 and 20.90% in Q4 2082/83. The recent improvement indicates better utilization of the company's expanding asset base to generate profits.

Dividend History

HDL has maintained a variable dividend policy during the review period. Total dividend increased from 68.42% in FY 2074/75 to a peak of 102.63% in FY 2075/76 and remained at 100% in both FY 2076/77 and FY 2077/78. Thereafter, total dividend declined to 70% in FY 2078/79 and further to 25% in FY 2079/80. It reached a low of 20% in FY 2080/81 before slightly recovering to 25% in FY 2081/82.

Data Source: The data used in this article has been obtained from SS Pro by ShareSansar."
20260817SS004,Sharesansar,Agri Care Nepal Appoints Nepal Life Capital as Corporate Advisor for Future IPO,https://www.sharesansar.com/newsdetail/agri-care-nepal-appoints-nepal-life-capital-as-corporate-advisor-for-future-ipo-2026-08-16,"Sunday, August 16, 2026",2026-08-17 04:58:08,"Agri Care Nepal Limited has appointed Nepal Life Capital Limited as its institutional consultant through a Corporate Advisory Services agreement to strengthen its capital structure, assess its financial and business position, and prepare for a potential IPO in the future. The agreement was signed in Bharatpur, Chitwan, by Agri Care Nepal Chairman Robin Adhikari and Nepal Life Capital CEO Manish Ghimire.

Established in 2004, Agri Care Nepal provides plant nutrition, fertilizers, crop protection, soil conditioners, organic pesticides, and bio-inputs, while promoting sustainable and science-based farming practices. Under the agreement, Nepal Life Capital will support the company with IPO consultation, capital restructuring, financial and legal assessment, determining the potential IPO size and capital structure, structural reforms, and regulatory coordination."
20260817SS005,Sharesansar,"Hetauda Campus Welcomes New Students, Highlights Vision for Quality Higher Education",https://www.sharesansar.com/newsdetail/hetauda-campus-welcomes-new-students-highlights-vision-for-quality-higher-education-2026-08-16,"Sunday, August 16, 2026",2026-08-17 04:58:09,"Hetauda Campus under Bagmati University organized a grand welcome and subject orientation program for newly enrolled first-semester students on Shrawan 28, 2083. The event was chaired by Campus Chief Dr. Dev Chandra Manandhar and attended by Bagmati University Vice-Chancellor Dr. Kusum Raj Subedi as the chief guest, along with Campus Management Committee Chair Ananda Ram Parajuli, faculty members, officials, journalists, and students.

Speakers highlighted Hetauda’s growing potential as an educational hub and emphasized that students should be able to access quality higher education locally rather than going elsewhere. The campus said it is committed to providing affordable, modern, and internationally competitive education while producing skilled and professional human resources. It currently offers semester-based programs including BIT, BHM, B.Ed., BBA, and BA.LL.B."
20260817SS006,Sharesansar,Hathway Investment Nepal Limited Announces Conclusion of Lock-in Period for Promoters and Employee Shares on Ashwin 02,https://www.sharesansar.com/newsdetail/hathway-investment-nepal-limited-announces-conclusion-of-lock-in-period-for-promoters-and-employee-shares-on-ashwin-02-2026-08-16,"Sunday, August 16, 2026",2026-08-17 04:58:09,"Hathway Investment Nepal Limited (HATHY)published a notice regarding the expiration of the lock-in period for its promoters' and employees' shares, which will expire on 2nd Ashwin, 2083.

According to the recent guidelines issued by the Securities Board of Nepal (SEBON), Hathway Investment Nepal Limited (HATHY) has officially notified its investors and stakeholders that the lock-in period for the shares held by its promoters and employees has concluded. On Ashwin 2nd , 2083, the lock-in period will end.

HATHY now has 31,711,680 units of shares listed on the Nepal Stock Exchange (NEPSE). Of these, the promoters held 27,747,720 units, and the company's employees held 58,500 units. These shares have been subject to a lock-in period since the IPO allotment three years ago.

As outlined in the official notice, the shares held by the Board of Directors and employees at higher management will not be tradable after the lock-in period.

HATHY closed at Rs. 437.20."
20260817SS007,Sharesansar,"Vianet Expands Presence in Imadol with New, Larger Customer Service Branch",https://www.sharesansar.com/newsdetail/vianet-expands-presence-in-imadol-with-new-larger-customer-service-branch-2026-08-16,"Sunday, August 16, 2026",2026-08-17 04:58:09,"Vianet Communication Ltd., one of Nepal’s leading internet and television service providers, has expanded its presence in Imadol, Lalitpur, by opening a larger and more well-equipped branch to better serve its growing customer base in the area.

The new branch will provide a wider range of services, including bill payments and customer support, as well as technical assistance, field support, and fiber maintenance services. With technical teams operating locally, customers in Imadol and surrounding areas will be able to access essential services more quickly and conveniently.

According to the company, the new branch is located at Rata Makai Chowk, Imadol, Lalitpur, and will officially begin operations from Bhadra 1, 2083.

Speaking about the expansion, Shahin Shrestha, Assistant Vice President of Vianet’s Commercial and Marketing Department, said the company has been serving customers in Imadol for years and that the new branch would further strengthen its local service delivery.

He said the deployment of dedicated technical teams for field support and fiber maintenance from the new branch would enable customers to receive faster, more efficient, and convenient services. He added that the expansion reflects Vianet’s continued commitment to customers in the Imadol area.

As high-speed internet has become an essential part of modern life, reliable connectivity is increasingly important for education, online learning, remote work, business activities, digital payments, and entertainment. Vianet said it remains focused on providing uninterrupted, high-speed internet and quality services to meet these growing needs.

Through the new branch, customers in Imadol and nearby areas will be able to access services including new internet and ViaTV connections, bill payments, technical assistance, and customer support more easily.

Vianet said the establishment of the larger branch will strengthen the accessibility of its customer services at the local level while further deepening its relationship with customers in Imadol and surrounding areas."
20260817SS008,Sharesansar,Tata Punch.ev Launched Across Nepal at Special Expo Price of Rs. 32.99 Lakh,https://www.sharesansar.com/newsdetail/tata-punchev-launched-across-nepal-at-special-expo-price-of-rs-3299-lakh-2026-08-16,"Sunday, August 16, 2026",2026-08-17 04:58:10,"Tata Motors’ much-awaited Punch.ev has been officially launched across Nepal alongside its unveiling at the NAIMA Nepal Mobility Expo 2026 in Kathmandu. Distributed by Sipradi Trading, the electric compact SUV has been introduced simultaneously through authorized showrooms across major cities.

The company said strong customer interest and bookings have already been recorded, with deliveries of booked vehicles expected within a few days. The Punch.ev is priced at Rs. 33.99 lakh, while customers booking during the expo can purchase it at a special introductory price of Rs. 32.99 lakh. Expo customers will also receive an extended warranty of up to 11 years or 220,000 km."
20260817SS009,Sharesansar,Nepal Auto Mechanics Delegation Visits China’s SRM Factory for EV Technology Exposure,https://www.sharesansar.com/newsdetail/nepal-auto-mechanics-delegation-visits-chinas-srm-factory-for-ev-technology-exposure-2026-08-16,"Sunday, August 16, 2026",2026-08-17 04:58:10,"A 30-member delegation from the Nepal Auto Mechanics Federation visited Shineray Motors (SRM)’s manufacturing facility in Chongqing, China, on August 11–12 to gain practical exposure to EV manufacturing, assembly, quality control, testing, and servicing technologies.

Supported by VG Motors, the authorized distributor of SRM and Joylong electric vehicles in Nepal, and SRM, the visit complemented earlier EV technical training provided to Nepali technicians.

Participants interacted with SRM experts and learned about the engineering and production processes behind electric vehicles. VG Motors is also preparing a second phase of EV training focused on servicing tools and practical maintenance.

The initiatives aim to strengthen Nepal’s technical workforce, improve EV after-sales support, and prepare mechanics for the country’s rapidly growing shift toward electric mobility."
20260817SS010,Sharesansar,#SafaGarau Concludes Shrawan Campaign at Pashupatinath with 500+ Volunteers,https://www.sharesansar.com/newsdetail/safagarau-concludes-shrawan-campaign-at-pashupatinath-with-500-volunteers-2026-08-16,"Sunday, August 16, 2026",2026-08-17 04:58:10,"The month-long #SafaGarau initiative concluded its Shrawan activities at Pashupatinath Temple, bringing together more than 500 volunteers, students, sanitation workers, and partner organizations to promote waste management during the busy pilgrimage season.

Led by CREASION Nepal with support from The Coca-Cola Foundation and partnership with the Pashupati Area Development Trust (PADT), volunteers worked alongside sanitation workers every Monday to collect and segregate waste, raise awareness, and maintain cleanliness at the heritage site.

The initiative also inaugurated benches made from recycled PET plastic and recognized the contributions of volunteers and sanitation workers. CREASION Nepal said the campaign would be expanded nationwide, while #SafaGarau activities will continue until Hartalika Teej on September 14, 2026, promoting responsible waste management and sustainable heritage conservation."
20260818SS001,Sharesansar,HIDCL Profitable by Rs. 67.93 Crore in Q4; Equity Investment Rises to Rs. 4.46 Arba,https://www.sharesansar.com/newsdetail/hidcl-profitable-by-rs-6793-crore-in-q4-equity-investment-rises-to-rs-446-arba-2026-08-18,"Tuesday, August 18, 2026",2026-08-18 04:52:18,"Hydroelectricity Investment and Development Company Limited (HIDCL)has published its unaudited fourth-quarter financial report for fiscal year 2082/83, reporting a 27.29% decline in net profit. The company posted a net profit of Rs. 67.93 Crore, down from Rs. 93.43 Crore in the corresponding quarter of the previous fiscal year.

As of Q4, HIDCL’s paid-up capital stands at Rs. 24.93 Arba, up 1.50% from Rs. 24.56 Arba a year earlier. However, its reserves declined by 9.13% to Rs. 3.15 Arba, compared to Rs. 3.47 Arba in the previous year.

HIDCL’s investment portfolio continued to expand during the period. Its investment in equity increased by 5.46% to Rs. 4.46 Arba, while loans extended to power projects rose by 14.94% to Rs. 8.45 Arba, compared to Rs. 7.35 Arba in the corresponding period last year.

The company held deposits of Rs. 13.76 Arba with various banks at the end of the fourth quarter, down 7.28% from Rs. 14.84 Arba recorded a year earlier. Revenue from contracts with customers increased by 11.05% to Rs. 2.67 Crore.

Meanwhile, finance income declined by 28.96% to Rs. 99.10 Crore from Rs. 139.50 Crore in the previous year. Administration expenses increased by 37.33% to Rs. 2.99 Crore, compared to Rs. 2.18 Crore in Q4 FY 2081/82.

The company’s annualized Earnings Per Share (EPS) stands at Rs. 2.73, down from Rs. 3.80 in the previous year. HIDCL reported a net worth per share of Rs. 112.65, compared to Rs. 114.13 a year earlier.

At the quarter-end, the company’s Price-to-Earnings (P/E) ratio stands at 284.70 times, while its current ratio is reported at 30.74 times.

Notice:"
20260818SS002,Sharesansar,Shangrila Development Bank Proposes 10.5263% Dividend for FY 2081/82; How much in Bonus shares and Cash?,https://www.sharesansar.com/newsdetail/shangrila-development-bank-proposes-105263-dividend-for-fy-208182-how-much-in-bonus-shares-and-cash-2026-08-18,"Tuesday, August 18, 2026",2026-08-18 04:52:19,"Shangrila Development Bank Limited (SADBL)has proposed a 10.5263% dividend worth Rs. 39.30 crores for the fiscal year 2081/82.

The 397th meeting of the board of directors held on Bhadra 01 has decided to distribute 4% bonus shares and 6.5263% cash dividend (for tax purposes) from the paid-up capital. Since the paid-up capital of the company is Rs. 3.73 arba, the bonus shares are worth Rs. 14.93 crore, and the cash dividend is worth Rs. 24.36 crores.

Note that this dividend will be distributed only after approval from Nepal Rastra Bank and endorsement by the company's upcoming AGM.

As of the time of writing, the company's LTP stands at Rs. 410.90."
20260818SS003,Sharesansar,"Cherry Wanda Draws Strong Customer Interest, Secures Hundreds of Bookings at NAIMA Nepal Mobility Expo 2026",https://www.sharesansar.com/newsdetail/cherry-wanda-draws-strong-customer-interest-secures-hundreds-of-bookings-at-naima-nepal-mobility-expo-2026-2026-08-17,"Monday, August 17, 2026",2026-08-18 04:52:19,"Cherry Wanda’s electric commercial vehicles received strong customer interest at the NAIMA Nepal Mobility Expo 2026 in Kathmandu, with the company reporting hundreds of bookings. Its 11- and 12-seater models attracted particular attention from Montessori school operators, while hotel and travel businesses showed strong interest in the 16-seater model.

The company also offered collateral-free hire purchase facilities, making commercial EV purchases more accessible. Authorized distributor Jagdamba Motors said it remains committed to providing reliable, customer-focused electric commercial vehicles tailored to market needs."
20260818SS004,Sharesansar,Everest Bank Opens New Extension Counter at Lumbini Medical College in Palpa,https://www.sharesansar.com/newsdetail/everest-bank-opens-new-extension-counter-at-lumbini-medical-college-in-palpa-2026-08-17,"Monday, August 17, 2026",2026-08-18 04:52:19,"Everest Bank Limited has expanded its banking network by launching a new extension counter at Lumbini Medical College and Teaching Hospital Limited in Tansen-7, Palpa, Lumbini Province, effective from Bhadra 1, 2083.

With the new counter, the bank’s total number of extension counters has reached five. The bank expects the new facility to provide residents of Palpa with modern, convenient, and accessible banking services."
20260818SS005,Sharesansar,Rs 350 Purchase Wins Rs 10 Lakh Bumper Prize in Government Tax Incentive Prize Program,https://www.sharesansar.com/newsdetail/rs-350-purchase-wins-rs-10-lakh-bumper-prize-in-government-tax-incentive-prize-program-2026-08-17,"Monday, August 17, 2026",2026-08-18 04:52:19,"The Inland Revenue Department (IRD) announced the second bi-weekly winners of the Taxpayer Incentive Prize Program. Finance Minister Dr. Swarnim Wagle and Finance Secretary Dr. Ghanashyam Upadhyay declared the prize winners during a formal program organized at the Ministry of Finance.

A customer who purchased goods worth Rs 350 from Ganesh Electronics and Mobile Center won the grand bumper prize of Rs 10 lakh. This prize was selected from among consumers involved in compliant billing transactions conducted between Shrawan 16 and 31 (August 1 to 16).

The tax department reported a massive surge in consumer participation during the first month of the scheme. A total of 357,149 cash transaction bills were submitted for the prize draw during the two week period from Shrawan 16 to 31 alone. In contrast, only 7,077 bill submissions were registered by consumers during the first 15 days of Shrawan."
20260818SS006,Sharesansar,Sun Nepal Life Insurance Honors Top Agents and Managers from Gandaki and Narayani Regions,https://www.sharesansar.com/newsdetail/sun-nepal-life-insurance-honors-top-agents-and-managers-from-gandaki-and-narayani-regions-2026-08-17,"Monday, August 17, 2026",2026-08-18 04:52:20,"Sun Nepal Life Insurance Company Limited recently hosted a felicitation ceremony at Hotel Niwas in Pokhara to honor top performing Agency Development Managers (ADMs) and qualifying agents of the ""Sun Emerging Club"" from the Gandaki and Narayani regions.

The event featured Chief Executive Officer Raj Kumar Aryal as the chief guest and Chief Marketing Officer Ganesh Chaulagain as the special guest. Ishwor Bikal Sapkota, Head of the Gandaki and Narayani Regions, highlighted the event's importance, noting that such recognition boosts the professional growth, skills, and motivation of insurance representatives.

Addressing the gathering, CEO Raj Kumar Aryal emphasized that insurance agents form the backbone of the company's business growth. He committed to continuing similar initiatives to encourage and support agents' career development. Meanwhile, Chief Marketing Officer Ganesh Chaulagain shared details on agent benefits, managerial roles, and key updates from the upcoming Sales Policy for 2083/84 (2026/27), encouraging attendees to actively drive business growth using the new framework.

Sun Nepal Life Insurance currently serves customers across the country through a network of around 150 branches and service outlets, focusing heavily on agency network development and professional recognition."
20260818SS007,Sharesansar,NEPSE Slips 2 .01 Points as Trading Sector Drags Market Down; RSML Leads Turnover at Rs 1.38 Arba,https://www.sharesansar.com/newsdetail/nepse-slips-2-01-points-as-trading-sector-drags-market-down-rsml-leads-turnover-at-rs-138-arba-2026-08-17,"Monday, August 17, 2026",2026-08-18 04:52:20,"The Nepal Stock Exchange (NEPSE) recorded a single digit fall today, falling by 2.01 points (0.27%) to close at 2,641.82. This follows a loss of 7.37 points in the previous trading session.

The benchmark index opened at 2,641.84 and fluctuated between an intraday high of 2,648.57 and a low of 2,633.37 before settling at the close. Total turnover for the day amounted to Rs. 5.25 Arba, with 11,932,035 shares traded across 350 companies through 56,818 transactions. The total market capitalization stood at Rs. 45.44 Kharba, with a float market capitalization of Rs. 15.32 Kharba.

Reliance Spinning Mills Limited (RSML) topped the turnover chart, recording transactions worth Rs. 1.38 arba. The company’s stock closed at Rs. 2,841.60.

Sarvottam Paints Industries Limited (SAPIL) and Mount Everest Power Development Limited (MEPDL) hit the upper circuit with a 15.00% gain.

Meanwhile, First Micro Finance Laghubitta Bittiya Sanstha Limited (FMDBL) recorded the Highest fall, falling by 6.63%. The last traded price of the company was Rs. 775.00.

Among sectors, the Others Index recorded the highest gain, gaining by 0.44%, while the Trading Index recorded the highest loss, down 2.57%.

Top Buyer Broker's Top 10 Bought Companies

Top Seller Broker's Top 10 Sold Companies"
20260818SS008,Sharesansar,Bagmati Province Chief Minister Indra Bahadur Baniya Resigns,https://www.sharesansar.com/newsdetail/bagmati-province-chief-minister-indra-bahadur-baniya-resigns-2026-08-17,"Monday, August 17, 2026",2026-08-18 04:52:20,"Indra Bahadur Baniya, the Chief Minister of Bagmati Province, announced his resignation from the position.

Addressing the beginning of today's meeting at the Bagmati Provincial Assembly, Baniya shared that he stepped down to pave the way for the formation of a new government in light of recent political developments.

He stated that he would formally submit his resignation letter to the Provincial Head shortly. During his address, Baniya highlighted key achievements from his term in office, including reducing the province’s running costs by capping the number of ministries at eight. He also highlighted public welfare initiatives such as constructing housing for poor families, rebuilding damaged infrastructure, and making the transport sector digital and modern."
20260818SS009,Sharesansar,"Government, Foreign Employment Agencies Agree to Address 15 Demands Within 45 Days",https://www.sharesansar.com/newsdetail/government-foreign-employment-agencies-agree-to-address-15-demands-within-45-days-2026-08-17,"Monday, August 17, 2026",2026-08-18 04:52:21,"The dispute between foreign employment agencies and the Ministry of Labour, Employment and Social Security has been resolved following an agreement to address the agencies’ 15-point demands within 45 days.

Following the agreement, foreign employment businesses have suspended all protest programs and decided to resume their regular operations from tomorrow.

According to Hari Dangi, General Secretary of the Nepal Association of Foreign Employment Agencies, agencies will reopen their offices and resume services after reaching an understanding with the ministry.

The agencies had previously announced the closure of their offices and suspension of worker recruitment and deployment, citing the government’s failure to address their demands.

Key Demands to Be AddressedThe agencies had been demanding reforms in areas including the determination of service charges and withdrawal of actions taken against recruitment agencies by the Department of Foreign Employment.

Under the agreement, the ministry and the association have agreed to address policy-related demands through amendments to the Foreign Employment Act and related regulations.

The association had been conducting protests and awareness programs since August 7 (Shrawan 22), putting forward a 15-point set of demands.

The agreement is expected to bring an end to the ongoing disruption in foreign employment services and allow recruitment agencies to resume the regular processing and deployment of Nepali workers for overseas employment."
20260818SS010,Sharesansar,"NAIMA Nepal Mobility Expo 2026 Concludes with Over 180,000 Visitors and 53 New Product Launches",https://www.sharesansar.com/newsdetail/naima-nepal-mobility-expo-2026-concludes-with-over-180000-visitors-and-53-new-product-launches-2026-08-17,"Monday, August 17, 2026",2026-08-18 04:52:21,"The NAIMA Nepal Mobility Expo 2026 concluded successfully on Sunday, August 16, attracting more than 180,000 visitors over its six-day run at Bhrikutimandap, Kathmandu. Organized by the Nepal Automobile Importers and Manufacturers Association (NAIMA), the second edition of the mobility expo drew significantly more visitors than the organizer’s initial target of 150,000.

The expo officially opened on August 11 amid a grand ceremony and witnessed a steady rise in public interest throughout its six-day schedule. According to NAIMA, more than 29,000 visitors attended on the opening day, followed by 26,000 on the second day, 22,000 on the third, 31,000 on the fourth, and more than 42,000 on Saturday, the fifth day. On the closing day alone, more than 30,000 visitors visited the expo.

NAIMA President Ritu Singh Vaidya said the participation of more than 55 brands, over 180,000 visitors, and the launch of 53 new products were among the expo’s major achievements. She described the event as a collective success for Nepal’s entire mobility industry rather than the achievement of any individual or organization.

“This expo is not the success of any one person or institution; it is the collective success of Nepal’s entire mobility industry,” Vaidya said, thanking all participating companies and stakeholders. She said the expo was designed not only to showcase new vehicles and technologies but also to promote knowledge, learning and interaction within the mobility sector.

“This is not the end, but the beginning,” Vaidya said, adding that NAIMA aims to make future editions bigger, better and stronger. Organizers said customer inquiries and vehicle bookings during the expo also exceeded expectations, reflecting strong consumer interest in Nepal’s automobile and mobility market.

Auto Show Planning Committee Chair Gaurav Sharda said the number of visitors was higher than anticipated and that inquiries and bookings also surpassed initial expectations. NAIMA Board Member Cabinet Shrestha described the large turnout as a positive development for Nepal’s automobile industry.

“NAIMA Expo has been successful in every respect. This is encouraging for the entire automobile industry,” he said. Similarly, NAIMA Strategy and Membership Affairs Committee Chair Aakash Golchha described the expo as a “superhit.” The expo went beyond vehicle displays, featuring a series of discussions, dialogues and interactive sessions focused on emerging issues in Nepal’s mobility sector.

The NAIMA Mobility Dialogue was held on the closing day, featuring House of Representatives member Vidushi Rana, NAIMA Board Member and Padma Jyoti Group Chairperson Saurabh Jyoti, Padma Kanya Campus Assistant Professor Bhagwati Sedain and Thapathali Engineering Campus Assistant Professor Lochan Kendra Devkota.

Other discussions during the expo covered topics including artificial intelligence and automotive technology, battery recycling, ethanol blending, vehicle financing and insurance, the present and future of mobility, investment and foreign direct investment, among others.

According to NAIMA, the second edition of the expo focused on promoting a sustainable, green, and technology-friendly transportation system in Nepal. The event brought together domestic and multinational vehicle manufacturers and importers, as well as banks, insurance companies, technology and charging companies, educational institutions, ride-sharing platforms, and organizations working in health and safety, which also participated and supported the expo.

NAIMA Executive Director Raj Kumar Dulal said the organizers emphasized learning, collaboration, and demand-driven management alongside the large-scale vehicle exhibition. He said visitor satisfaction was the key indicator of the expo’s success. The turnout of more than 180,000 visitors and the strong interest in newly launched products have demonstrated continued consumer enthusiasm for Nepal’s automobile and mobility sector.

With more than 55 brands participating and 53 new products unveiled, the NAIMA Nepal Mobility Expo 2026 has emerged as a major platform for introducing new vehicles, technologies, and mobility solutions, while creating opportunities for consumers, businesses, and industry stakeholders to engage directly."
20260819SS001,Sharesansar,Muktinath Bikas Bank Customers to Get Up to 20% Discount at Bar Peepal Resort,https://www.sharesansar.com/newsdetail/muktinath-bikas-bank-customers-to-get-up-to-20-discount-at-bar-peepal-resort-2026-08-19,"Wednesday, August 19, 2026",2026-08-19 04:51:49,"Muktinath Bikas Bank has partnered with Bar Peepal Resort Pokhara to provide special discounts to its customers.

Customers can receive 10% to 20% discounts on food, accommodation, and other services by using the bank’s valid debit/privilege card or paying through mobile banking.

Groups of more than six people will also receive complimentary accommodation and breakfast, lunch, and dinner for one person. The bank has also introduced an Auto Loan at 0% premium over the base rate."
20260819SS002,Sharesansar,NIC Asia Bank’s “NIC Asia Debenture 2083/84” to Mature on Bhadra 10,https://www.sharesansar.com/newsdetail/nic-asia-banks-nic-asia-debenture-208384-to-mature-on-bhadra-10-2026-08-19,"Wednesday, August 19, 2026",2026-08-19 04:51:50,"NIC Asia Bank Limited has announced that its debenture issue titled“NIC Asia Debenture 2083/84”is set to mature after Bhadra 10, 2083.

The bank had issued 1,943,698 units of debentures with a face value of Rs. 1,000 per unit, carrying a fixed interest rate of 10.25 percent and a maturity period of seven years.

The debentures were subsequently listed on the Nepal Stock Exchange Limited (NEPSE) following a listing agreement signed between NEPSE and the bank on Mangsir 18, 2076.

As the debentures will mature after Bhadra 10, 2083, the bank has requested the concerned authorities to initiate necessary procedures in accordance with the listing agreement and regulatory provisions."
20260819SS003,Sharesansar,"Mahalaxmi Bikas Bank Customers to Get Up to 20% Discount on Health, Hospitality Services",https://www.sharesansar.com/newsdetail/mahalaxmi-bikas-bank-customers-to-get-up-to-20-discount-on-health-hospitality-services-2026-08-19,"Wednesday, August 19, 2026",2026-08-19 04:51:50,"Mahalaxmi Bikas Bank has partnered with several organizations in the healthcare, hospitality, food and beverage, and retail sectors to provide special discounts to customers using its debit cards, credit cards, and mobile banking services.

Discounts of up to 20% are available on selected health and laboratory services, while hospitality, dining, and retail services offer discounts of up to 15%.

The bank said the partnerships aim to provide direct benefits to customers. It has also recently launched a digital hub with a coffee lounge in Gyaneshwor, Kathmandu."
20260819SS004,Sharesansar,"Reminder! Last Trading Day to Secure Dividend of Kumari Equity Fund, Kumari Dhanabriddhi Yojana, and Kumari Sabal Yojana",https://www.sharesansar.com/newsdetail/reminder-last-trading-day-to-secure-dividend-of-kumari-equity-fund-kumari-dhanabriddhi-yojana-and-kumari-sabal-yojana-2026-08-19,"Wednesday, August 19, 2026",2026-08-19 04:51:50,"Today is the last day to grab the dividend proposed by""Kumari Equity Fund (KEF)"", ""Kumari Dhanabriddhi Yojana (KDBY) and ""Kumari Sabal Yojana (KSY)"".

The 85th meeting of the board of directors of Kumari Capital Limited (KCL) held on Shrawan 21 has decided to distribute a 10% dividend (including tax) worth Rs. 10 Crore to Kumari Equity Fund (KEF), 10% dividend (including tax) worth Rs. 12.25 Crore to Kumari Dhanabriddhi Yojana (KDBY) and a 2.90% cash dividend (including tax) worth 2.15 Crores to the unitholders of Kumari Sabal Yojana (KSY) for the fiscal year 2081/82.

""Kumari Equity Fund (KEF)"", ""Kumari Dhanabriddhi Yojana (KDBY) and ""Kumari Sabal Yojana (KSY)"" are closed-end mutual funds with a 10-year maturity period. These funds are sponsored by Kumari Bank Limited and managed by Kumari Capital Limited.

For the month of Ashadh, KEF's Net Asset Value (NAV) is reported at Rs. 11.44. Similarly, the NAV of KDBY stands at Rs. 12.26, and the NAV of KSY is 10.29.

The book closure date is Bhadra 04. Thus, unit holders who maintained their holdings until the 3rd Bhadra are entitled to the dividend payout."
20260819SS005,Sharesansar,Mid Solu Hydropower Announces Conclusion of Lock-in Period for Promoters Local Residents of the Project Affected Area And Employees Shares on Ashwin 10,https://www.sharesansar.com/newsdetail/mid-solu-hydropower-announces-conclusion-of-lock-in-period-for-promoters-local-residents-of-the-project-affected-area-and-employees-shares-on-ashwin-10-2026-08-18,"Tuesday, August 18, 2026",2026-08-19 04:51:51,"Mid Solu Hydropower Company Limited (MSHL)published a notice regarding the expiration of the lock-in period of its promoters, residents of the project-affected area, and employees' shares, which will expire on 10th Ashwin, 2083.

According to the recent guidelines issued by the Securities Board of Nepal (SEBON), Mid Solu Hydropower Company Limited (MSHL) has officially notified its investors and stakeholders of the conclusion of the lock-in period for the shares held by its promoters and employee shares. In the next month of the 10th Ashwin, 2083, the lock-in period will end.

MSHL now has 8,606,600 units of shares listed on the Nepal Stock Exchange (NEPSE). Within the total of 8,606,600 units of shares, the promoters held 68,85,280 units, the residents of the project-affected area held 8,60,660 units, and the employees held 17,213 units of shares, all subject to a lock-in period since the IPO allotment two years ago.

As outlined in the official notice, the shares held by the Board of Directors and employees at higher management won't be tradable after the lock-in period.

MSHL closed at Rs. 586.00."
20260819SS006,Sharesansar,NADA Auto Show 2026 to Feature 200+ Stalls and 50th Anniversary Special Attractions,https://www.sharesansar.com/newsdetail/nada-auto-show-2026-to-feature-200-stalls-and-50th-anniversary-special-attractions-2026-08-18,"Tuesday, August 18, 2026",2026-08-19 04:51:51,"The 18th edition of the NADA Auto Show 2026 is set to take place at Bhrikutimandap, Kathmandu, from Bhadra 9 to 14 as a special Golden Jubilee Edition marking the 50th anniversary of the NADA Automobiles Association of Nepal. The six-day exhibition is presented by HP Lubricants as the title sponsor and aims to showcase the latest developments, products and technologies shaping Nepal’s automobile and mobility industry.

Spread across around 300,000 square feet, the expo will feature more than 200 stalls, including 23 passenger vehicle brands, 17 light commercial vehicle brands, 13 two-wheeler brands, 10 financial and insurance service providers, and around 70 automotive parts, accessories, tyre, lubricant and garage-equipment exhibitors.

Major attractions will include new vehicle launches, the G1 Humanoid Robot and Go2 Quadruped Robot, a Made in Nepal/Made for Nepal Pavilion, and symposiums focusing on smart mobility, sustainable automotive development and connectivity. The event will also provide dedicated zones for vehicles, two-wheelers, financial services and automotive components.

Visitors will have access to advance ticket booking through Khalti, parking facilities, traffic information, medical and emergency services, CCTV surveillance, fire safety arrangements, media facilities, cafeterias and wheelchair-friendly infrastructure. NADA expects around 200,000 visitors during the six-day event."
20260819SS007,Sharesansar,Unveiling Q4 2082/83: A Comprehensive Analysis of Leading Commercial Banks and Key Financial Insights,https://www.sharesansar.com/newsdetail/unveiling-q4-208283-a-comprehensive-analysis-of-leading-commercial-banks-and-key-financial-insights-2026-08-18,"Tuesday, August 18, 2026",2026-08-19 04:51:51,"All 20 commercial banks have unveiled their financial reports for the fourth quarter of FY 2082/83, offering a fresh look into their performance during the twelve months. The disclosures present a deeper understanding of their profitability, capital strength, and overall business growth. This summary captures the major highlights and evolving trends in net earnings, capital adequacy ratios, and other essential financial indicators.

In Q4 FY 2082/83, Nabil Bank Limited (NABIL) led Nepal’s commercial banks with the highest net profit of Rs. 7.90 Arba, followed by Kumari Bank Limited (KBL) with Rs. 7.38 Arba and Global IME Bank Limited (GBIME) with Rs. 6.22 Arba. Nabil Bank’s profit increased by 33.45% compared to Rs. 5.92 Arba in the corresponding period of the previous fiscal year.

Himalayan Bank Limited (HBL) recorded the highest profit growth among the commercial banks, with a staggering 1133.33% increase, rising to Rs. 1.48 Arba from Rs. 0.12 Arba. Kumari Bank Limited followed with a strong 307.73% growth, while Citizens Bank International Limited (CZBIL) posted a 63.28% increase.

On the other hand, Prabhu Bank Limited (PRVU) recorded the sharpest decline in net profit, dropping by 127.59% to a loss of Rs. 0.24 Arba from a profit of Rs. 0.87 Arba. Similarly, NIC Asia Bank Limited (NICA) saw its net profit decline by 104.65% year-on-year, reporting a profit of Rs. 0.18 Arba compared to a loss of Rs. 3.87 Arba in the previous year.

Global IME Bank Limited (GBIME) holds the highest paid-up capital at Rs. 38.12 Arba, followed by Nepal Investment Mega Bank Limited (NIMB) at Rs. 34.13 Arba, and Nabil Bank Limited (NABIL) at Rs. 32.05 Arba. Laxmi Sunrise Bank Limited (LSL) and Kumari Bank Limited (KBL) follow with Rs. 26.78 Arba and Rs. 26.23 Arba, respectively.

Standard Chartered Bank Nepal Limited (SCB) has the lowest paid-up capital at Rs. 10.04 Arba, followed by Nepal SBI Bank Limited (SBI) at Rs. 11.33 Arba and Everest Bank Limited (EBL) at Rs. 13.72 Arba. The combined paid-up capital of the 20 commercial banks stands at Rs. 411.17 Arba, with an average of Rs. 20.56 Arba.

The combined reserve and surplus of all commercial banks totaled Rs. 394.27 Arba, with the industry average standing at Rs. 19.71 Arba. Rastriya Banijya Bank Limited (RBBL) led with Rs. 40.44 Arba, followed by Nabil Bank Limited (NABIL) at Rs. 39.84 Arba and Nepal Investment Mega Bank Limited (NIMB) at Rs. 33.35 Arba.

Global IME Bank Limited (GBIME) ranked fourth with Rs. 31.95 Arba, while Nepal Bank Limited (NBL) stood fifth with Rs. 27.57 Arba. Machhapuchchhre Bank Limited (MBL) recorded the lowest reserve and surplus at Rs. 8.44 Arba, followed by Citizens Bank International Limited (CZBIL) at Rs. 9.38 Arba and Prabhu Bank Limited (PRVU) at Rs. 9.63 Arba.

Collectively, commercial banks gathered Rs. 7405.06 Arba in customer deposits, with seven banks surpassing the industry average of Rs. 370.25 Arba. Rastriya Banijya Bank Limited (RBBL) led with Rs. 686.14 Arba, followed by Global IME Bank Limited (GBIME) at Rs. 669.17 Arba and Nabil Bank Limited (NABIL) at Rs. 592.56 Arba.

Standard Chartered Bank Nepal Limited (SCB) recorded the lowest customer deposits at Rs. 147.68 Arba, followed by Nepal SBI Bank Limited (SBI) at Rs. 212.83 Arba and Machhapuchchhre Bank Limited (MBL) at Rs. 220.50 Arba.

Nabil Bank Limited (NABIL) topped the list in loans and advances with Rs. 460.32 Arba, followed by Global IME Bank Limited (GBIME) with Rs. 439.35 Arba and Rastriya Banijya Bank Limited (RBBL) with Rs. 332.08 Arba. Nepal Investment Mega Bank Limited (NIMB) ranked fourth with Rs. 321.34 Arba.

Standard Chartered Bank Nepal Limited (SCB) had the smallest loan portfolio at Rs. 66.03 Arba, followed by Nepal SBI Bank Limited (SBI) at Rs. 146.08 Arba. The industry average loan disbursement stood at Rs. 247.17 Arba, with seven banks exceeding this average.

Net interest income, a key indicator of core banking earnings, was highest at Nabil Bank Limited (NABIL), which recorded Rs. 17.00 Arba, followed by Global IME Bank Limited (GBIME) at Rs. 16.20 Arba. Nepal Investment Mega Bank Limited (NIMB) ranked third with Rs. 12.98 Arba.

Banks recorded a total impairment charge of Rs. 37.30 Arba, reflecting provisions made for potential loan losses and credit-related risks. Nepal Investment Mega Bank Limited (NIMB) posted the highest impairment charge at Rs. 6.19 Arba, followed by Prabhu Bank Limited (PRVU) at Rs. 4.94 Arba and Global IME Bank Limited (GBIME) at Rs. 4.78 Arba.

Everest Bank Limited (EBL) posted the highest annualized EPS at Rs. 36.95, followed by Nepal Bank Limited (NBL) at Rs. 30.63 and Rastriya Banijya Bank Limited (RBBL) at Rs. 29.14. Standard Chartered Bank Nepal Limited (SCB) ranked fourth with an EPS of Rs. 28.38, while Kumari Bank Limited (KBL) recorded Rs. 28.17.

The industry average EPS stood at Rs. 18.64, with ten banks above this benchmark. Prabhu Bank Limited (PRVU) posted the lowest EPS at a negative Rs. 1.02, followed by NIC Asia Bank Limited (NICA) at Rs. 1.22 and Himalayan Bank Limited (HBL) at Rs. 6.56.

Everest Bank Limited (EBL) reported the highest distributable profit per share at Rs. 38.32, followed by Sanima Bank Limited at Rs. 20.85 and Nabil Bank Limited (NABIL) at Rs. 19.10. Standard Chartered Bank Nepal Limited (SCB) ranked fourth at Rs. 19.04.

Four banks reported negative distributable profit per share, with NIC Asia Bank Limited (NICA) recording the lowest at negative Rs. 99.65, followed by Himalayan Bank Limited (HBL) at negative Rs. 43.58 and Prabhu Bank Limited (PRVU) at negative Rs. 26.82.

Rastriya Banijya Bank Limited (RBBL) reported the highest net worth per share at Rs. 358.68, followed by Nepal Bank Limited (NBL) at Rs. 287.70 and Everest Bank Limited (EBL) at Rs. 256.47. Nabil Bank Limited (NABIL) ranked fourth with Rs. 247.28, while Agricultural Development Bank Limited (ADBL) stood fifth at Rs. 233.99.

Prabhu Bank Limited (PRVU) recorded the lowest net worth per share at Rs. 140.92, followed by Citizens Bank International Limited (CZBIL) at Rs. 160.51. The industry average stood at Rs. 206.32.

Kumari Bank Limited (KBL) had the lowest P/E ratio at 7.46 times, followed by Nepal Bank Limited (NBL) at 8.54 times and Prime Commercial Bank Limited (PCBL) at 12.22 times. NIC Asia Bank Limited (NICA) recorded the highest P/E ratio at 266.90 times. This reflects quarter-end ratios, and current ratios may vary with recent stock prices.

Standard Chartered Bank Nepal Limited (SCB) reported the highest Capital Adequacy Ratio (CAR) at 18.13%, followed by Nepal SBI Bank Limited (SBI) at 13.74% and Nepal Bank Limited (NBL) at 13.66%. NIC Asia Bank Limited (NICA) reported the lowest CAR at 11.10%, while the industry average stood at 12.85%. This ratio indicates a bank’s capital position in relation to its risk-weighted assets.

Everest Bank Limited (EBL) had the lowest NPL at 0.49%, while Prabhu Bank Limited (PRVU) reported the highest NPL at 15.55%. The industry average NPL stood at 5.44%.

Kumari Bank Limited (KBL) recorded the highest ROA at 16.49%, while Kumari Bank Limited (KBL) also reported the highest ROE at 1.51%. Everest Bank Limited (EBL) followed with an ROA of 14.41% and ROE of 1.32%.

- Costof Funds:Nepal SBI Bank Limited (SBI) reported the highest cost of funds at 4.06%, while Standard Chartered Bank Nepal Limited (SCB) had the lowest at 2.53%.

-CD Ratio:Prime Commercial Bank Limited (PCBL) recorded the highest CD ratio at 83.36%, followed by NMB Bank Limited (NMB) at 82.77%. Standard Chartered Bank Nepal Limited (SCB) had the lowest CD ratio at 47.24%.

-Base Rate:NIC Asia Bank Limited (NICA) had the highest base rate at 5.83%, while Rastriya Banijya Bank Limited (RBBL) reported the lowest at 4.20%.

-Interest Spread:Everest Bank Limited (EBL) recorded the highest interest spread at 4.31%, followed by Standard Chartered Bank Nepal Limited (SCB) at 3.77%. Himalayan Bank Limited (HBL) had the lowest spread at 2.83%."
20260819SS008,Sharesansar,Gemini Recycle to Issue 10 Lakhs IPO Shares at NPR 190 (NPR 90 Premium),https://www.sharesansar.com/newsdetail/gemini-recycle-to-issue-10-lakhs-ipo-shares-at-npr-190-npr-90-premium-2026-08-18,"Tuesday, August 18, 2026",2026-08-19 04:51:52,"Gemini Recycle Nepal Limited has begun the process of issuing an initial public offering (IPO). During its special general meeting in Morang, the company approved a plan to offer 1 million shares representing 20 percent of its total issue capital of NPR 500 million to the general public. It also set the promoter share price at NPR 190 per share, which includes a face value of NPR 100 plus an NPR 90 premium.

Currently recycling old batteries, metals, and plastics for export primarily to India, the company plans to introduce technology to recycle electric vehicle (EV) batteries within Nepal to address upcoming battery waste. Led by business figure Diwakar Rathi alongside board members Aakash Golchha and Wil Kishor Menyangbo, Gemini Recycle is backed by major institutional investors. The company also aims to partner with public and private sectors to run waste collection via a mobile app."
20260819SS009,Sharesansar,"Xiaomi Launches Redmi 17 Series in Nepal with 7,500mAh Battery and 120Hz Display",https://www.sharesansar.com/newsdetail/xiaomi-launches-redmi-17-series-in-nepal-with-7500mah-battery-and-120hz-display-2026-08-18,"Tuesday, August 18, 2026",2026-08-19 04:51:52,"Xiaomi has launched the Redmi 17 and Redmi 17 5G in Nepal, focusing on long battery life, smooth performance, and everyday durability. Both models feature a 7,500mAh battery, 45W turbo charging, 22.5W reverse charging, and a 6.9-inch 120Hz HD display.

The Redmi 17 is powered by the MediaTek Helio G91-Ultra, while the 5G variant uses the Snapdragon 4 Gen 5 platform. Both offer up to 12GB RAM with Memory Extension, a 50MP AI dual camera, 8MP selfie camera, stereo speakers, NFC, and IP64 protection.

The Redmi 17 starts at NPR 27,999, while the Redmi 17 5G starts at NPR 33,999, with higher storage variants priced up to NPR 41,999."
20260819SS010,Sharesansar,Indian Army Chief Meets Nepal’s Prime Minister Balendra Shah at Singha Durbar,https://www.sharesansar.com/newsdetail/indian-army-chief-meets-nepals-prime-minister-balendra-shah-at-singha-durbar-2026-08-18,"Tuesday, August 18, 2026",2026-08-19 04:51:52,"Indian Army Chief General Dhiraj Seth paid a courtesy visit to Nepal's Prime Minister and Defense Minister Balendra Shah at the Prime Minister's Office in Singha Durbar, Kathmandu. The meeting included India's Ambassador to Nepal, Naveen Srivastava, and was confirmed by the Prime Minister's press expert, Deepa Dahal.

General Seth is on a four day official visit to Nepal with a five member delegation, including his spouse, Komal Seth, at the invitation of Nepal's Chief of Army Staff, General Ashok Raj Sigdel. During the visit, President Ramchandra Paudel conferred the honorary rank of General of the Nepali Army upon General Seth at Rastrapati Bhawan, continuing a reciprocal tradition between the two nations that dates back to 1950.

Additionally, General Seth held bilateral talks with General Sigdel to strengthen military relations, handed over medical and military equipment to the Nepali Army, and offered prayers at the Pashupatinath Temple. General Seth completes his visit and returns to India on Wednesday."
